2025-07-25 16:05:38,395 INFO com.leroy.inventorymanagementfx.InventoryApplication [main] Inventory Management Application starting up
2025-07-25 16:05:38,552 INFO com.leroy.inventorymanagementfx.InventoryApplication [JavaFX Application Thread] Starting Inventory Management Application
2025-07-25 16:05:38,570 DEBUG com.leroy.inventorymanagementfx.security.UserSession [JavaFX Application Thread] No existing session file found at user_session.properties
2025-07-25 16:05:38,570 WARN com.leroy.inventorymanagementfx.InventoryApplication [JavaFX Application Thread] User ID is 0. WebSocket notifications may not work correctly until a user logs in.
2025-07-25 16:05:38,670 INFO com.leroy.inventorymanagementfx.service.NotificationStompClient [JavaFX Application Thread] Attempting to connect STOMP client to: ws://localhost:8080/ws-notifications
2025-07-25 16:05:38,672 DEBUG com.leroy.inventorymanagementfx.InventoryApplication [JavaFX Application Thread] Loading main FXML file
2025-07-25 16:05:39,297 INFO com.leroy.inventorymanagementfx.controller.MainController [JavaFX Application Thread] MainController initialized. User Role: null
2025-07-25 16:05:39,402 INFO com.leroy.inventorymanagementfx.controller.MainController [JavaFX Application Thread] NotificationStompClient set in MainController.
2025-07-25 16:05:39,402 WARN com.leroy.inventorymanagementfx.controller.MainController [JavaFX Application Thread] NotificationStompClient set, but topbar not yet loaded. Binding will occur when topbar is available.
2025-07-25 16:05:40,037 INFO com.leroy.inventorymanagementfx.controller.MainController [JavaFX Application Thread] Successfully loaded view: common-login
2025-07-25 16:05:40,063 INFO com.leroy.inventorymanagementfx.InventoryApplication [JavaFX Application Thread] Application icon set successfully from: file:/C:/Users/Evans%20Kojo%20Aidoo/Desktop/JavaProjectOriginal/InventoryManagementFx/build/resources/main/static/images/inventoryfxico.ico
2025-07-25 16:05:40,783 INFO com.leroy.inventorymanagementfx.InventoryApplication [JavaFX Application Thread] Application UI initialized successfully
2025-07-25 16:05:41,162 INFO com.leroy.inventorymanagementfx.InventoryApplication [JavaFX Application Thread] Application added to System Tray.
2025-07-25 16:06:08,819 ERROR com.leroy.inventorymanagementfx.service.NotificationStompClient [Thread-3] Failed to connect STOMP client
java.util.concurrent.ExecutionException: org.glassfish.tyrus.client.exception.DeploymentHandshakeException: Handshake error.
	at java.base/java.util.concurrent.CompletableFuture.wrapInExecutionException(CompletableFuture.java:347) ~[?:?]
	at java.base/java.util.concurrent.CompletableFuture.reportGet(CompletableFuture.java:442) ~[?:?]
	at java.base/java.util.concurrent.CompletableFuture.get(CompletableFuture.java:2119) ~[?:?]
	at com.leroy.inventorymanagementfx.service.NotificationStompClient.lambda$connect$0(NotificationStompClient.java:102) [main/:?]
	at java.base/java.lang.Thread.run(Thread.java:1447) [?:?]
Caused by: org.glassfish.tyrus.client.exception.DeploymentHandshakeException: Handshake error.
	at org.glassfish.tyrus.client.exception.Exceptions.deploymentException(Exceptions.java:38) ~[tyrus-client-2.2.0.jar:?]
	at org.glassfish.tyrus.client.ClientManager$3$1.run(ClientManager.java:622) ~[tyrus-client-2.2.0.jar:?]
	at org.glassfish.tyrus.client.ClientManager$3.run(ClientManager.java:657) ~[tyrus-client-2.2.0.jar:?]
	at java.base/java.util.concurrent.Executors$RunnableAdapter.call(Executors.java:545) ~[?:?]
	at java.base/java.util.concurrent.FutureTask.run(FutureTask.java:328) ~[?:?]
	at org.glassfish.tyrus.client.ClientManager$SameThreadExecutorService.execute(ClientManager.java:810) ~[tyrus-client-2.2.0.jar:?]
	at java.base/java.util.concurrent.AbstractExecutorService.submit(AbstractExecutorService.java:124) ~[?:?]
	at org.glassfish.tyrus.client.ClientManager.connectToServer(ClientManager.java:460) ~[tyrus-client-2.2.0.jar:?]
	at org.glassfish.tyrus.client.ClientManager.lambda$connectToServer$2(ClientManager.java:313) ~[tyrus-client-2.2.0.jar:?]
	at org.glassfish.tyrus.client.ClientManager.tryCatchInterruptedExecutionEx(ClientManager.java:324) ~[tyrus-client-2.2.0.jar:?]
	at org.glassfish.tyrus.client.ClientManager.connectToServer(ClientManager.java:313) ~[tyrus-client-2.2.0.jar:?]
	at org.springframework.web.socket.client.standard.StandardWebSocketClient.lambda$executeInternal$0(StandardWebSocketClient.java:175) ~[spring-websocket-6.2.8.jar:6.2.8]
	at org.springframework.util.concurrent.FutureUtils.lambda$toSupplier$0(FutureUtils.java:74) ~[spring-core-6.2.8.jar:6.2.8]
	at java.base/java.util.concurrent.CompletableFuture$AsyncSupply.run(CompletableFuture.java:1814) ~[?:?]
	... 1 more
Caused by: org.glassfish.tyrus.client.auth.AuthenticationException: Authentication failed.
	at org.glassfish.tyrus.client.TyrusClientEngine.handleAuth(TyrusClientEngine.java:366) ~[tyrus-client-2.2.0.jar:?]
	at org.glassfish.tyrus.client.TyrusClientEngine.processResponse(TyrusClientEngine.java:270) ~[tyrus-client-2.2.0.jar:?]
	at org.glassfish.tyrus.container.grizzly.client.GrizzlyClientFilter.handleHandshake(GrizzlyClientFilter.java:323) ~[tyrus-container-grizzly-client-2.2.0.jar:?]
	at org.glassfish.tyrus.container.grizzly.client.GrizzlyClientFilter.handleRead(GrizzlyClientFilter.java:292) ~[tyrus-container-grizzly-client-2.2.0.jar:?]
	at org.glassfish.grizzly.filterchain.ExecutorResolver$9.execute(ExecutorResolver.java:88) ~[grizzly-framework-4.0.2.jar:4.0.2]
	at org.glassfish.grizzly.filterchain.DefaultFilterChain.executeFilter(DefaultFilterChain.java:246) ~[grizzly-framework-4.0.2.jar:4.0.2]
	at org.glassfish.grizzly.filterchain.DefaultFilterChain.executeChainPart(DefaultFilterChain.java:178) ~[grizzly-framework-4.0.2.jar:4.0.2]
	at org.glassfish.grizzly.filterchain.DefaultFilterChain.execute(DefaultFilterChain.java:118) ~[grizzly-framework-4.0.2.jar:4.0.2]
	at org.glassfish.grizzly.filterchain.DefaultFilterChain.process(DefaultFilterChain.java:96) ~[grizzly-framework-4.0.2.jar:4.0.2]
	at org.glassfish.grizzly.ProcessorExecutor.execute(ProcessorExecutor.java:51) ~[grizzly-framework-4.0.2.jar:4.0.2]
	at org.glassfish.grizzly.nio.transport.TCPNIOTransport.fireIOEvent(TCPNIOTransport.java:510) ~[grizzly-framework-4.0.2.jar:4.0.2]
	at org.glassfish.grizzly.strategies.AbstractIOStrategy.fireIOEvent(AbstractIOStrategy.java:82) ~[grizzly-framework-4.0.2.jar:4.0.2]
	at org.glassfish.grizzly.strategies.WorkerThreadIOStrategy.run0(WorkerThreadIOStrategy.java:83) ~[grizzly-framework-4.0.2.jar:4.0.2]
	at org.glassfish.grizzly.strategies.WorkerThreadIOStrategy$WorkerThreadRunnable.run(WorkerThreadIOStrategy.java:101) ~[grizzly-framework-4.0.2.jar:4.0.2]
	at org.glassfish.grizzly.threadpool.AbstractThreadPool$Worker.doWork(AbstractThreadPool.java:535) ~[grizzly-framework-4.0.2.jar:4.0.2]
	at org.glassfish.grizzly.threadpool.AbstractThreadPool$Worker.run(AbstractThreadPool.java:515) ~[grizzly-framework-4.0.2.jar:4.0.2]
	... 1 more
2025-07-25 16:06:08,819 ERROR com.leroy.inventorymanagementfx.service.NotificationStompClient [SimpleAsyncTaskExecutor-1] STOMP Transport Error: org.glassfish.tyrus.client.exception.DeploymentHandshakeException: Handshake error.
java.util.concurrent.CompletionException: org.glassfish.tyrus.client.exception.DeploymentHandshakeException: Handshake error.
	at org.springframework.util.concurrent.FutureUtils.lambda$toSupplier$0(FutureUtils.java:78) [spring-core-6.2.8.jar:6.2.8]
	at java.base/java.util.concurrent.CompletableFuture$AsyncSupply.run(CompletableFuture.java:1814) [?:?]
	at java.base/java.lang.Thread.run(Thread.java:1447) [?:?]
Caused by: org.glassfish.tyrus.client.exception.DeploymentHandshakeException: Handshake error.
	at org.glassfish.tyrus.client.exception.Exceptions.deploymentException(Exceptions.java:38) ~[tyrus-client-2.2.0.jar:?]
	at org.glassfish.tyrus.client.ClientManager$3$1.run(ClientManager.java:622) ~[tyrus-client-2.2.0.jar:?]
	at org.glassfish.tyrus.client.ClientManager$3.run(ClientManager.java:657) ~[tyrus-client-2.2.0.jar:?]
	at java.base/java.util.concurrent.Executors$RunnableAdapter.call(Executors.java:545) ~[?:?]
	at java.base/java.util.concurrent.FutureTask.run(FutureTask.java:328) ~[?:?]
	at org.glassfish.tyrus.client.ClientManager$SameThreadExecutorService.execute(ClientManager.java:810) ~[tyrus-client-2.2.0.jar:?]
	at java.base/java.util.concurrent.AbstractExecutorService.submit(AbstractExecutorService.java:124) ~[?:?]
	at org.glassfish.tyrus.client.ClientManager.connectToServer(ClientManager.java:460) ~[tyrus-client-2.2.0.jar:?]
	at org.glassfish.tyrus.client.ClientManager.lambda$connectToServer$2(ClientManager.java:313) ~[tyrus-client-2.2.0.jar:?]
	at org.glassfish.tyrus.client.ClientManager.tryCatchInterruptedExecutionEx(ClientManager.java:324) ~[tyrus-client-2.2.0.jar:?]
	at org.glassfish.tyrus.client.ClientManager.connectToServer(ClientManager.java:313) ~[tyrus-client-2.2.0.jar:?]
	at org.springframework.web.socket.client.standard.StandardWebSocketClient.lambda$executeInternal$0(StandardWebSocketClient.java:175) ~[spring-websocket-6.2.8.jar:6.2.8]
	at org.springframework.util.concurrent.FutureUtils.lambda$toSupplier$0(FutureUtils.java:74) ~[spring-core-6.2.8.jar:6.2.8]
	... 2 more
Caused by: org.glassfish.tyrus.client.auth.AuthenticationException: Authentication failed.
	at org.glassfish.tyrus.client.TyrusClientEngine.handleAuth(TyrusClientEngine.java:366) ~[tyrus-client-2.2.0.jar:?]
	at org.glassfish.tyrus.client.TyrusClientEngine.processResponse(TyrusClientEngine.java:270) ~[tyrus-client-2.2.0.jar:?]
	at org.glassfish.tyrus.container.grizzly.client.GrizzlyClientFilter.handleHandshake(GrizzlyClientFilter.java:323) ~[tyrus-container-grizzly-client-2.2.0.jar:?]
	at org.glassfish.tyrus.container.grizzly.client.GrizzlyClientFilter.handleRead(GrizzlyClientFilter.java:292) ~[tyrus-container-grizzly-client-2.2.0.jar:?]
	at org.glassfish.grizzly.filterchain.ExecutorResolver$9.execute(ExecutorResolver.java:88) ~[grizzly-framework-4.0.2.jar:4.0.2]
	at org.glassfish.grizzly.filterchain.DefaultFilterChain.executeFilter(DefaultFilterChain.java:246) ~[grizzly-framework-4.0.2.jar:4.0.2]
	at org.glassfish.grizzly.filterchain.DefaultFilterChain.executeChainPart(DefaultFilterChain.java:178) ~[grizzly-framework-4.0.2.jar:4.0.2]
	at org.glassfish.grizzly.filterchain.DefaultFilterChain.execute(DefaultFilterChain.java:118) ~[grizzly-framework-4.0.2.jar:4.0.2]
	at org.glassfish.grizzly.filterchain.DefaultFilterChain.process(DefaultFilterChain.java:96) ~[grizzly-framework-4.0.2.jar:4.0.2]
	at org.glassfish.grizzly.ProcessorExecutor.execute(ProcessorExecutor.java:51) ~[grizzly-framework-4.0.2.jar:4.0.2]
	at org.glassfish.grizzly.nio.transport.TCPNIOTransport.fireIOEvent(TCPNIOTransport.java:510) ~[grizzly-framework-4.0.2.jar:4.0.2]
	at org.glassfish.grizzly.strategies.AbstractIOStrategy.fireIOEvent(AbstractIOStrategy.java:82) ~[grizzly-framework-4.0.2.jar:4.0.2]
	at org.glassfish.grizzly.strategies.WorkerThreadIOStrategy.run0(WorkerThreadIOStrategy.java:83) ~[grizzly-framework-4.0.2.jar:4.0.2]
	at org.glassfish.grizzly.strategies.WorkerThreadIOStrategy$WorkerThreadRunnable.run(WorkerThreadIOStrategy.java:101) ~[grizzly-framework-4.0.2.jar:4.0.2]
	at org.glassfish.grizzly.threadpool.AbstractThreadPool$Worker.doWork(AbstractThreadPool.java:535) ~[grizzly-framework-4.0.2.jar:4.0.2]
	at org.glassfish.grizzly.threadpool.AbstractThreadPool$Worker.run(AbstractThreadPool.java:515) ~[grizzly-framework-4.0.2.jar:4.0.2]
	... 1 more
2025-07-25 16:06:15,848 INFO com.leroy.inventorymanagementfx.service.AuthService [JavaFX Application Thread] Sending login request for email: estherkorankye132@gmail.com
2025-07-25 16:06:47,064 WARN com.leroy.inventorymanagementfx.service.AuthService [ForkJoinPool.commonPool-worker-1] Standard Login failed. Status: 401, Body: {"message":"Invalid credentials"}
2025-07-25 16:06:55,770 INFO com.leroy.inventorymanagementfx.service.AuthService [JavaFX Application Thread] Sending login request for email: estherkorankye132@gmail.com
2025-07-25 16:06:56,642 INFO com.leroy.inventorymanagementfx.service.AuthService [ForkJoinPool.commonPool-worker-1] Standard Login successful. Session initialized: ID=1, Name=Esther, Role=ADMIN
2025-07-25 16:06:56,656 DEBUG com.leroy.inventorymanagementfx.security.UserSession [JavaFX Application Thread] Session data saved to user_session.properties
2025-07-25 16:06:56,658 INFO com.leroy.inventorymanagementfx.security.UserSession [JavaFX Application Thread] Session initialized for user Esther (ID: 1, Role: ADMIN)
2025-07-25 16:06:56,663 DEBUG com.leroy.inventorymanagementfx.controller.MainController [JavaFX Application Thread] Adding current page common-login to back stack
2025-07-25 16:06:56,714 INFO com.leroy.inventorymanagementfx.controller.MainController [JavaFX Application Thread] Successfully loaded view: admin-dashboard
2025-07-25 16:06:56,902 DEBUG com.leroy.inventorymanagementfx.security.UserSession [JavaFX Application Thread] Session data saved to user_session.properties
2025-07-25 16:06:56,902 INFO com.leroy.inventorymanagementfx.security.UserSession [JavaFX Application Thread] Session initialized for user Esther (ID: 1, Role: ADMIN)
2025-07-25 16:06:57,046 INFO com.leroy.inventorymanagementfx.controller.MainController [JavaFX Application Thread] Topbar notification count bound successfully to NotificationStompClient.
2025-07-25 16:09:19,340 DEBUG com.leroy.inventorymanagementfx.controller.MainController [JavaFX Application Thread] Adding current page admin-dashboard to back stack
2025-07-25 16:09:19,820 INFO com.leroy.inventorymanagementfx.controller.MainController [JavaFX Application Thread] Successfully loaded view: admin-create-storekeeper
2025-07-25 16:09:21,386 DEBUG com.leroy.inventorymanagementfx.controller.MainController [JavaFX Application Thread] Adding current page admin-create-storekeeper to back stack
2025-07-25 16:09:21,417 INFO com.leroy.inventorymanagementfx.controller.MainController [JavaFX Application Thread] Successfully loaded view: admin-create-department
2025-07-25 16:10:04,607 INFO com.leroy.inventorymanagementfx.InventoryApplication [main] Inventory Management Application starting up
2025-07-25 16:10:04,731 INFO com.leroy.inventorymanagementfx.InventoryApplication [JavaFX Application Thread] Starting Inventory Management Application
2025-07-25 16:10:04,751 DEBUG com.leroy.inventorymanagementfx.security.UserSession [JavaFX Application Thread] No existing session file found at user_session.properties
2025-07-25 16:10:04,751 WARN com.leroy.inventorymanagementfx.InventoryApplication [JavaFX Application Thread] User ID is 0. WebSocket notifications may not work correctly until a user logs in.
2025-07-25 16:10:04,838 INFO com.leroy.inventorymanagementfx.service.NotificationStompClient [JavaFX Application Thread] Attempting to connect STOMP client to: ws://localhost:8080/ws-notifications
2025-07-25 16:10:04,840 DEBUG com.leroy.inventorymanagementfx.InventoryApplication [JavaFX Application Thread] Loading main FXML file
2025-07-25 16:10:06,155 INFO com.leroy.inventorymanagementfx.controller.MainController [JavaFX Application Thread] MainController initialized. User Role: null
2025-07-25 16:10:06,346 INFO com.leroy.inventorymanagementfx.controller.MainController [JavaFX Application Thread] NotificationStompClient set in MainController.
2025-07-25 16:10:06,347 WARN com.leroy.inventorymanagementfx.controller.MainController [JavaFX Application Thread] NotificationStompClient set, but topbar not yet loaded. Binding will occur when topbar is available.
2025-07-25 16:10:07,418 INFO com.leroy.inventorymanagementfx.controller.MainController [JavaFX Application Thread] Successfully loaded view: common-login
2025-07-25 16:10:07,481 INFO com.leroy.inventorymanagementfx.InventoryApplication [JavaFX Application Thread] Application icon set successfully from: file:/C:/Users/Evans%20Kojo%20Aidoo/Desktop/JavaProjectOriginal/InventoryManagementFx/build/resources/main/static/images/inventoryfxico.ico
2025-07-25 16:10:09,099 INFO com.leroy.inventorymanagementfx.InventoryApplication [JavaFX Application Thread] Application UI initialized successfully
2025-07-25 16:10:09,601 INFO com.leroy.inventorymanagementfx.InventoryApplication [JavaFX Application Thread] Application added to System Tray.
2025-07-25 16:10:09,624 INFO com.leroy.inventorymanagementfx.service.NotificationStompClient [Grizzly(1)] STOMP Connected to: 22c6c2c2-fc44-271e-a117-225203b87ec2
2025-07-25 16:10:09,628 INFO com.leroy.inventorymanagementfx.service.NotificationStompClient [Grizzly(1)] Subscribing to STOMP topic: /topic/notifications/user-0
2025-07-25 16:14:48,725 INFO com.leroy.inventorymanagementfx.InventoryApplication [main] Inventory Management Application starting up
2025-07-25 16:14:48,868 INFO com.leroy.inventorymanagementfx.InventoryApplication [JavaFX Application Thread] Starting Inventory Management Application
2025-07-25 16:14:48,922 INFO com.leroy.inventorymanagementfx.security.UserSession [JavaFX Application Thread] Loaded existing session for user Esther (ID: 1, Role: ADMIN)
2025-07-25 16:14:48,986 INFO com.leroy.inventorymanagementfx.service.NotificationStompClient [JavaFX Application Thread] Attempting to connect STOMP client to: ws://localhost:8080/ws-notifications
2025-07-25 16:14:48,986 DEBUG com.leroy.inventorymanagementfx.InventoryApplication [JavaFX Application Thread] Loading main FXML file
2025-07-25 16:14:49,555 INFO com.leroy.inventorymanagementfx.controller.MainController [JavaFX Application Thread] MainController initialized. User Role: ADMIN
2025-07-25 16:14:49,659 INFO com.leroy.inventorymanagementfx.controller.MainController [JavaFX Application Thread] NotificationStompClient set in MainController.
2025-07-25 16:14:49,660 WARN com.leroy.inventorymanagementfx.controller.MainController [JavaFX Application Thread] NotificationStompClient set, but topbar not yet loaded. Binding will occur when topbar is available.
2025-07-25 16:14:50,461 INFO com.leroy.inventorymanagementfx.service.NotificationStompClient [Grizzly(2)] STOMP Connected to: 54453e19-801c-ecb5-15f6-ff77d2653722
2025-07-25 16:14:50,462 INFO com.leroy.inventorymanagementfx.controller.MainController [JavaFX Application Thread] Successfully loaded view: admin-dashboard
2025-07-25 16:14:50,463 INFO com.leroy.inventorymanagementfx.service.NotificationStompClient [Grizzly(2)] Subscribing to STOMP topic: /topic/notifications/user-1
2025-07-25 16:14:50,475 INFO com.leroy.inventorymanagementfx.InventoryApplication [JavaFX Application Thread] Application icon set successfully from: file:/C:/Users/Evans%20Kojo%20Aidoo/Desktop/JavaProjectOriginal/InventoryManagementFx/build/resources/main/static/images/inventoryfxico.ico
2025-07-25 16:14:50,926 INFO com.leroy.inventorymanagementfx.InventoryApplication [JavaFX Application Thread] Application UI initialized successfully
2025-07-25 16:14:51,254 INFO com.leroy.inventorymanagementfx.InventoryApplication [JavaFX Application Thread] Application added to System Tray.
2025-07-25 16:14:51,312 INFO com.leroy.inventorymanagementfx.controller.MainController [JavaFX Application Thread] Topbar notification count bound successfully to NotificationStompClient.
2025-07-25 16:18:26,433 INFO com.leroy.inventorymanagementfx.InventoryApplication [main] Inventory Management Application starting up
2025-07-25 16:18:26,556 INFO com.leroy.inventorymanagementfx.InventoryApplication [JavaFX Application Thread] Starting Inventory Management Application
2025-07-25 16:18:26,576 INFO com.leroy.inventorymanagementfx.security.UserSession [JavaFX Application Thread] Loaded existing session for user Esther (ID: 1, Role: ADMIN)
2025-07-25 16:18:26,624 INFO com.leroy.inventorymanagementfx.service.NotificationStompClient [JavaFX Application Thread] Attempting to connect STOMP client to: ws://localhost:8080/ws-notifications
2025-07-25 16:18:26,625 DEBUG com.leroy.inventorymanagementfx.InventoryApplication [JavaFX Application Thread] Loading main FXML file
2025-07-25 16:18:27,277 INFO com.leroy.inventorymanagementfx.controller.MainController [JavaFX Application Thread] MainController initialized. User Role: ADMIN
2025-07-25 16:18:27,366 INFO com.leroy.inventorymanagementfx.controller.MainController [JavaFX Application Thread] NotificationStompClient set in MainController.
2025-07-25 16:18:27,366 WARN com.leroy.inventorymanagementfx.controller.MainController [JavaFX Application Thread] NotificationStompClient set, but topbar not yet loaded. Binding will occur when topbar is available.
2025-07-25 16:18:27,833 INFO com.leroy.inventorymanagementfx.service.NotificationStompClient [Grizzly(2)] STOMP Connected to: bfeac7a7-f8dd-d486-306e-8d05d8823a44
2025-07-25 16:18:27,835 INFO com.leroy.inventorymanagementfx.service.NotificationStompClient [Grizzly(2)] Subscribing to STOMP topic: /topic/notifications/user-1
2025-07-25 16:18:28,053 INFO com.leroy.inventorymanagementfx.controller.MainController [JavaFX Application Thread] Successfully loaded view: admin-dashboard
2025-07-25 16:18:28,062 INFO com.leroy.inventorymanagementfx.InventoryApplication [JavaFX Application Thread] Application icon set successfully from: file:/C:/Users/Evans%20Kojo%20Aidoo/Desktop/JavaProjectOriginal/InventoryManagementFx/build/resources/main/static/images/inventoryfxico.ico
2025-07-25 16:18:28,593 INFO com.leroy.inventorymanagementfx.InventoryApplication [JavaFX Application Thread] Application UI initialized successfully
2025-07-25 16:18:28,897 INFO com.leroy.inventorymanagementfx.InventoryApplication [JavaFX Application Thread] Application added to System Tray.
2025-07-25 16:18:28,958 INFO com.leroy.inventorymanagementfx.controller.MainController [JavaFX Application Thread] Topbar notification count bound successfully to NotificationStompClient.
2025-07-25 16:18:54,827 INFO com.leroy.inventorymanagementfx.InventoryApplication [JavaFX Application Thread] User chose to minimize to tray
2025-07-25 16:18:54,869 INFO com.leroy.inventorymanagementfx.InventoryApplication [JavaFX Application Thread] Inventory Management Application is stopping.
2025-07-25 16:18:54,871 INFO com.leroy.inventorymanagementfx.service.NotificationStompClient [JavaFX Application Thread] Attempting to disconnect STOMP client...
2025-07-25 16:20:35,795 INFO com.leroy.inventorymanagementfx.InventoryApplication [main] Inventory Management Application starting up
2025-07-25 16:20:35,944 INFO com.leroy.inventorymanagementfx.InventoryApplication [JavaFX Application Thread] Starting Inventory Management Application
2025-07-25 16:20:35,965 INFO com.leroy.inventorymanagementfx.security.UserSession [JavaFX Application Thread] Loaded existing session for user Esther (ID: 1, Role: ADMIN)
2025-07-25 16:20:36,063 INFO com.leroy.inventorymanagementfx.service.NotificationStompClient [JavaFX Application Thread] Attempting to connect STOMP client to: ws://localhost:8080/ws-notifications
2025-07-25 16:20:36,064 DEBUG com.leroy.inventorymanagementfx.InventoryApplication [JavaFX Application Thread] Loading main FXML file
2025-07-25 16:20:38,721 INFO com.leroy.inventorymanagementfx.controller.MainController [JavaFX Application Thread] MainController initialized. User Role: ADMIN
2025-07-25 16:20:39,188 INFO com.leroy.inventorymanagementfx.service.NotificationStompClient [Grizzly(2)] STOMP Connected to: 003e6868-b6a8-30b0-5f7a-f34e47000ffd
2025-07-25 16:20:39,190 INFO com.leroy.inventorymanagementfx.service.NotificationStompClient [Grizzly(2)] Subscribing to STOMP topic: /topic/notifications/user-1
2025-07-25 16:20:39,233 INFO com.leroy.inventorymanagementfx.controller.MainController [JavaFX Application Thread] NotificationStompClient set in MainController.
2025-07-25 16:20:39,234 WARN com.leroy.inventorymanagementfx.controller.MainController [JavaFX Application Thread] NotificationStompClient set, but topbar not yet loaded. Binding will occur when topbar is available.
2025-07-25 16:20:40,163 INFO com.leroy.inventorymanagementfx.controller.MainController [JavaFX Application Thread] Successfully loaded view: admin-dashboard
2025-07-25 16:20:40,170 INFO com.leroy.inventorymanagementfx.InventoryApplication [JavaFX Application Thread] Application icon set successfully from: file:/C:/Users/Evans%20Kojo%20Aidoo/Desktop/JavaProjectOriginal/InventoryManagementFx/build/resources/main/static/images/inventoryfxico.ico
2025-07-25 16:20:40,752 INFO com.leroy.inventorymanagementfx.InventoryApplication [JavaFX Application Thread] Application UI initialized successfully
2025-07-25 16:20:41,122 INFO com.leroy.inventorymanagementfx.InventoryApplication [JavaFX Application Thread] Application added to System Tray.
2025-07-25 16:20:41,177 INFO com.leroy.inventorymanagementfx.controller.MainController [JavaFX Application Thread] Topbar notification count bound successfully to NotificationStompClient.
2025-07-25 16:28:18,799 INFO com.leroy.inventorymanagementfx.InventoryApplication [main] Inventory Management Application starting up
2025-07-25 16:28:18,957 INFO com.leroy.inventorymanagementfx.InventoryApplication [JavaFX Application Thread] Starting Inventory Management Application
2025-07-25 16:28:18,995 INFO com.leroy.inventorymanagementfx.security.UserSession [JavaFX Application Thread] Loaded existing session for user Esther (ID: 1, Role: ADMIN)
2025-07-25 16:28:19,121 INFO com.leroy.inventorymanagementfx.service.NotificationStompClient [JavaFX Application Thread] Attempting to connect STOMP client to: ws://localhost:8080/ws-notifications
2025-07-25 16:28:19,122 DEBUG com.leroy.inventorymanagementfx.InventoryApplication [JavaFX Application Thread] Loading main FXML file
2025-07-25 16:28:19,782 INFO com.leroy.inventorymanagementfx.controller.MainController [JavaFX Application Thread] MainController initialized. User Role: ADMIN
2025-07-25 16:28:19,873 INFO com.leroy.inventorymanagementfx.controller.MainController [JavaFX Application Thread] NotificationStompClient set in MainController.
2025-07-25 16:28:19,873 WARN com.leroy.inventorymanagementfx.controller.MainController [JavaFX Application Thread] NotificationStompClient set, but topbar not yet loaded. Binding will occur when topbar is available.
2025-07-25 16:28:20,888 INFO com.leroy.inventorymanagementfx.service.NotificationStompClient [Grizzly(2)] STOMP Connected to: 609e8cdc-ca3c-7f67-3c06-7bbdf00b6971
2025-07-25 16:28:20,889 INFO com.leroy.inventorymanagementfx.service.NotificationStompClient [Grizzly(2)] Subscribing to STOMP topic: /topic/notifications/user-1
2025-07-25 16:28:20,893 INFO com.leroy.inventorymanagementfx.controller.MainController [JavaFX Application Thread] Successfully loaded view: admin-create-department
2025-07-25 16:28:20,926 INFO com.leroy.inventorymanagementfx.InventoryApplication [JavaFX Application Thread] Application icon set successfully from: file:/C:/Users/Evans%20Kojo%20Aidoo/Desktop/JavaProjectOriginal/InventoryManagementFx/build/resources/main/static/images/inventoryfxico.ico
2025-07-25 16:28:21,986 INFO com.leroy.inventorymanagementfx.InventoryApplication [JavaFX Application Thread] Application UI initialized successfully
2025-07-25 16:28:22,340 INFO com.leroy.inventorymanagementfx.InventoryApplication [JavaFX Application Thread] Application added to System Tray.
2025-07-25 16:28:22,416 INFO com.leroy.inventorymanagementfx.controller.MainController [JavaFX Application Thread] Topbar notification count bound successfully to NotificationStompClient.
2025-07-25 16:29:16,677 INFO com.leroy.inventorymanagementfx.InventoryApplication [JavaFX Application Thread] User chose to minimize to tray
2025-07-25 16:29:16,742 INFO com.leroy.inventorymanagementfx.InventoryApplication [JavaFX Application Thread] Inventory Management Application is stopping.
2025-07-25 16:29:16,744 INFO com.leroy.inventorymanagementfx.service.NotificationStompClient [JavaFX Application Thread] Attempting to disconnect STOMP client...
2025-07-25 16:38:57,075 INFO com.leroy.inventorymanagementfx.InventoryApplication [main] Inventory Management Application starting up
2025-07-25 16:38:57,230 INFO com.leroy.inventorymanagementfx.InventoryApplication [JavaFX Application Thread] Starting Inventory Management Application
2025-07-25 16:38:57,250 INFO com.leroy.inventorymanagementfx.security.UserSession [JavaFX Application Thread] Loaded existing session for user Esther (ID: 1, Role: ADMIN)
2025-07-25 16:38:57,329 INFO com.leroy.inventorymanagementfx.service.NotificationStompClient [JavaFX Application Thread] Attempting to connect STOMP client to: ws://localhost:8080/ws-notifications
2025-07-25 16:38:57,331 DEBUG com.leroy.inventorymanagementfx.InventoryApplication [JavaFX Application Thread] Loading main FXML file
2025-07-25 16:38:57,995 INFO com.leroy.inventorymanagementfx.controller.MainController [JavaFX Application Thread] MainController initialized. User Role: ADMIN
2025-07-25 16:38:58,074 INFO com.leroy.inventorymanagementfx.controller.MainController [JavaFX Application Thread] NotificationStompClient set in MainController.
2025-07-25 16:38:58,075 WARN com.leroy.inventorymanagementfx.controller.MainController [JavaFX Application Thread] NotificationStompClient set, but topbar not yet loaded. Binding will occur when topbar is available.
2025-07-25 16:38:58,737 INFO com.leroy.inventorymanagementfx.service.NotificationStompClient [Grizzly(2)] STOMP Connected to: e6131672-d2c7-868a-8053-29e8cbd2cf89
2025-07-25 16:38:58,739 INFO com.leroy.inventorymanagementfx.service.NotificationStompClient [Grizzly(2)] Subscribing to STOMP topic: /topic/notifications/user-1
2025-07-25 16:38:58,823 INFO com.leroy.inventorymanagementfx.controller.MainController [JavaFX Application Thread] Successfully loaded view: admin-create-department
2025-07-25 16:38:58,828 INFO com.leroy.inventorymanagementfx.InventoryApplication [JavaFX Application Thread] Application icon set successfully from: file:/C:/Users/Evans%20Kojo%20Aidoo/Desktop/JavaProjectOriginal/InventoryManagementFx/build/resources/main/static/images/inventoryfxico.ico
2025-07-25 16:38:59,444 INFO com.leroy.inventorymanagementfx.InventoryApplication [JavaFX Application Thread] Application UI initialized successfully
2025-07-25 16:38:59,838 INFO com.leroy.inventorymanagementfx.InventoryApplication [JavaFX Application Thread] Application added to System Tray.
2025-07-25 16:38:59,879 INFO com.leroy.inventorymanagementfx.controller.MainController [JavaFX Application Thread] Topbar notification count bound successfully to NotificationStompClient.
2025-07-25 16:39:04,544 INFO com.leroy.inventorymanagementfx.service.AuthService [JavaFX Application Thread] User logged out. Session and JWT cleared.
2025-07-25 16:39:04,863 INFO com.leroy.inventorymanagementfx.controller.MainController [JavaFX Application Thread] Successfully loaded view: common-login
2025-07-25 16:39:04,879 DEBUG com.leroy.inventorymanagementfx.security.UserSession [JavaFX Application Thread] Session file user_session.properties cleared
2025-07-25 16:39:04,879 INFO com.leroy.inventorymanagementfx.security.UserSession [JavaFX Application Thread] User session cleared
2025-07-25 16:39:12,024 INFO com.leroy.inventorymanagementfx.InventoryApplication [JavaFX Application Thread] User chose to minimize to tray
2025-07-25 16:39:12,126 INFO com.leroy.inventorymanagementfx.InventoryApplication [JavaFX Application Thread] Inventory Management Application is stopping.
2025-07-25 16:39:12,126 INFO com.leroy.inventorymanagementfx.service.NotificationStompClient [JavaFX Application Thread] Attempting to disconnect STOMP client...
2025-07-25 16:40:10,338 INFO com.leroy.inventorymanagementfx.InventoryApplication [main] Inventory Management Application starting up
2025-07-25 16:40:10,503 INFO com.leroy.inventorymanagementfx.InventoryApplication [JavaFX Application Thread] Starting Inventory Management Application
2025-07-25 16:40:10,520 DEBUG com.leroy.inventorymanagementfx.security.UserSession [JavaFX Application Thread] No existing session file found at user_session.properties
2025-07-25 16:40:10,520 WARN com.leroy.inventorymanagementfx.InventoryApplication [JavaFX Application Thread] User ID is 0. WebSocket notifications may not work correctly until a user logs in.
2025-07-25 16:40:10,649 INFO com.leroy.inventorymanagementfx.service.NotificationStompClient [JavaFX Application Thread] Attempting to connect STOMP client to: ws://localhost:8080/ws-notifications
2025-07-25 16:40:10,652 DEBUG com.leroy.inventorymanagementfx.InventoryApplication [JavaFX Application Thread] Loading main FXML file
2025-07-25 16:40:11,810 INFO com.leroy.inventorymanagementfx.controller.MainController [JavaFX Application Thread] MainController initialized. User Role: null
2025-07-25 16:40:11,963 INFO com.leroy.inventorymanagementfx.controller.MainController [JavaFX Application Thread] NotificationStompClient set in MainController.
2025-07-25 16:40:11,964 WARN com.leroy.inventorymanagementfx.controller.MainController [JavaFX Application Thread] NotificationStompClient set, but topbar not yet loaded. Binding will occur when topbar is available.
2025-07-25 16:40:12,604 ERROR com.leroy.inventorymanagementfx.service.NotificationStompClient [Thread-3] Failed to connect STOMP client
java.util.concurrent.ExecutionException: org.glassfish.tyrus.client.exception.DeploymentHandshakeException: Handshake error.
	at java.base/java.util.concurrent.CompletableFuture.wrapInExecutionException(CompletableFuture.java:347) ~[?:?]
	at java.base/java.util.concurrent.CompletableFuture.reportGet(CompletableFuture.java:442) ~[?:?]
	at java.base/java.util.concurrent.CompletableFuture.get(CompletableFuture.java:2119) ~[?:?]
	at com.leroy.inventorymanagementfx.service.NotificationStompClient.lambda$connect$0(NotificationStompClient.java:102) [main/:?]
	at java.base/java.lang.Thread.run(Thread.java:1447) [?:?]
Caused by: org.glassfish.tyrus.client.exception.DeploymentHandshakeException: Handshake error.
	at org.glassfish.tyrus.client.exception.Exceptions.deploymentException(Exceptions.java:38) ~[tyrus-client-2.2.0.jar:?]
	at org.glassfish.tyrus.client.ClientManager$3$1.run(ClientManager.java:622) ~[tyrus-client-2.2.0.jar:?]
	at org.glassfish.tyrus.client.ClientManager$3.run(ClientManager.java:657) ~[tyrus-client-2.2.0.jar:?]
	at java.base/java.util.concurrent.Executors$RunnableAdapter.call(Executors.java:545) ~[?:?]
	at java.base/java.util.concurrent.FutureTask.run(FutureTask.java:328) ~[?:?]
	at org.glassfish.tyrus.client.ClientManager$SameThreadExecutorService.execute(ClientManager.java:810) ~[tyrus-client-2.2.0.jar:?]
	at java.base/java.util.concurrent.AbstractExecutorService.submit(AbstractExecutorService.java:124) ~[?:?]
	at org.glassfish.tyrus.client.ClientManager.connectToServer(ClientManager.java:460) ~[tyrus-client-2.2.0.jar:?]
	at org.glassfish.tyrus.client.ClientManager.lambda$connectToServer$2(ClientManager.java:313) ~[tyrus-client-2.2.0.jar:?]
	at org.glassfish.tyrus.client.ClientManager.tryCatchInterruptedExecutionEx(ClientManager.java:324) ~[tyrus-client-2.2.0.jar:?]
	at org.glassfish.tyrus.client.ClientManager.connectToServer(ClientManager.java:313) ~[tyrus-client-2.2.0.jar:?]
	at org.springframework.web.socket.client.standard.StandardWebSocketClient.lambda$executeInternal$0(StandardWebSocketClient.java:175) ~[spring-websocket-6.2.8.jar:6.2.8]
	at org.springframework.util.concurrent.FutureUtils.lambda$toSupplier$0(FutureUtils.java:74) ~[spring-core-6.2.8.jar:6.2.8]
	at java.base/java.util.concurrent.CompletableFuture$AsyncSupply.run(CompletableFuture.java:1814) ~[?:?]
	... 1 more
Caused by: org.glassfish.tyrus.client.auth.AuthenticationException: Authentication failed.
	at org.glassfish.tyrus.client.TyrusClientEngine.handleAuth(TyrusClientEngine.java:366) ~[tyrus-client-2.2.0.jar:?]
	at org.glassfish.tyrus.client.TyrusClientEngine.processResponse(TyrusClientEngine.java:270) ~[tyrus-client-2.2.0.jar:?]
	at org.glassfish.tyrus.container.grizzly.client.GrizzlyClientFilter.handleHandshake(GrizzlyClientFilter.java:323) ~[tyrus-container-grizzly-client-2.2.0.jar:?]
	at org.glassfish.tyrus.container.grizzly.client.GrizzlyClientFilter.handleRead(GrizzlyClientFilter.java:292) ~[tyrus-container-grizzly-client-2.2.0.jar:?]
	at org.glassfish.grizzly.filterchain.ExecutorResolver$9.execute(ExecutorResolver.java:88) ~[grizzly-framework-4.0.2.jar:4.0.2]
	at org.glassfish.grizzly.filterchain.DefaultFilterChain.executeFilter(DefaultFilterChain.java:246) ~[grizzly-framework-4.0.2.jar:4.0.2]
	at org.glassfish.grizzly.filterchain.DefaultFilterChain.executeChainPart(DefaultFilterChain.java:178) ~[grizzly-framework-4.0.2.jar:4.0.2]
	at org.glassfish.grizzly.filterchain.DefaultFilterChain.execute(DefaultFilterChain.java:118) ~[grizzly-framework-4.0.2.jar:4.0.2]
	at org.glassfish.grizzly.filterchain.DefaultFilterChain.process(DefaultFilterChain.java:96) ~[grizzly-framework-4.0.2.jar:4.0.2]
	at org.glassfish.grizzly.ProcessorExecutor.execute(ProcessorExecutor.java:51) ~[grizzly-framework-4.0.2.jar:4.0.2]
	at org.glassfish.grizzly.nio.transport.TCPNIOTransport.fireIOEvent(TCPNIOTransport.java:510) ~[grizzly-framework-4.0.2.jar:4.0.2]
	at org.glassfish.grizzly.strategies.AbstractIOStrategy.fireIOEvent(AbstractIOStrategy.java:82) ~[grizzly-framework-4.0.2.jar:4.0.2]
	at org.glassfish.grizzly.strategies.WorkerThreadIOStrategy.run0(WorkerThreadIOStrategy.java:83) ~[grizzly-framework-4.0.2.jar:4.0.2]
	at org.glassfish.grizzly.strategies.WorkerThreadIOStrategy$WorkerThreadRunnable.run(WorkerThreadIOStrategy.java:101) ~[grizzly-framework-4.0.2.jar:4.0.2]
	at org.glassfish.grizzly.threadpool.AbstractThreadPool$Worker.doWork(AbstractThreadPool.java:535) ~[grizzly-framework-4.0.2.jar:4.0.2]
	at org.glassfish.grizzly.threadpool.AbstractThreadPool$Worker.run(AbstractThreadPool.java:515) ~[grizzly-framework-4.0.2.jar:4.0.2]
	... 1 more
2025-07-25 16:40:12,604 ERROR com.leroy.inventorymanagementfx.service.NotificationStompClient [SimpleAsyncTaskExecutor-1] STOMP Transport Error: org.glassfish.tyrus.client.exception.DeploymentHandshakeException: Handshake error.
java.util.concurrent.CompletionException: org.glassfish.tyrus.client.exception.DeploymentHandshakeException: Handshake error.
	at org.springframework.util.concurrent.FutureUtils.lambda$toSupplier$0(FutureUtils.java:78) [spring-core-6.2.8.jar:6.2.8]
	at java.base/java.util.concurrent.CompletableFuture$AsyncSupply.run(CompletableFuture.java:1814) [?:?]
	at java.base/java.lang.Thread.run(Thread.java:1447) [?:?]
Caused by: org.glassfish.tyrus.client.exception.DeploymentHandshakeException: Handshake error.
	at org.glassfish.tyrus.client.exception.Exceptions.deploymentException(Exceptions.java:38) ~[tyrus-client-2.2.0.jar:?]
	at org.glassfish.tyrus.client.ClientManager$3$1.run(ClientManager.java:622) ~[tyrus-client-2.2.0.jar:?]
	at org.glassfish.tyrus.client.ClientManager$3.run(ClientManager.java:657) ~[tyrus-client-2.2.0.jar:?]
	at java.base/java.util.concurrent.Executors$RunnableAdapter.call(Executors.java:545) ~[?:?]
	at java.base/java.util.concurrent.FutureTask.run(FutureTask.java:328) ~[?:?]
	at org.glassfish.tyrus.client.ClientManager$SameThreadExecutorService.execute(ClientManager.java:810) ~[tyrus-client-2.2.0.jar:?]
	at java.base/java.util.concurrent.AbstractExecutorService.submit(AbstractExecutorService.java:124) ~[?:?]
	at org.glassfish.tyrus.client.ClientManager.connectToServer(ClientManager.java:460) ~[tyrus-client-2.2.0.jar:?]
	at org.glassfish.tyrus.client.ClientManager.lambda$connectToServer$2(ClientManager.java:313) ~[tyrus-client-2.2.0.jar:?]
	at org.glassfish.tyrus.client.ClientManager.tryCatchInterruptedExecutionEx(ClientManager.java:324) ~[tyrus-client-2.2.0.jar:?]
	at org.glassfish.tyrus.client.ClientManager.connectToServer(ClientManager.java:313) ~[tyrus-client-2.2.0.jar:?]
	at org.springframework.web.socket.client.standard.StandardWebSocketClient.lambda$executeInternal$0(StandardWebSocketClient.java:175) ~[spring-websocket-6.2.8.jar:6.2.8]
	at org.springframework.util.concurrent.FutureUtils.lambda$toSupplier$0(FutureUtils.java:74) ~[spring-core-6.2.8.jar:6.2.8]
	... 2 more
Caused by: org.glassfish.tyrus.client.auth.AuthenticationException: Authentication failed.
	at org.glassfish.tyrus.client.TyrusClientEngine.handleAuth(TyrusClientEngine.java:366) ~[tyrus-client-2.2.0.jar:?]
	at org.glassfish.tyrus.client.TyrusClientEngine.processResponse(TyrusClientEngine.java:270) ~[tyrus-client-2.2.0.jar:?]
	at org.glassfish.tyrus.container.grizzly.client.GrizzlyClientFilter.handleHandshake(GrizzlyClientFilter.java:323) ~[tyrus-container-grizzly-client-2.2.0.jar:?]
	at org.glassfish.tyrus.container.grizzly.client.GrizzlyClientFilter.handleRead(GrizzlyClientFilter.java:292) ~[tyrus-container-grizzly-client-2.2.0.jar:?]
	at org.glassfish.grizzly.filterchain.ExecutorResolver$9.execute(ExecutorResolver.java:88) ~[grizzly-framework-4.0.2.jar:4.0.2]
	at org.glassfish.grizzly.filterchain.DefaultFilterChain.executeFilter(DefaultFilterChain.java:246) ~[grizzly-framework-4.0.2.jar:4.0.2]
	at org.glassfish.grizzly.filterchain.DefaultFilterChain.executeChainPart(DefaultFilterChain.java:178) ~[grizzly-framework-4.0.2.jar:4.0.2]
	at org.glassfish.grizzly.filterchain.DefaultFilterChain.execute(DefaultFilterChain.java:118) ~[grizzly-framework-4.0.2.jar:4.0.2]
	at org.glassfish.grizzly.filterchain.DefaultFilterChain.process(DefaultFilterChain.java:96) ~[grizzly-framework-4.0.2.jar:4.0.2]
	at org.glassfish.grizzly.ProcessorExecutor.execute(ProcessorExecutor.java:51) ~[grizzly-framework-4.0.2.jar:4.0.2]
	at org.glassfish.grizzly.nio.transport.TCPNIOTransport.fireIOEvent(TCPNIOTransport.java:510) ~[grizzly-framework-4.0.2.jar:4.0.2]
	at org.glassfish.grizzly.strategies.AbstractIOStrategy.fireIOEvent(AbstractIOStrategy.java:82) ~[grizzly-framework-4.0.2.jar:4.0.2]
	at org.glassfish.grizzly.strategies.WorkerThreadIOStrategy.run0(WorkerThreadIOStrategy.java:83) ~[grizzly-framework-4.0.2.jar:4.0.2]
	at org.glassfish.grizzly.strategies.WorkerThreadIOStrategy$WorkerThreadRunnable.run(WorkerThreadIOStrategy.java:101) ~[grizzly-framework-4.0.2.jar:4.0.2]
	at org.glassfish.grizzly.threadpool.AbstractThreadPool$Worker.doWork(AbstractThreadPool.java:535) ~[grizzly-framework-4.0.2.jar:4.0.2]
	at org.glassfish.grizzly.threadpool.AbstractThreadPool$Worker.run(AbstractThreadPool.java:515) ~[grizzly-framework-4.0.2.jar:4.0.2]
	... 1 more
2025-07-25 16:40:14,304 INFO com.leroy.inventorymanagementfx.controller.MainController [JavaFX Application Thread] Successfully loaded view: common-login
2025-07-25 16:40:14,469 INFO com.leroy.inventorymanagementfx.InventoryApplication [JavaFX Application Thread] Application icon set successfully from: file:/C:/Users/Evans%20Kojo%20Aidoo/Desktop/JavaProjectOriginal/InventoryManagementFx/build/resources/main/static/images/inventoryfxico.ico
2025-07-25 16:40:15,526 INFO com.leroy.inventorymanagementfx.InventoryApplication [JavaFX Application Thread] Application UI initialized successfully
2025-07-25 16:40:16,153 INFO com.leroy.inventorymanagementfx.InventoryApplication [JavaFX Application Thread] Application added to System Tray.
2025-07-25 16:40:36,033 INFO com.leroy.inventorymanagementfx.service.AuthService [JavaFX Application Thread] Sending login request for email: estherkorankye132@gmail.com
2025-07-25 16:40:37,384 INFO com.leroy.inventorymanagementfx.service.AuthService [ForkJoinPool.commonPool-worker-1] Standard Login successful. Session initialized: ID=1, Name=Esther, Role=ADMIN
2025-07-25 16:40:37,401 DEBUG com.leroy.inventorymanagementfx.security.UserSession [JavaFX Application Thread] Session data saved to user_session.properties
2025-07-25 16:40:37,401 INFO com.leroy.inventorymanagementfx.security.UserSession [JavaFX Application Thread] Session initialized for user Esther (ID: 1, Role: ADMIN)
2025-07-25 16:40:37,407 DEBUG com.leroy.inventorymanagementfx.controller.MainController [JavaFX Application Thread] Adding current page common-login to back stack
2025-07-25 16:40:37,471 INFO com.leroy.inventorymanagementfx.controller.MainController [JavaFX Application Thread] Successfully loaded view: admin-create-department
2025-07-25 16:40:37,993 DEBUG com.leroy.inventorymanagementfx.security.UserSession [JavaFX Application Thread] Session data saved to user_session.properties
2025-07-25 16:40:37,995 INFO com.leroy.inventorymanagementfx.security.UserSession [JavaFX Application Thread] Session initialized for user Esther (ID: 1, Role: ADMIN)
2025-07-25 16:40:38,000 INFO com.leroy.inventorymanagementfx.controller.MainController [JavaFX Application Thread] Topbar notification count bound successfully to NotificationStompClient.
2025-07-25 16:40:58,698 INFO com.leroy.inventorymanagementfx.service.admin.DepartmentService [JavaFX Application Thread] Sending create department request. Name: Directorate of Finance
2025-07-25 16:41:04,756 INFO com.leroy.inventorymanagementfx.service.admin.DepartmentService [ForkJoinPool.commonPool-worker-1] Department created successfully: Directorate of Finance
2025-07-25 16:41:10,350 DEBUG com.leroy.inventorymanagementfx.controller.MainController [JavaFX Application Thread] Adding current page admin-create-department to back stack
2025-07-25 16:41:10,907 INFO com.leroy.inventorymanagementfx.controller.MainController [JavaFX Application Thread] Successfully loaded view: admin-create-storekeeper
2025-07-25 16:41:46,722 INFO com.leroy.inventorymanagementfx.controller.admin.CreateStorekeeper [JavaFX Application Thread] Raw departments response: ["Directorate of Finance"]
2025-07-25 16:41:46,723 INFO com.leroy.inventorymanagementfx.controller.admin.CreateStorekeeper [JavaFX Application Thread] Fetched departments: [Directorate of Finance]
2025-07-25 16:41:52,240 DEBUG com.leroy.inventorymanagementfx.service.admin.UserService [JavaFX Application Thread] Payload: {"email":"leroydennisa@gmail.com","firstName":"Evans","lastName":"Aidoo","password":"leroy001","roleName":"STOREKEEPER","departmentName":"Directorate of Finance"}
2025-07-25 16:41:52,240 INFO com.leroy.inventorymanagementfx.service.admin.UserService [JavaFX Application Thread] Creating user with role: STOREKEEPER
2025-07-25 16:41:53,593 INFO com.leroy.inventorymanagementfx.service.admin.UserService [ForkJoinPool.commonPool-worker-1] User created successfully: leroydennisa@gmail.com
2025-07-25 16:42:03,912 INFO com.leroy.inventorymanagementfx.service.AuthService [JavaFX Application Thread] User logged out. Session and JWT cleared.
2025-07-25 16:42:03,942 INFO com.leroy.inventorymanagementfx.controller.MainController [JavaFX Application Thread] Successfully loaded view: common-login
2025-07-25 16:42:03,949 DEBUG com.leroy.inventorymanagementfx.security.UserSession [JavaFX Application Thread] Session file user_session.properties cleared
2025-07-25 16:42:03,950 INFO com.leroy.inventorymanagementfx.security.UserSession [JavaFX Application Thread] User session cleared
2025-07-25 16:42:45,158 WARN com.leroy.inventorymanagementfx.controller.GoogleAuthCodeDialogController [JavaFX Application Thread] GoogleAuthCodeDialogueController instantiated with default no-arg constructor. Consider using a ControllerFactory for dependency injection.
2025-07-25 16:44:13,943 INFO com.leroy.inventorymanagementfx.service.AuthService [JavaFX Application Thread] Sending Google OAuth token exchange request...
2025-07-25 16:44:27,976 INFO com.leroy.inventorymanagementfx.service.AuthService [ForkJoinPool.commonPool-worker-2] Google OAuth successful. Session initialized: ID=2, Name=Evans, Role=STOREKEEPER
2025-07-25 16:44:27,986 DEBUG com.leroy.inventorymanagementfx.security.UserSession [JavaFX Application Thread] Session data saved to user_session.properties
2025-07-25 16:44:27,988 INFO com.leroy.inventorymanagementfx.security.UserSession [JavaFX Application Thread] Session initialized for user Evans (ID: 2, Role: STOREKEEPER)
2025-07-25 16:44:28,007 INFO com.leroy.inventorymanagementfx.controller.GoogleAuthCodeDialogController [JavaFX Application Thread] Google Sign-In successful for user: leroydennisa@gmail.com
2025-07-25 16:44:28,011 DEBUG com.leroy.inventorymanagementfx.controller.MainController [JavaFX Application Thread] Adding current page common-login to back stack
2025-07-25 16:44:28,231 INFO com.leroy.inventorymanagementfx.controller.MainController [JavaFX Application Thread] Successfully loaded view: storekeeper-dashboard
2025-07-25 16:44:28,615 DEBUG com.leroy.inventorymanagementfx.security.UserSession [JavaFX Application Thread] Session data saved to user_session.properties
2025-07-25 16:44:28,615 INFO com.leroy.inventorymanagementfx.security.UserSession [JavaFX Application Thread] Session initialized for user Evans (ID: 2, Role: STOREKEEPER)
2025-07-25 16:44:28,630 INFO com.leroy.inventorymanagementfx.controller.MainController [JavaFX Application Thread] Topbar notification count bound successfully to NotificationStompClient.
2025-07-25 16:44:38,436 DEBUG com.leroy.inventorymanagementfx.controller.MainController [JavaFX Application Thread] Adding current page storekeeper-dashboard to back stack
2025-07-25 16:44:40,155 INFO com.leroy.inventorymanagementfx.service.admin.DepartmentService [JavaFX Application Thread] Fetching user department
2025-07-25 16:44:40,253 INFO com.leroy.inventorymanagementfx.service.admin.DepartmentService [ForkJoinPool.commonPool-worker-2] Successfully fetched user department
2025-07-25 16:44:40,254 INFO com.leroy.inventorymanagementfx.controller.storekeeper.AddInventoryItemController [JavaFX Application Thread] User department fetched: Directorate of Finance
2025-07-25 16:44:40,300 INFO com.leroy.inventorymanagementfx.controller.MainController [JavaFX Application Thread] Successfully loaded view: storekeeper-add-inventory
2025-07-25 16:45:43,698 INFO com.leroy.inventorymanagementfx.util.ImageStorageService [JavaFX Application Thread] Image saved to: images/Directorate_of_Finance/1753461943682_a4 sheets.jpg
2025-07-25 16:45:43,826 INFO com.leroy.inventorymanagementfx.service.storekeeper.InventoryItemService [JavaFX Application Thread] Creating inventory item
2025-07-25 16:45:44,927 INFO com.leroy.inventorymanagementfx.service.storekeeper.InventoryItemService [ForkJoinPool.commonPool-worker-3] Inventory item created successfully: A4 Sheets
2025-07-25 16:46:41,267 INFO com.leroy.inventorymanagementfx.util.ImageStorageService [JavaFX Application Thread] Image saved to: images/Directorate_of_Finance/1753462001263_blue pen.jpg
2025-07-25 16:46:41,361 INFO com.leroy.inventorymanagementfx.service.storekeeper.InventoryItemService [JavaFX Application Thread] Creating inventory item
2025-07-25 16:46:42,901 INFO com.leroy.inventorymanagementfx.service.storekeeper.InventoryItemService [ForkJoinPool.commonPool-worker-3] Inventory item created successfully: Blue Pen
2025-07-25 16:46:51,321 DEBUG com.leroy.inventorymanagementfx.controller.MainController [JavaFX Application Thread] Adding current page storekeeper-add-inventory to back stack
2025-07-25 16:46:51,714 INFO com.leroy.inventorymanagementfx.controller.MainController [JavaFX Application Thread] Successfully loaded view: storekeeper-inventory-items
2025-07-25 16:49:51,494 INFO com.leroy.inventorymanagementfx.InventoryApplication [main] Inventory Management Application starting up
2025-07-25 16:49:51,666 INFO com.leroy.inventorymanagementfx.InventoryApplication [JavaFX Application Thread] Starting Inventory Management Application
2025-07-25 16:49:51,850 INFO com.leroy.inventorymanagementfx.security.UserSession [JavaFX Application Thread] Loaded existing session for user Evans (ID: 2, Role: STOREKEEPER)
2025-07-25 16:49:51,955 INFO com.leroy.inventorymanagementfx.service.NotificationStompClient [JavaFX Application Thread] Attempting to connect STOMP client to: ws://localhost:8080/ws-notifications
2025-07-25 16:49:51,957 DEBUG com.leroy.inventorymanagementfx.InventoryApplication [JavaFX Application Thread] Loading main FXML file
2025-07-25 16:49:53,480 INFO com.leroy.inventorymanagementfx.controller.MainController [JavaFX Application Thread] MainController initialized. User Role: STOREKEEPER
2025-07-25 16:49:53,593 INFO com.leroy.inventorymanagementfx.controller.MainController [JavaFX Application Thread] NotificationStompClient set in MainController.
2025-07-25 16:49:53,594 WARN com.leroy.inventorymanagementfx.controller.MainController [JavaFX Application Thread] NotificationStompClient set, but topbar not yet loaded. Binding will occur when topbar is available.
2025-07-25 16:49:53,759 INFO com.leroy.inventorymanagementfx.service.NotificationStompClient [Grizzly(1)] STOMP Connected to: e63289d0-e970-2fc3-d2ba-bc9118e64352
2025-07-25 16:49:53,762 INFO com.leroy.inventorymanagementfx.service.NotificationStompClient [Grizzly(1)] Subscribing to STOMP topic: /topic/notifications/user-2
2025-07-25 16:49:54,666 INFO com.leroy.inventorymanagementfx.controller.MainController [JavaFX Application Thread] Successfully loaded view: storekeeper-dashboard
2025-07-25 16:49:54,675 INFO com.leroy.inventorymanagementfx.InventoryApplication [JavaFX Application Thread] Application icon set successfully from: file:/C:/Users/Evans%20Kojo%20Aidoo/Desktop/JavaProjectOriginal/InventoryManagementFx/build/resources/main/static/images/inventoryfxico.ico
2025-07-25 16:49:55,587 INFO com.leroy.inventorymanagementfx.InventoryApplication [JavaFX Application Thread] Application UI initialized successfully
2025-07-25 16:49:56,022 INFO com.leroy.inventorymanagementfx.InventoryApplication [JavaFX Application Thread] Application added to System Tray.
2025-07-25 16:49:56,094 INFO com.leroy.inventorymanagementfx.controller.MainController [JavaFX Application Thread] Topbar notification count bound successfully to NotificationStompClient.
2025-07-25 16:49:59,332 DEBUG com.leroy.inventorymanagementfx.controller.MainController [JavaFX Application Thread] Adding current page storekeeper-dashboard to back stack
2025-07-25 16:49:59,550 INFO com.leroy.inventorymanagementfx.controller.MainController [JavaFX Application Thread] Successfully loaded view: storekeeper-inventory-items
2025-07-25 16:59:06,635 DEBUG com.leroy.inventorymanagementfx.controller.MainController [JavaFX Application Thread] Adding current page storekeeper-inventory-items to back stack
2025-07-25 16:59:07,298 INFO com.leroy.inventorymanagementfx.service.admin.DepartmentService [JavaFX Application Thread] Fetching user department
2025-07-25 16:59:08,345 INFO com.leroy.inventorymanagementfx.service.admin.DepartmentService [ForkJoinPool.commonPool-worker-2] Successfully fetched user department
2025-07-25 16:59:08,350 INFO com.leroy.inventorymanagementfx.controller.storekeeper.AddInventoryItemController [JavaFX Application Thread] User department fetched: Directorate of Finance
2025-07-25 16:59:08,381 INFO com.leroy.inventorymanagementfx.controller.MainController [JavaFX Application Thread] Successfully loaded view: storekeeper-add-inventory
2025-07-25 16:59:10,450 DEBUG com.leroy.inventorymanagementfx.controller.MainController [JavaFX Application Thread] Adding current page storekeeper-add-inventory to back stack
2025-07-25 16:59:10,618 INFO com.leroy.inventorymanagementfx.controller.MainController [JavaFX Application Thread] Successfully loaded view: storekeeper-inventory-items
2025-07-25 17:02:56,744 DEBUG com.leroy.inventorymanagementfx.controller.MainController [JavaFX Application Thread] Adding current page storekeeper-inventory-items to back stack
2025-07-25 17:02:56,758 INFO com.leroy.inventorymanagementfx.service.admin.DepartmentService [JavaFX Application Thread] Fetching user department
2025-07-25 17:02:56,828 INFO com.leroy.inventorymanagementfx.service.admin.DepartmentService [ForkJoinPool.commonPool-worker-3] Successfully fetched user department
2025-07-25 17:02:56,830 INFO com.leroy.inventorymanagementfx.controller.storekeeper.AddInventoryItemController [JavaFX Application Thread] User department fetched: Directorate of Finance
2025-07-25 17:02:56,837 INFO com.leroy.inventorymanagementfx.controller.MainController [JavaFX Application Thread] Successfully loaded view: storekeeper-add-inventory
2025-07-25 17:02:58,652 DEBUG com.leroy.inventorymanagementfx.controller.MainController [JavaFX Application Thread] Adding current page storekeeper-add-inventory to back stack
2025-07-25 17:02:58,664 INFO com.leroy.inventorymanagementfx.controller.MainController [JavaFX Application Thread] Successfully loaded view: storekeeper-inventory-items
2025-07-25 17:13:24,677 INFO com.leroy.inventorymanagementfx.InventoryApplication [main] Inventory Management Application starting up
2025-07-25 17:13:24,879 INFO com.leroy.inventorymanagementfx.InventoryApplication [JavaFX Application Thread] Starting Inventory Management Application
2025-07-25 17:13:24,911 INFO com.leroy.inventorymanagementfx.security.UserSession [JavaFX Application Thread] Loaded existing session for user Evans (ID: 2, Role: STOREKEEPER)
2025-07-25 17:13:25,050 INFO com.leroy.inventorymanagementfx.service.NotificationStompClient [JavaFX Application Thread] Attempting to connect STOMP client to: ws://localhost:8080/ws-notifications
2025-07-25 17:13:25,053 DEBUG com.leroy.inventorymanagementfx.InventoryApplication [JavaFX Application Thread] Loading main FXML file
2025-07-25 17:13:26,141 INFO com.leroy.inventorymanagementfx.controller.MainController [JavaFX Application Thread] MainController initialized. User Role: STOREKEEPER
2025-07-25 17:13:26,302 INFO com.leroy.inventorymanagementfx.controller.MainController [JavaFX Application Thread] NotificationStompClient set in MainController.
2025-07-25 17:13:26,303 WARN com.leroy.inventorymanagementfx.controller.MainController [JavaFX Application Thread] NotificationStompClient set, but topbar not yet loaded. Binding will occur when topbar is available.
2025-07-25 17:13:27,476 INFO com.leroy.inventorymanagementfx.controller.MainController [JavaFX Application Thread] Successfully loaded view: storekeeper-dashboard
2025-07-25 17:13:27,489 INFO com.leroy.inventorymanagementfx.InventoryApplication [JavaFX Application Thread] Application icon set successfully from: file:/C:/Users/Evans%20Kojo%20Aidoo/Desktop/JavaProjectOriginal/InventoryManagementFx/build/resources/main/static/images/inventoryfxico.ico
2025-07-25 17:13:28,638 INFO com.leroy.inventorymanagementfx.InventoryApplication [JavaFX Application Thread] Application UI initialized successfully
2025-07-25 17:13:28,885 INFO com.leroy.inventorymanagementfx.service.NotificationStompClient [Grizzly(2)] STOMP Connected to: 65d4c09b-0729-cbc1-87f1-d273c4fdf7ed
2025-07-25 17:13:28,888 INFO com.leroy.inventorymanagementfx.service.NotificationStompClient [Grizzly(2)] Subscribing to STOMP topic: /topic/notifications/user-2
2025-07-25 17:13:29,177 INFO com.leroy.inventorymanagementfx.InventoryApplication [JavaFX Application Thread] Application added to System Tray.
2025-07-25 17:13:29,251 INFO com.leroy.inventorymanagementfx.controller.MainController [JavaFX Application Thread] Topbar notification count bound successfully to NotificationStompClient.
2025-07-25 17:13:35,271 DEBUG com.leroy.inventorymanagementfx.controller.MainController [JavaFX Application Thread] Adding current page storekeeper-dashboard to back stack
2025-07-25 17:13:36,140 INFO com.leroy.inventorymanagementfx.controller.MainController [JavaFX Application Thread] Successfully loaded view: storekeeper-inventory-items
2025-07-25 17:13:40,511 INFO com.leroy.inventorymanagementfx.controller.MainController [JavaFX Application Thread] Successfully loaded view: storekeeper-inventory-items
2025-07-25 17:14:25,335 DEBUG com.leroy.inventorymanagementfx.controller.MainController [JavaFX Application Thread] Adding current page storekeeper-inventory-items to back stack
2025-07-25 17:14:25,355 INFO com.leroy.inventorymanagementfx.controller.NotificationPageController [JavaFX Application Thread] NotificationStompClient set in NotificationPageController. Proceeding with UI setup.
2025-07-25 17:14:25,360 DEBUG com.leroy.inventorymanagementfx.controller.MainController [JavaFX Application Thread] Injected NotificationStompClient into controller: NotificationPageController
2025-07-25 17:14:25,360 INFO com.leroy.inventorymanagementfx.controller.MainController [JavaFX Application Thread] Successfully loaded view: common-notification
2025-07-25 17:14:26,695 INFO com.leroy.inventorymanagementfx.controller.NotificationPageController [JavaFX Application Thread] Fetched 0 total notifications from backend for display. 0 unread.
2025-07-25 17:14:29,110 DEBUG com.leroy.inventorymanagementfx.controller.MainController [JavaFX Application Thread] Adding current page common-notification to back stack
2025-07-25 17:14:29,131 INFO com.leroy.inventorymanagementfx.controller.MainController [JavaFX Application Thread] Successfully loaded view: storekeeper-inventory-items
2025-07-25 17:19:20,138 INFO com.leroy.inventorymanagementfx.InventoryApplication [main] Inventory Management Application starting up
2025-07-25 17:19:21,739 INFO com.leroy.inventorymanagementfx.InventoryApplication [JavaFX Application Thread] Starting Inventory Management Application
2025-07-25 17:19:21,804 INFO com.leroy.inventorymanagementfx.security.UserSession [JavaFX Application Thread] Loaded existing session for user Evans (ID: 2, Role: STOREKEEPER)
2025-07-25 17:19:21,980 INFO com.leroy.inventorymanagementfx.service.NotificationStompClient [JavaFX Application Thread] Attempting to connect STOMP client to: ws://localhost:8080/ws-notifications
2025-07-25 17:19:21,981 DEBUG com.leroy.inventorymanagementfx.InventoryApplication [JavaFX Application Thread] Loading main FXML file
2025-07-25 17:19:23,762 INFO com.leroy.inventorymanagementfx.controller.MainController [JavaFX Application Thread] MainController initialized. User Role: STOREKEEPER
2025-07-25 17:19:24,377 INFO com.leroy.inventorymanagementfx.controller.MainController [JavaFX Application Thread] NotificationStompClient set in MainController.
2025-07-25 17:19:24,378 WARN com.leroy.inventorymanagementfx.controller.MainController [JavaFX Application Thread] NotificationStompClient set, but topbar not yet loaded. Binding will occur when topbar is available.
2025-07-25 17:19:27,852 INFO com.leroy.inventorymanagementfx.controller.MainController [JavaFX Application Thread] Successfully loaded view: storekeeper-dashboard
2025-07-25 17:19:27,868 INFO com.leroy.inventorymanagementfx.InventoryApplication [JavaFX Application Thread] Application icon set successfully from: file:/C:/Users/Evans%20Kojo%20Aidoo/Desktop/JavaProjectOriginal/InventoryManagementFx/build/resources/main/static/images/inventoryfxico.ico
2025-07-25 17:19:28,585 INFO com.leroy.inventorymanagementfx.service.NotificationStompClient [Grizzly(1)] STOMP Connected to: 44bf6be0-196b-e542-f37e-65818c4fd4a9
2025-07-25 17:19:28,588 INFO com.leroy.inventorymanagementfx.service.NotificationStompClient [Grizzly(1)] Subscribing to STOMP topic: /topic/notifications/user-2
2025-07-25 17:19:28,846 INFO com.leroy.inventorymanagementfx.InventoryApplication [JavaFX Application Thread] Application UI initialized successfully
2025-07-25 17:19:29,181 INFO com.leroy.inventorymanagementfx.InventoryApplication [JavaFX Application Thread] Application added to System Tray.
2025-07-25 17:19:29,256 INFO com.leroy.inventorymanagementfx.controller.MainController [JavaFX Application Thread] Topbar notification count bound successfully to NotificationStompClient.
2025-07-25 17:19:31,777 DEBUG com.leroy.inventorymanagementfx.controller.MainController [JavaFX Application Thread] Adding current page storekeeper-dashboard to back stack
2025-07-25 17:19:31,903 INFO com.leroy.inventorymanagementfx.controller.MainController [JavaFX Application Thread] Successfully loaded view: storekeeper-inventory-items
2025-07-25 17:20:44,106 INFO com.leroy.inventorymanagementfx.InventoryApplication [JavaFX Application Thread] User chose to minimize to tray
2025-07-25 17:20:44,134 INFO com.leroy.inventorymanagementfx.InventoryApplication [JavaFX Application Thread] Inventory Management Application is stopping.
2025-07-25 17:20:44,134 INFO com.leroy.inventorymanagementfx.service.NotificationStompClient [JavaFX Application Thread] Attempting to disconnect STOMP client...
2025-07-25 17:21:02,281 INFO com.leroy.inventorymanagementfx.InventoryApplication [main] Inventory Management Application starting up
2025-07-25 17:21:02,481 INFO com.leroy.inventorymanagementfx.InventoryApplication [JavaFX Application Thread] Starting Inventory Management Application
2025-07-25 17:21:02,515 INFO com.leroy.inventorymanagementfx.security.UserSession [JavaFX Application Thread] Loaded existing session for user Evans (ID: 2, Role: STOREKEEPER)
2025-07-25 17:21:02,661 INFO com.leroy.inventorymanagementfx.service.NotificationStompClient [JavaFX Application Thread] Attempting to connect STOMP client to: ws://localhost:8080/ws-notifications
2025-07-25 17:21:02,663 DEBUG com.leroy.inventorymanagementfx.InventoryApplication [JavaFX Application Thread] Loading main FXML file
2025-07-25 17:21:03,931 INFO com.leroy.inventorymanagementfx.controller.MainController [JavaFX Application Thread] MainController initialized. User Role: STOREKEEPER
2025-07-25 17:21:04,114 INFO com.leroy.inventorymanagementfx.controller.MainController [JavaFX Application Thread] NotificationStompClient set in MainController.
2025-07-25 17:21:04,115 WARN com.leroy.inventorymanagementfx.controller.MainController [JavaFX Application Thread] NotificationStompClient set, but topbar not yet loaded. Binding will occur when topbar is available.
2025-07-25 17:21:04,181 INFO com.leroy.inventorymanagementfx.service.NotificationStompClient [Grizzly(2)] STOMP Connected to: a46a0d6d-1062-333d-c3d1-e4add51b6c5d
2025-07-25 17:21:04,185 INFO com.leroy.inventorymanagementfx.service.NotificationStompClient [Grizzly(2)] Subscribing to STOMP topic: /topic/notifications/user-2
2025-07-25 17:21:05,007 INFO com.leroy.inventorymanagementfx.controller.MainController [JavaFX Application Thread] Successfully loaded view: storekeeper-dashboard
2025-07-25 17:21:05,017 INFO com.leroy.inventorymanagementfx.InventoryApplication [JavaFX Application Thread] Application icon set successfully from: file:/C:/Users/Evans%20Kojo%20Aidoo/Desktop/JavaProjectOriginal/InventoryManagementFx/build/resources/main/static/images/inventoryfxico.ico
2025-07-25 17:21:05,781 INFO com.leroy.inventorymanagementfx.InventoryApplication [JavaFX Application Thread] Application UI initialized successfully
2025-07-25 17:21:06,209 INFO com.leroy.inventorymanagementfx.InventoryApplication [JavaFX Application Thread] Application added to System Tray.
2025-07-25 17:21:06,280 INFO com.leroy.inventorymanagementfx.controller.MainController [JavaFX Application Thread] Topbar notification count bound successfully to NotificationStompClient.
2025-07-25 17:21:14,590 DEBUG com.leroy.inventorymanagementfx.controller.MainController [JavaFX Application Thread] Adding current page storekeeper-dashboard to back stack
2025-07-25 17:21:14,783 INFO com.leroy.inventorymanagementfx.controller.MainController [JavaFX Application Thread] Successfully loaded view: storekeeper-inventory-items
2025-07-25 17:24:48,991 INFO com.leroy.inventorymanagementfx.InventoryApplication [main] Inventory Management Application starting up
2025-07-25 17:24:49,151 INFO com.leroy.inventorymanagementfx.InventoryApplication [JavaFX Application Thread] Starting Inventory Management Application
2025-07-25 17:24:49,174 INFO com.leroy.inventorymanagementfx.security.UserSession [JavaFX Application Thread] Loaded existing session for user Evans (ID: 2, Role: STOREKEEPER)
2025-07-25 17:24:49,274 INFO com.leroy.inventorymanagementfx.service.NotificationStompClient [JavaFX Application Thread] Attempting to connect STOMP client to: ws://localhost:8080/ws-notifications
2025-07-25 17:24:49,275 DEBUG com.leroy.inventorymanagementfx.InventoryApplication [JavaFX Application Thread] Loading main FXML file
2025-07-25 17:24:50,233 INFO com.leroy.inventorymanagementfx.controller.MainController [JavaFX Application Thread] MainController initialized. User Role: STOREKEEPER
2025-07-25 17:24:50,336 INFO com.leroy.inventorymanagementfx.controller.MainController [JavaFX Application Thread] NotificationStompClient set in MainController.
2025-07-25 17:24:50,337 WARN com.leroy.inventorymanagementfx.controller.MainController [JavaFX Application Thread] NotificationStompClient set, but topbar not yet loaded. Binding will occur when topbar is available.
2025-07-25 17:24:51,007 INFO com.leroy.inventorymanagementfx.service.NotificationStompClient [Grizzly(2)] STOMP Connected to: b581e224-917f-e83a-3ab7-27f660e6ebaa
2025-07-25 17:24:51,009 INFO com.leroy.inventorymanagementfx.service.NotificationStompClient [Grizzly(2)] Subscribing to STOMP topic: /topic/notifications/user-2
2025-07-25 17:24:51,304 INFO com.leroy.inventorymanagementfx.controller.MainController [JavaFX Application Thread] Successfully loaded view: storekeeper-dashboard
2025-07-25 17:24:51,311 INFO com.leroy.inventorymanagementfx.InventoryApplication [JavaFX Application Thread] Application icon set successfully from: file:/C:/Users/Evans%20Kojo%20Aidoo/Desktop/JavaProjectOriginal/InventoryManagementFx/build/resources/main/static/images/inventoryfxico.ico
2025-07-25 17:24:51,940 INFO com.leroy.inventorymanagementfx.InventoryApplication [JavaFX Application Thread] Application UI initialized successfully
2025-07-25 17:24:52,299 INFO com.leroy.inventorymanagementfx.InventoryApplication [JavaFX Application Thread] Application added to System Tray.
2025-07-25 17:24:52,353 INFO com.leroy.inventorymanagementfx.controller.MainController [JavaFX Application Thread] Topbar notification count bound successfully to NotificationStompClient.
2025-07-25 17:25:24,949 DEBUG com.leroy.inventorymanagementfx.controller.MainController [JavaFX Application Thread] Adding current page storekeeper-dashboard to back stack
2025-07-25 17:25:25,089 INFO com.leroy.inventorymanagementfx.controller.MainController [JavaFX Application Thread] Successfully loaded view: storekeeper-inventory-items
2025-07-25 17:29:10,960 INFO com.leroy.inventorymanagementfx.InventoryApplication [main] Inventory Management Application starting up
2025-07-25 17:29:12,376 INFO com.leroy.inventorymanagementfx.InventoryApplication [JavaFX Application Thread] Starting Inventory Management Application
2025-07-25 17:29:12,395 INFO com.leroy.inventorymanagementfx.security.UserSession [JavaFX Application Thread] Loaded existing session for user Evans (ID: 2, Role: STOREKEEPER)
2025-07-25 17:29:12,489 INFO com.leroy.inventorymanagementfx.service.NotificationStompClient [JavaFX Application Thread] Attempting to connect STOMP client to: ws://localhost:8080/ws-notifications
2025-07-25 17:29:12,490 DEBUG com.leroy.inventorymanagementfx.InventoryApplication [JavaFX Application Thread] Loading main FXML file
2025-07-25 17:29:13,226 INFO com.leroy.inventorymanagementfx.controller.MainController [JavaFX Application Thread] MainController initialized. User Role: STOREKEEPER
2025-07-25 17:29:13,317 INFO com.leroy.inventorymanagementfx.controller.MainController [JavaFX Application Thread] NotificationStompClient set in MainController.
2025-07-25 17:29:13,318 WARN com.leroy.inventorymanagementfx.controller.MainController [JavaFX Application Thread] NotificationStompClient set, but topbar not yet loaded. Binding will occur when topbar is available.
2025-07-25 17:29:13,838 INFO com.leroy.inventorymanagementfx.service.NotificationStompClient [Grizzly(2)] STOMP Connected to: 6ed9c655-4023-7726-8963-e0e0017415fe
2025-07-25 17:29:13,839 INFO com.leroy.inventorymanagementfx.service.NotificationStompClient [Grizzly(2)] Subscribing to STOMP topic: /topic/notifications/user-2
2025-07-25 17:29:14,163 INFO com.leroy.inventorymanagementfx.controller.MainController [JavaFX Application Thread] Successfully loaded view: storekeeper-dashboard
2025-07-25 17:29:14,171 INFO com.leroy.inventorymanagementfx.InventoryApplication [JavaFX Application Thread] Application icon set successfully from: file:/C:/Users/Evans%20Kojo%20Aidoo/Desktop/JavaProjectOriginal/InventoryManagementFx/build/resources/main/static/images/inventoryfxico.ico
2025-07-25 17:29:14,832 INFO com.leroy.inventorymanagementfx.InventoryApplication [JavaFX Application Thread] Application UI initialized successfully
2025-07-25 17:29:15,162 INFO com.leroy.inventorymanagementfx.InventoryApplication [JavaFX Application Thread] Application added to System Tray.
2025-07-25 17:29:15,226 INFO com.leroy.inventorymanagementfx.controller.MainController [JavaFX Application Thread] Topbar notification count bound successfully to NotificationStompClient.
2025-07-25 17:29:24,174 DEBUG com.leroy.inventorymanagementfx.controller.MainController [JavaFX Application Thread] Adding current page storekeeper-dashboard to back stack
2025-07-25 17:29:24,984 INFO com.leroy.inventorymanagementfx.controller.MainController [JavaFX Application Thread] Successfully loaded view: storekeeper-inventory-items
2025-07-25 17:29:25,728 INFO com.leroy.inventorymanagementfx.controller.storekeeper.InventoryItemsController [JavaFX Application Thread] null
2025-07-25 17:29:25,765 INFO com.leroy.inventorymanagementfx.controller.storekeeper.InventoryItemsController [JavaFX Application Thread] null
2025-07-25 17:40:02,283 INFO com.leroy.inventorymanagementfx.InventoryApplication [main] Inventory Management Application starting up
2025-07-25 17:40:02,476 INFO com.leroy.inventorymanagementfx.InventoryApplication [JavaFX Application Thread] Starting Inventory Management Application
2025-07-25 17:40:02,503 INFO com.leroy.inventorymanagementfx.security.UserSession [JavaFX Application Thread] Loaded existing session for user Evans (ID: 2, Role: STOREKEEPER)
2025-07-25 17:40:02,597 INFO com.leroy.inventorymanagementfx.service.NotificationStompClient [JavaFX Application Thread] Attempting to connect STOMP client to: ws://localhost:8080/ws-notifications
2025-07-25 17:40:02,598 DEBUG com.leroy.inventorymanagementfx.InventoryApplication [JavaFX Application Thread] Loading main FXML file
2025-07-25 17:40:07,707 INFO com.leroy.inventorymanagementfx.controller.MainController [JavaFX Application Thread] MainController initialized. User Role: STOREKEEPER
2025-07-25 17:40:08,540 INFO com.leroy.inventorymanagementfx.controller.MainController [JavaFX Application Thread] NotificationStompClient set in MainController.
2025-07-25 17:40:08,627 WARN com.leroy.inventorymanagementfx.controller.MainController [JavaFX Application Thread] NotificationStompClient set, but topbar not yet loaded. Binding will occur when topbar is available.
2025-07-25 17:40:14,773 INFO com.leroy.inventorymanagementfx.controller.MainController [JavaFX Application Thread] Successfully loaded view: storekeeper-dashboard
2025-07-25 17:40:14,854 INFO com.leroy.inventorymanagementfx.InventoryApplication [JavaFX Application Thread] Application icon set successfully from: file:/C:/Users/Evans%20Kojo%20Aidoo/Desktop/JavaProjectOriginal/InventoryManagementFx/build/resources/main/static/images/inventoryfxico.ico
2025-07-25 17:40:18,296 INFO com.leroy.inventorymanagementfx.InventoryApplication [JavaFX Application Thread] Application UI initialized successfully
2025-07-25 17:40:18,986 INFO com.leroy.inventorymanagementfx.InventoryApplication [JavaFX Application Thread] Application added to System Tray.
2025-07-25 17:40:19,110 INFO com.leroy.inventorymanagementfx.controller.MainController [JavaFX Application Thread] Topbar notification count bound successfully to NotificationStompClient.
2025-07-25 17:40:22,832 INFO com.leroy.inventorymanagementfx.service.NotificationStompClient [Grizzly(2)] STOMP Connected to: 07086241-56cb-7c87-ae77-f98d456e25a7
2025-07-25 17:40:22,835 INFO com.leroy.inventorymanagementfx.service.NotificationStompClient [Grizzly(2)] Subscribing to STOMP topic: /topic/notifications/user-2
2025-07-25 17:40:56,390 DEBUG com.leroy.inventorymanagementfx.controller.MainController [JavaFX Application Thread] Adding current page storekeeper-dashboard to back stack
2025-07-25 17:40:57,309 INFO com.leroy.inventorymanagementfx.controller.MainController [JavaFX Application Thread] Successfully loaded view: storekeeper-inventory-items
2025-07-25 17:41:02,882 INFO com.leroy.inventorymanagementfx.controller.storekeeper.InventoryItemsController [JavaFX Application Thread] null
2025-07-25 17:41:02,884 INFO com.leroy.inventorymanagementfx.controller.storekeeper.InventoryItemsController [JavaFX Application Thread] Id: 1Name: A4 SheetsPathnullReorder Level0
2025-07-25 17:41:02,956 INFO com.leroy.inventorymanagementfx.controller.storekeeper.InventoryItemsController [JavaFX Application Thread] null
2025-07-25 17:41:02,956 INFO com.leroy.inventorymanagementfx.controller.storekeeper.InventoryItemsController [JavaFX Application Thread] Id: 2Name: Blue PenPathnullReorder Level0
2025-07-25 17:42:54,509 INFO com.leroy.inventorymanagementfx.InventoryApplication [main] Inventory Management Application starting up
2025-07-25 17:42:56,332 INFO com.leroy.inventorymanagementfx.InventoryApplication [JavaFX Application Thread] Starting Inventory Management Application
2025-07-25 17:42:56,404 INFO com.leroy.inventorymanagementfx.security.UserSession [JavaFX Application Thread] Loaded existing session for user Evans (ID: 2, Role: STOREKEEPER)
2025-07-25 17:42:57,175 INFO com.leroy.inventorymanagementfx.service.NotificationStompClient [JavaFX Application Thread] Attempting to connect STOMP client to: ws://localhost:8080/ws-notifications
2025-07-25 17:42:57,176 DEBUG com.leroy.inventorymanagementfx.InventoryApplication [JavaFX Application Thread] Loading main FXML file
2025-07-25 17:42:59,421 INFO com.leroy.inventorymanagementfx.controller.MainController [JavaFX Application Thread] MainController initialized. User Role: STOREKEEPER
2025-07-25 17:42:59,463 INFO com.leroy.inventorymanagementfx.service.NotificationStompClient [Grizzly(2)] STOMP Connected to: c3df67b8-d674-18cc-d932-32ff0e05b71e
2025-07-25 17:42:59,464 INFO com.leroy.inventorymanagementfx.service.NotificationStompClient [Grizzly(2)] Subscribing to STOMP topic: /topic/notifications/user-2
2025-07-25 17:43:00,076 INFO com.leroy.inventorymanagementfx.controller.MainController [JavaFX Application Thread] NotificationStompClient set in MainController.
2025-07-25 17:43:00,077 WARN com.leroy.inventorymanagementfx.controller.MainController [JavaFX Application Thread] NotificationStompClient set, but topbar not yet loaded. Binding will occur when topbar is available.
2025-07-25 17:43:03,048 INFO com.leroy.inventorymanagementfx.controller.MainController [JavaFX Application Thread] Successfully loaded view: storekeeper-dashboard
2025-07-25 17:43:03,073 INFO com.leroy.inventorymanagementfx.InventoryApplication [JavaFX Application Thread] Application icon set successfully from: file:/C:/Users/Evans%20Kojo%20Aidoo/Desktop/JavaProjectOriginal/InventoryManagementFx/build/resources/main/static/images/inventoryfxico.ico
2025-07-25 17:43:04,099 INFO com.leroy.inventorymanagementfx.InventoryApplication [JavaFX Application Thread] Application UI initialized successfully
2025-07-25 17:43:04,454 INFO com.leroy.inventorymanagementfx.InventoryApplication [JavaFX Application Thread] Application added to System Tray.
2025-07-25 17:43:04,521 INFO com.leroy.inventorymanagementfx.controller.MainController [JavaFX Application Thread] Topbar notification count bound successfully to NotificationStompClient.
2025-07-25 17:43:29,467 DEBUG com.leroy.inventorymanagementfx.controller.MainController [JavaFX Application Thread] Adding current page storekeeper-dashboard to back stack
2025-07-25 17:43:29,586 INFO com.leroy.inventorymanagementfx.controller.MainController [JavaFX Application Thread] Successfully loaded view: storekeeper-inventory-items
2025-07-25 17:43:30,126 INFO com.leroy.inventorymanagementfx.controller.storekeeper.InventoryItemsController [JavaFX Application Thread] [{"id":1,"name":"A4 Sheets"},{"id":2,"name":"Blue Pen"}]
2025-07-25 17:43:30,131 INFO com.leroy.inventorymanagementfx.controller.storekeeper.InventoryItemsController [JavaFX Application Thread] Id: 1Name: A4 SheetsPathnullReorder Level0
2025-07-25 17:43:30,132 INFO com.leroy.inventorymanagementfx.controller.storekeeper.InventoryItemsController [JavaFX Application Thread] Id: 2Name: Blue PenPathnullReorder Level0
2025-07-25 17:49:37,837 ERROR com.leroy.inventorymanagementfx.service.NotificationStompClient [Grizzly(1)] STOMP Transport Error: Connection closed
org.springframework.messaging.simp.stomp.ConnectionLostException: Connection closed
	at org.springframework.messaging.simp.stomp.DefaultStompSession.afterConnectionClosed(DefaultStompSession.java:523) [spring-messaging-6.2.8.jar:6.2.8]
	at org.springframework.web.socket.messaging.WebSocketStompClient$WebSocketTcpConnectionHandlerAdapter.afterConnectionClosed(WebSocketStompClient.java:468) [spring-websocket-6.2.8.jar:6.2.8]
	at org.springframework.web.socket.handler.WebSocketHandlerDecorator.afterConnectionClosed(WebSocketHandlerDecorator.java:85) [spring-websocket-6.2.8.jar:6.2.8]
	at org.springframework.web.socket.handler.LoggingWebSocketHandlerDecorator.afterConnectionClosed(LoggingWebSocketHandlerDecorator.java:72) [spring-websocket-6.2.8.jar:6.2.8]
	at org.springframework.web.socket.adapter.standard.StandardWebSocketHandlerAdapter.onClose(StandardWebSocketHandlerAdapter.java:144) [spring-websocket-6.2.8.jar:6.2.8]
	at org.glassfish.tyrus.core.TyrusEndpointWrapper.onClose(TyrusEndpointWrapper.java:1246) [tyrus-core-2.2.0.jar:?]
	at org.glassfish.tyrus.core.TyrusWebSocket.onClose(TyrusWebSocket.java:110) [tyrus-core-2.2.0.jar:?]
	at org.glassfish.tyrus.core.ProtocolHandler.close(ProtocolHandler.java:488) [tyrus-core-2.2.0.jar:?]
	at org.glassfish.tyrus.core.TyrusWebSocket.close(TyrusWebSocket.java:244) [tyrus-core-2.2.0.jar:?]
	at org.glassfish.tyrus.client.TyrusClientEngine$2$1.close(TyrusClientEngine.java:624) [tyrus-client-2.2.0.jar:?]
	at org.glassfish.tyrus.container.grizzly.client.GrizzlyClientFilter$CloseTask.execute(GrizzlyClientFilter.java:485) [tyrus-container-grizzly-client-2.2.0.jar:?]
	at org.glassfish.tyrus.container.grizzly.client.TaskProcessor.processTask(TaskProcessor.java:91) [tyrus-container-grizzly-client-2.2.0.jar:?]
	at org.glassfish.tyrus.container.grizzly.client.TaskProcessor.processTask(TaskProcessor.java:68) [tyrus-container-grizzly-client-2.2.0.jar:?]
	at org.glassfish.tyrus.container.grizzly.client.GrizzlyClientFilter.handleClose(GrizzlyClientFilter.java:198) [tyrus-container-grizzly-client-2.2.0.jar:?]
	at org.glassfish.grizzly.filterchain.ExecutorResolver$4.execute(ExecutorResolver.java:50) [grizzly-framework-4.0.2.jar:4.0.2]
	at org.glassfish.grizzly.filterchain.DefaultFilterChain.executeFilter(DefaultFilterChain.java:246) [grizzly-framework-4.0.2.jar:4.0.2]
	at org.glassfish.grizzly.filterchain.DefaultFilterChain.executeChainPart(DefaultFilterChain.java:178) [grizzly-framework-4.0.2.jar:4.0.2]
	at org.glassfish.grizzly.filterchain.DefaultFilterChain.execute(DefaultFilterChain.java:118) [grizzly-framework-4.0.2.jar:4.0.2]
	at org.glassfish.grizzly.filterchain.DefaultFilterChain.process(DefaultFilterChain.java:96) [grizzly-framework-4.0.2.jar:4.0.2]
	at org.glassfish.grizzly.ProcessorExecutor.execute(ProcessorExecutor.java:51) [grizzly-framework-4.0.2.jar:4.0.2]
	at org.glassfish.grizzly.nio.transport.TCPNIOTransport.fireIOEvent(TCPNIOTransport.java:510) [grizzly-framework-4.0.2.jar:4.0.2]
	at org.glassfish.grizzly.nio.NIOConnection.preClose(NIOConnection.java:826) [grizzly-framework-4.0.2.jar:4.0.2]
	at org.glassfish.grizzly.nio.transport.TCPNIOConnection.preClose(TCPNIOConnection.java:78) [grizzly-framework-4.0.2.jar:4.0.2]
	at org.glassfish.grizzly.nio.NIOConnection.terminate0(NIOConnection.java:564) [grizzly-framework-4.0.2.jar:4.0.2]
	at org.glassfish.grizzly.nio.transport.TCPNIOConnection.terminate0(TCPNIOConnection.java:249) [grizzly-framework-4.0.2.jar:4.0.2]
	at org.glassfish.grizzly.nio.transport.TCPNIOTransport.read(TCPNIOTransport.java:577) [grizzly-framework-4.0.2.jar:4.0.2]
	at org.glassfish.grizzly.nio.transport.TCPNIOTransportFilter.handleRead(TCPNIOTransportFilter.java:59) [grizzly-framework-4.0.2.jar:4.0.2]
	at org.glassfish.grizzly.filterchain.TransportFilter.handleRead(TransportFilter.java:133) [grizzly-framework-4.0.2.jar:4.0.2]
	at org.glassfish.grizzly.filterchain.ExecutorResolver$9.execute(ExecutorResolver.java:88) [grizzly-framework-4.0.2.jar:4.0.2]
	at org.glassfish.grizzly.filterchain.DefaultFilterChain.executeFilter(DefaultFilterChain.java:246) [grizzly-framework-4.0.2.jar:4.0.2]
	at org.glassfish.grizzly.filterchain.DefaultFilterChain.executeChainPart(DefaultFilterChain.java:178) [grizzly-framework-4.0.2.jar:4.0.2]
	at org.glassfish.grizzly.filterchain.DefaultFilterChain.execute(DefaultFilterChain.java:118) [grizzly-framework-4.0.2.jar:4.0.2]
	at org.glassfish.grizzly.filterchain.DefaultFilterChain.process(DefaultFilterChain.java:96) [grizzly-framework-4.0.2.jar:4.0.2]
	at org.glassfish.grizzly.ProcessorExecutor.execute(ProcessorExecutor.java:51) [grizzly-framework-4.0.2.jar:4.0.2]
	at org.glassfish.grizzly.nio.transport.TCPNIOTransport.fireIOEvent(TCPNIOTransport.java:510) [grizzly-framework-4.0.2.jar:4.0.2]
	at org.glassfish.grizzly.strategies.AbstractIOStrategy.fireIOEvent(AbstractIOStrategy.java:82) [grizzly-framework-4.0.2.jar:4.0.2]
	at org.glassfish.grizzly.strategies.WorkerThreadIOStrategy.run0(WorkerThreadIOStrategy.java:83) [grizzly-framework-4.0.2.jar:4.0.2]
	at org.glassfish.grizzly.strategies.WorkerThreadIOStrategy$WorkerThreadRunnable.run(WorkerThreadIOStrategy.java:101) [grizzly-framework-4.0.2.jar:4.0.2]
	at org.glassfish.grizzly.threadpool.AbstractThreadPool$Worker.doWork(AbstractThreadPool.java:535) [grizzly-framework-4.0.2.jar:4.0.2]
	at org.glassfish.grizzly.threadpool.AbstractThreadPool$Worker.run(AbstractThreadPool.java:515) [grizzly-framework-4.0.2.jar:4.0.2]
	at java.base/java.lang.Thread.run(Thread.java:1447) [?:?]
2025-07-25 17:59:14,517 INFO com.leroy.inventorymanagementfx.controller.storekeeper.InventoryItemsController [JavaFX Application Thread] [{"id":1,"name":"A4 Sheets","description":"","unit":"reams","imagePath":"images/Directorate_of_Finance/1753461943682_a4 sheets.jpg","reorderLevel":20,"quantity":0},{"id":2,"name":"Blue Pen","description":"","unit":"pcs","imagePath":"images/Directorate_of_Finance/1753462001263_blue pen.jpg","reorderLevel":10,"quantity":0}]
2025-07-25 17:59:14,529 INFO com.leroy.inventorymanagementfx.controller.storekeeper.InventoryItemsController [JavaFX Application Thread] Id: 1Name: A4 SheetsPathimages/Directorate_of_Finance/1753461943682_a4 sheets.jpgReorder Level20
2025-07-25 17:59:14,530 INFO com.leroy.inventorymanagementfx.controller.storekeeper.InventoryItemsController [JavaFX Application Thread] Id: 2Name: Blue PenPathimages/Directorate_of_Finance/1753462001263_blue pen.jpgReorder Level10
2025-07-25 17:59:14,674 INFO com.leroy.inventorymanagementfx.controller.InventoryItemCardController [JavaFX Application Thread] Image path: images/Directorate_of_Finance/1753461943682_a4 sheets.jpg
2025-07-25 17:59:14,866 INFO com.leroy.inventorymanagementfx.controller.InventoryItemCardController [JavaFX Application Thread] Image: file:/C:/Users/Evans%20Kojo%20Aidoo/Desktop/JavaProjectOriginal/InventoryManagementFx/images/Directorate_of_Finance/1753461943682_a4%20sheets.jpg
2025-07-25 17:59:14,907 INFO com.leroy.inventorymanagementfx.controller.InventoryItemCardController [JavaFX Application Thread] Image path: images/Directorate_of_Finance/1753462001263_blue pen.jpg
2025-07-25 17:59:14,999 INFO com.leroy.inventorymanagementfx.controller.InventoryItemCardController [JavaFX Application Thread] Image: file:/C:/Users/Evans%20Kojo%20Aidoo/Desktop/JavaProjectOriginal/InventoryManagementFx/images/Directorate_of_Finance/1753462001263_blue%20pen.jpg
2025-07-25 17:59:33,757 INFO com.leroy.inventorymanagementfx.controller.storekeeper.InventoryItemsController [JavaFX Application Thread] Attempting to update item with ID: 2
2025-07-25 17:59:33,874 INFO com.leroy.inventorymanagementfx.service.storekeeper.InventoryItemService [JavaFX Application Thread] Updating inventory item with ID: 2
2025-07-25 17:59:34,755 INFO com.leroy.inventorymanagementfx.service.storekeeper.InventoryItemService [ForkJoinPool.commonPool-worker-2] Inventory item with ID 2 updated successfully.
2025-07-25 17:59:38,251 INFO com.leroy.inventorymanagementfx.controller.storekeeper.InventoryItemsController [JavaFX Application Thread] [{"id":1,"name":"A4 Sheets","description":"","unit":"reams","imagePath":"images/Directorate_of_Finance/1753461943682_a4 sheets.jpg","reorderLevel":20,"quantity":0},{"id":2,"name":"Blue Pen","description":"","unit":"pcs","imagePath":"images/Directorate_of_Finance/1753462001263_blue pen.jpg","reorderLevel":10,"quantity":0}]
2025-07-25 17:59:38,251 INFO com.leroy.inventorymanagementfx.controller.storekeeper.InventoryItemsController [JavaFX Application Thread] Id: 1Name: A4 SheetsPathimages/Directorate_of_Finance/1753461943682_a4 sheets.jpgReorder Level20
2025-07-25 17:59:38,252 INFO com.leroy.inventorymanagementfx.controller.storekeeper.InventoryItemsController [JavaFX Application Thread] Id: 2Name: Blue PenPathimages/Directorate_of_Finance/1753462001263_blue pen.jpgReorder Level10
2025-07-25 17:59:40,099 ERROR com.leroy.inventorymanagementfx.controller.storekeeper.InventoryItemsController [JavaFX Application Thread] Unexpected error during inventory item loading: null
java.lang.UnsupportedOperationException: null
	at javafx.base/javafx.collections.ObservableListBase.setAll(ObservableListBase.java:269) ~[javafx.base.jar:?]
	at com.leroy.inventorymanagementfx.controller.storekeeper.InventoryItemsController.displayListItems(InventoryItemsController.java:385) ~[main/:?]
	at com.leroy.inventorymanagementfx.controller.storekeeper.InventoryItemsController.displayCurrentPage(InventoryItemsController.java:366) ~[main/:?]
	at com.leroy.inventorymanagementfx.controller.storekeeper.InventoryItemsController.updatePagination(InventoryItemsController.java:342) ~[main/:?]
	at com.leroy.inventorymanagementfx.controller.storekeeper.InventoryItemsController.filterItems(InventoryItemsController.java:305) ~[main/:?]
	at com.leroy.inventorymanagementfx.controller.storekeeper.InventoryItemsController.lambda$loadInventoryItems$1(InventoryItemsController.java:410) [main/:?]
	at javafx.graphics/com.sun.javafx.application.PlatformImpl.lambda$runLater$4(PlatformImpl.java:419) [javafx.graphics.jar:?]
	at javafx.graphics/com.sun.glass.ui.InvokeLaterDispatcher$Future.run(InvokeLaterDispatcher.java:95) [javafx.graphics.jar:?]
	at javafx.graphics/com.sun.glass.ui.win.WinApplication._runLoop(Native Method) [javafx.graphics.jar:?]
	at javafx.graphics/com.sun.glass.ui.win.WinApplication.lambda$runLoop$0(WinApplication.java:168) [javafx.graphics.jar:?]
	at java.base/java.lang.Thread.run(Thread.java:1447) [?:?]
2025-07-25 17:59:42,026 INFO com.leroy.inventorymanagementfx.controller.storekeeper.InventoryItemsController [JavaFX Application Thread] Attempting to update item with ID: 1
2025-07-25 17:59:42,028 INFO com.leroy.inventorymanagementfx.service.storekeeper.InventoryItemService [JavaFX Application Thread] Updating inventory item with ID: 1
2025-07-25 17:59:42,107 INFO com.leroy.inventorymanagementfx.service.storekeeper.InventoryItemService [ForkJoinPool.commonPool-worker-2] Inventory item with ID 1 updated successfully.
2025-07-25 17:59:43,847 INFO com.leroy.inventorymanagementfx.controller.storekeeper.InventoryItemsController [JavaFX Application Thread] [{"id":1,"name":"A4 Sheets","description":"","unit":"reams","imagePath":"images/Directorate_of_Finance/1753461943682_a4 sheets.jpg","reorderLevel":20,"quantity":0},{"id":2,"name":"Blue Pen","description":"","unit":"pcs","imagePath":"images/Directorate_of_Finance/1753462001263_blue pen.jpg","reorderLevel":10,"quantity":0}]
2025-07-25 17:59:43,849 INFO com.leroy.inventorymanagementfx.controller.storekeeper.InventoryItemsController [JavaFX Application Thread] Id: 1Name: A4 SheetsPathimages/Directorate_of_Finance/1753461943682_a4 sheets.jpgReorder Level20
2025-07-25 17:59:43,850 INFO com.leroy.inventorymanagementfx.controller.storekeeper.InventoryItemsController [JavaFX Application Thread] Id: 2Name: Blue PenPathimages/Directorate_of_Finance/1753462001263_blue pen.jpgReorder Level10
2025-07-25 17:59:45,587 ERROR com.leroy.inventorymanagementfx.controller.storekeeper.InventoryItemsController [JavaFX Application Thread] Unexpected error during inventory item loading: null
java.lang.UnsupportedOperationException: null
	at javafx.base/javafx.collections.ObservableListBase.setAll(ObservableListBase.java:269) ~[javafx.base.jar:?]
	at com.leroy.inventorymanagementfx.controller.storekeeper.InventoryItemsController.displayListItems(InventoryItemsController.java:385) ~[main/:?]
	at com.leroy.inventorymanagementfx.controller.storekeeper.InventoryItemsController.displayCurrentPage(InventoryItemsController.java:366) ~[main/:?]
	at com.leroy.inventorymanagementfx.controller.storekeeper.InventoryItemsController.updatePagination(InventoryItemsController.java:342) ~[main/:?]
	at com.leroy.inventorymanagementfx.controller.storekeeper.InventoryItemsController.filterItems(InventoryItemsController.java:305) ~[main/:?]
	at com.leroy.inventorymanagementfx.controller.storekeeper.InventoryItemsController.lambda$loadInventoryItems$1(InventoryItemsController.java:410) [main/:?]
	at javafx.graphics/com.sun.javafx.application.PlatformImpl.lambda$runLater$4(PlatformImpl.java:419) [javafx.graphics.jar:?]
	at javafx.graphics/com.sun.glass.ui.InvokeLaterDispatcher$Future.run(InvokeLaterDispatcher.java:95) [javafx.graphics.jar:?]
	at javafx.graphics/com.sun.glass.ui.win.WinApplication._runLoop(Native Method) [javafx.graphics.jar:?]
	at javafx.graphics/com.sun.glass.ui.win.WinApplication.lambda$runLoop$0(WinApplication.java:168) [javafx.graphics.jar:?]
	at java.base/java.lang.Thread.run(Thread.java:1447) [?:?]
2025-07-25 18:00:46,606 INFO com.leroy.inventorymanagementfx.InventoryApplication [JavaFX Application Thread] User chose to minimize to tray
2025-07-25 18:00:46,662 INFO com.leroy.inventorymanagementfx.InventoryApplication [JavaFX Application Thread] Inventory Management Application is stopping.
2025-07-25 18:11:59,202 INFO com.leroy.inventorymanagementfx.InventoryApplication [main] Inventory Management Application starting up
2025-07-25 18:12:03,522 INFO com.leroy.inventorymanagementfx.InventoryApplication [JavaFX Application Thread] Starting Inventory Management Application
2025-07-25 18:12:03,802 INFO com.leroy.inventorymanagementfx.security.UserSession [JavaFX Application Thread] Loaded existing session for user Evans (ID: 2, Role: STOREKEEPER)
2025-07-25 18:12:05,211 INFO com.leroy.inventorymanagementfx.service.NotificationStompClient [JavaFX Application Thread] Attempting to connect STOMP client to: ws://localhost:8080/ws-notifications
2025-07-25 18:12:05,212 DEBUG com.leroy.inventorymanagementfx.InventoryApplication [JavaFX Application Thread] Loading main FXML file
2025-07-25 18:12:10,532 INFO com.leroy.inventorymanagementfx.controller.MainController [JavaFX Application Thread] MainController initialized. User Role: STOREKEEPER
2025-07-25 18:12:11,270 INFO com.leroy.inventorymanagementfx.controller.MainController [JavaFX Application Thread] NotificationStompClient set in MainController.
2025-07-25 18:12:11,271 WARN com.leroy.inventorymanagementfx.controller.MainController [JavaFX Application Thread] NotificationStompClient set, but topbar not yet loaded. Binding will occur when topbar is available.
2025-07-25 18:12:13,740 INFO com.leroy.inventorymanagementfx.controller.MainController [JavaFX Application Thread] Successfully loaded view: storekeeper-dashboard
2025-07-25 18:12:13,755 INFO com.leroy.inventorymanagementfx.InventoryApplication [JavaFX Application Thread] Application icon set successfully from: file:/C:/Users/Evans%20Kojo%20Aidoo/Desktop/JavaProjectOriginal/InventoryManagementFx/build/resources/main/static/images/inventoryfxico.ico
2025-07-25 18:12:15,640 INFO com.leroy.inventorymanagementfx.InventoryApplication [JavaFX Application Thread] Application UI initialized successfully
2025-07-25 18:12:16,078 INFO com.leroy.inventorymanagementfx.InventoryApplication [JavaFX Application Thread] Application added to System Tray.
2025-07-25 18:12:16,148 INFO com.leroy.inventorymanagementfx.controller.MainController [JavaFX Application Thread] Topbar notification count bound successfully to NotificationStompClient.
2025-07-25 18:12:34,345 ERROR com.leroy.inventorymanagementfx.controller.storekeeper.DashboardController [ForkJoinPool.commonPool-worker-1] Failed to fetch inventory summary. Status: 401, Body: 
2025-07-25 18:12:34,391 ERROR com.leroy.inventorymanagementfx.service.NotificationStompClient [Thread-3] Failed to connect STOMP client
java.util.concurrent.ExecutionException: org.glassfish.tyrus.client.exception.DeploymentHandshakeException: Handshake error.
	at java.base/java.util.concurrent.CompletableFuture.wrapInExecutionException(CompletableFuture.java:347) ~[?:?]
	at java.base/java.util.concurrent.CompletableFuture.reportGet(CompletableFuture.java:442) ~[?:?]
	at java.base/java.util.concurrent.CompletableFuture.get(CompletableFuture.java:2119) ~[?:?]
	at com.leroy.inventorymanagementfx.service.NotificationStompClient.lambda$connect$0(NotificationStompClient.java:102) [main/:?]
	at java.base/java.lang.Thread.run(Thread.java:1447) [?:?]
Caused by: org.glassfish.tyrus.client.exception.DeploymentHandshakeException: Handshake error.
	at org.glassfish.tyrus.client.exception.Exceptions.deploymentException(Exceptions.java:38) ~[tyrus-client-2.2.0.jar:?]
	at org.glassfish.tyrus.client.ClientManager$3$1.run(ClientManager.java:622) ~[tyrus-client-2.2.0.jar:?]
	at org.glassfish.tyrus.client.ClientManager$3.run(ClientManager.java:657) ~[tyrus-client-2.2.0.jar:?]
	at java.base/java.util.concurrent.Executors$RunnableAdapter.call(Executors.java:545) ~[?:?]
	at java.base/java.util.concurrent.FutureTask.run(FutureTask.java:328) ~[?:?]
	at org.glassfish.tyrus.client.ClientManager$SameThreadExecutorService.execute(ClientManager.java:810) ~[tyrus-client-2.2.0.jar:?]
	at java.base/java.util.concurrent.AbstractExecutorService.submit(AbstractExecutorService.java:124) ~[?:?]
	at org.glassfish.tyrus.client.ClientManager.connectToServer(ClientManager.java:460) ~[tyrus-client-2.2.0.jar:?]
	at org.glassfish.tyrus.client.ClientManager.lambda$connectToServer$2(ClientManager.java:313) ~[tyrus-client-2.2.0.jar:?]
	at org.glassfish.tyrus.client.ClientManager.tryCatchInterruptedExecutionEx(ClientManager.java:324) ~[tyrus-client-2.2.0.jar:?]
	at org.glassfish.tyrus.client.ClientManager.connectToServer(ClientManager.java:313) ~[tyrus-client-2.2.0.jar:?]
	at org.springframework.web.socket.client.standard.StandardWebSocketClient.lambda$executeInternal$0(StandardWebSocketClient.java:175) ~[spring-websocket-6.2.8.jar:6.2.8]
	at org.springframework.util.concurrent.FutureUtils.lambda$toSupplier$0(FutureUtils.java:74) ~[spring-core-6.2.8.jar:6.2.8]
	at java.base/java.util.concurrent.CompletableFuture$AsyncSupply.run(CompletableFuture.java:1814) ~[?:?]
	... 1 more
Caused by: org.glassfish.tyrus.client.auth.AuthenticationException: Authentication failed.
	at org.glassfish.tyrus.client.TyrusClientEngine.handleAuth(TyrusClientEngine.java:366) ~[tyrus-client-2.2.0.jar:?]
	at org.glassfish.tyrus.client.TyrusClientEngine.processResponse(TyrusClientEngine.java:270) ~[tyrus-client-2.2.0.jar:?]
	at org.glassfish.tyrus.container.grizzly.client.GrizzlyClientFilter.handleHandshake(GrizzlyClientFilter.java:323) ~[tyrus-container-grizzly-client-2.2.0.jar:?]
	at org.glassfish.tyrus.container.grizzly.client.GrizzlyClientFilter.handleRead(GrizzlyClientFilter.java:292) ~[tyrus-container-grizzly-client-2.2.0.jar:?]
	at org.glassfish.grizzly.filterchain.ExecutorResolver$9.execute(ExecutorResolver.java:88) ~[grizzly-framework-4.0.2.jar:4.0.2]
	at org.glassfish.grizzly.filterchain.DefaultFilterChain.executeFilter(DefaultFilterChain.java:246) ~[grizzly-framework-4.0.2.jar:4.0.2]
	at org.glassfish.grizzly.filterchain.DefaultFilterChain.executeChainPart(DefaultFilterChain.java:178) ~[grizzly-framework-4.0.2.jar:4.0.2]
	at org.glassfish.grizzly.filterchain.DefaultFilterChain.execute(DefaultFilterChain.java:118) ~[grizzly-framework-4.0.2.jar:4.0.2]
	at org.glassfish.grizzly.filterchain.DefaultFilterChain.process(DefaultFilterChain.java:96) ~[grizzly-framework-4.0.2.jar:4.0.2]
	at org.glassfish.grizzly.ProcessorExecutor.execute(ProcessorExecutor.java:51) ~[grizzly-framework-4.0.2.jar:4.0.2]
	at org.glassfish.grizzly.nio.transport.TCPNIOTransport.fireIOEvent(TCPNIOTransport.java:510) ~[grizzly-framework-4.0.2.jar:4.0.2]
	at org.glassfish.grizzly.strategies.AbstractIOStrategy.fireIOEvent(AbstractIOStrategy.java:82) ~[grizzly-framework-4.0.2.jar:4.0.2]
	at org.glassfish.grizzly.strategies.WorkerThreadIOStrategy.run0(WorkerThreadIOStrategy.java:83) ~[grizzly-framework-4.0.2.jar:4.0.2]
	at org.glassfish.grizzly.strategies.WorkerThreadIOStrategy$WorkerThreadRunnable.run(WorkerThreadIOStrategy.java:101) ~[grizzly-framework-4.0.2.jar:4.0.2]
	at org.glassfish.grizzly.threadpool.AbstractThreadPool$Worker.doWork(AbstractThreadPool.java:535) ~[grizzly-framework-4.0.2.jar:4.0.2]
	at org.glassfish.grizzly.threadpool.AbstractThreadPool$Worker.run(AbstractThreadPool.java:515) ~[grizzly-framework-4.0.2.jar:4.0.2]
	... 1 more
2025-07-25 18:12:34,391 ERROR com.leroy.inventorymanagementfx.service.NotificationStompClient [SimpleAsyncTaskExecutor-1] STOMP Transport Error: org.glassfish.tyrus.client.exception.DeploymentHandshakeException: Handshake error.
java.util.concurrent.CompletionException: org.glassfish.tyrus.client.exception.DeploymentHandshakeException: Handshake error.
	at org.springframework.util.concurrent.FutureUtils.lambda$toSupplier$0(FutureUtils.java:78) [spring-core-6.2.8.jar:6.2.8]
	at java.base/java.util.concurrent.CompletableFuture$AsyncSupply.run(CompletableFuture.java:1814) [?:?]
	at java.base/java.lang.Thread.run(Thread.java:1447) [?:?]
Caused by: org.glassfish.tyrus.client.exception.DeploymentHandshakeException: Handshake error.
	at org.glassfish.tyrus.client.exception.Exceptions.deploymentException(Exceptions.java:38) ~[tyrus-client-2.2.0.jar:?]
	at org.glassfish.tyrus.client.ClientManager$3$1.run(ClientManager.java:622) ~[tyrus-client-2.2.0.jar:?]
	at org.glassfish.tyrus.client.ClientManager$3.run(ClientManager.java:657) ~[tyrus-client-2.2.0.jar:?]
	at java.base/java.util.concurrent.Executors$RunnableAdapter.call(Executors.java:545) ~[?:?]
	at java.base/java.util.concurrent.FutureTask.run(FutureTask.java:328) ~[?:?]
	at org.glassfish.tyrus.client.ClientManager$SameThreadExecutorService.execute(ClientManager.java:810) ~[tyrus-client-2.2.0.jar:?]
	at java.base/java.util.concurrent.AbstractExecutorService.submit(AbstractExecutorService.java:124) ~[?:?]
	at org.glassfish.tyrus.client.ClientManager.connectToServer(ClientManager.java:460) ~[tyrus-client-2.2.0.jar:?]
	at org.glassfish.tyrus.client.ClientManager.lambda$connectToServer$2(ClientManager.java:313) ~[tyrus-client-2.2.0.jar:?]
	at org.glassfish.tyrus.client.ClientManager.tryCatchInterruptedExecutionEx(ClientManager.java:324) ~[tyrus-client-2.2.0.jar:?]
	at org.glassfish.tyrus.client.ClientManager.connectToServer(ClientManager.java:313) ~[tyrus-client-2.2.0.jar:?]
	at org.springframework.web.socket.client.standard.StandardWebSocketClient.lambda$executeInternal$0(StandardWebSocketClient.java:175) ~[spring-websocket-6.2.8.jar:6.2.8]
	at org.springframework.util.concurrent.FutureUtils.lambda$toSupplier$0(FutureUtils.java:74) ~[spring-core-6.2.8.jar:6.2.8]
	... 2 more
Caused by: org.glassfish.tyrus.client.auth.AuthenticationException: Authentication failed.
	at org.glassfish.tyrus.client.TyrusClientEngine.handleAuth(TyrusClientEngine.java:366) ~[tyrus-client-2.2.0.jar:?]
	at org.glassfish.tyrus.client.TyrusClientEngine.processResponse(TyrusClientEngine.java:270) ~[tyrus-client-2.2.0.jar:?]
	at org.glassfish.tyrus.container.grizzly.client.GrizzlyClientFilter.handleHandshake(GrizzlyClientFilter.java:323) ~[tyrus-container-grizzly-client-2.2.0.jar:?]
	at org.glassfish.tyrus.container.grizzly.client.GrizzlyClientFilter.handleRead(GrizzlyClientFilter.java:292) ~[tyrus-container-grizzly-client-2.2.0.jar:?]
	at org.glassfish.grizzly.filterchain.ExecutorResolver$9.execute(ExecutorResolver.java:88) ~[grizzly-framework-4.0.2.jar:4.0.2]
	at org.glassfish.grizzly.filterchain.DefaultFilterChain.executeFilter(DefaultFilterChain.java:246) ~[grizzly-framework-4.0.2.jar:4.0.2]
	at org.glassfish.grizzly.filterchain.DefaultFilterChain.executeChainPart(DefaultFilterChain.java:178) ~[grizzly-framework-4.0.2.jar:4.0.2]
	at org.glassfish.grizzly.filterchain.DefaultFilterChain.execute(DefaultFilterChain.java:118) ~[grizzly-framework-4.0.2.jar:4.0.2]
	at org.glassfish.grizzly.filterchain.DefaultFilterChain.process(DefaultFilterChain.java:96) ~[grizzly-framework-4.0.2.jar:4.0.2]
	at org.glassfish.grizzly.ProcessorExecutor.execute(ProcessorExecutor.java:51) ~[grizzly-framework-4.0.2.jar:4.0.2]
	at org.glassfish.grizzly.nio.transport.TCPNIOTransport.fireIOEvent(TCPNIOTransport.java:510) ~[grizzly-framework-4.0.2.jar:4.0.2]
	at org.glassfish.grizzly.strategies.AbstractIOStrategy.fireIOEvent(AbstractIOStrategy.java:82) ~[grizzly-framework-4.0.2.jar:4.0.2]
	at org.glassfish.grizzly.strategies.WorkerThreadIOStrategy.run0(WorkerThreadIOStrategy.java:83) ~[grizzly-framework-4.0.2.jar:4.0.2]
	at org.glassfish.grizzly.strategies.WorkerThreadIOStrategy$WorkerThreadRunnable.run(WorkerThreadIOStrategy.java:101) ~[grizzly-framework-4.0.2.jar:4.0.2]
	at org.glassfish.grizzly.threadpool.AbstractThreadPool$Worker.doWork(AbstractThreadPool.java:535) ~[grizzly-framework-4.0.2.jar:4.0.2]
	at org.glassfish.grizzly.threadpool.AbstractThreadPool$Worker.run(AbstractThreadPool.java:515) ~[grizzly-framework-4.0.2.jar:4.0.2]
	... 1 more
2025-07-25 18:12:40,977 INFO com.leroy.inventorymanagementfx.InventoryApplication [main] Inventory Management Application starting up
2025-07-25 18:12:42,555 INFO com.leroy.inventorymanagementfx.InventoryApplication [JavaFX Application Thread] Starting Inventory Management Application
2025-07-25 18:12:42,723 INFO com.leroy.inventorymanagementfx.security.UserSession [JavaFX Application Thread] Loaded existing session for user Evans (ID: 2, Role: STOREKEEPER)
2025-07-25 18:12:43,198 INFO com.leroy.inventorymanagementfx.service.NotificationStompClient [JavaFX Application Thread] Attempting to connect STOMP client to: ws://localhost:8080/ws-notifications
2025-07-25 18:12:43,273 DEBUG com.leroy.inventorymanagementfx.InventoryApplication [JavaFX Application Thread] Loading main FXML file
2025-07-25 18:12:45,384 ERROR com.leroy.inventorymanagementfx.service.NotificationStompClient [SimpleAsyncTaskExecutor-1] STOMP Transport Error: org.glassfish.tyrus.client.exception.DeploymentHandshakeException: Handshake error.
java.util.concurrent.CompletionException: org.glassfish.tyrus.client.exception.DeploymentHandshakeException: Handshake error.
	at org.springframework.util.concurrent.FutureUtils.lambda$toSupplier$0(FutureUtils.java:78) [spring-core-6.2.8.jar:6.2.8]
	at java.base/java.util.concurrent.CompletableFuture$AsyncSupply.run(CompletableFuture.java:1814) [?:?]
	at java.base/java.lang.Thread.run(Thread.java:1447) [?:?]
Caused by: org.glassfish.tyrus.client.exception.DeploymentHandshakeException: Handshake error.
	at org.glassfish.tyrus.client.exception.Exceptions.deploymentException(Exceptions.java:38) ~[tyrus-client-2.2.0.jar:?]
	at org.glassfish.tyrus.client.ClientManager$3$1.run(ClientManager.java:622) ~[tyrus-client-2.2.0.jar:?]
	at org.glassfish.tyrus.client.ClientManager$3.run(ClientManager.java:657) ~[tyrus-client-2.2.0.jar:?]
	at java.base/java.util.concurrent.Executors$RunnableAdapter.call(Executors.java:545) ~[?:?]
	at java.base/java.util.concurrent.FutureTask.run(FutureTask.java:328) ~[?:?]
	at org.glassfish.tyrus.client.ClientManager$SameThreadExecutorService.execute(ClientManager.java:810) ~[tyrus-client-2.2.0.jar:?]
	at java.base/java.util.concurrent.AbstractExecutorService.submit(AbstractExecutorService.java:124) ~[?:?]
	at org.glassfish.tyrus.client.ClientManager.connectToServer(ClientManager.java:460) ~[tyrus-client-2.2.0.jar:?]
	at org.glassfish.tyrus.client.ClientManager.lambda$connectToServer$2(ClientManager.java:313) ~[tyrus-client-2.2.0.jar:?]
	at org.glassfish.tyrus.client.ClientManager.tryCatchInterruptedExecutionEx(ClientManager.java:324) ~[tyrus-client-2.2.0.jar:?]
	at org.glassfish.tyrus.client.ClientManager.connectToServer(ClientManager.java:313) ~[tyrus-client-2.2.0.jar:?]
	at org.springframework.web.socket.client.standard.StandardWebSocketClient.lambda$executeInternal$0(StandardWebSocketClient.java:175) ~[spring-websocket-6.2.8.jar:6.2.8]
	at org.springframework.util.concurrent.FutureUtils.lambda$toSupplier$0(FutureUtils.java:74) ~[spring-core-6.2.8.jar:6.2.8]
	... 2 more
Caused by: org.glassfish.tyrus.client.auth.AuthenticationException: Authentication failed.
	at org.glassfish.tyrus.client.TyrusClientEngine.handleAuth(TyrusClientEngine.java:366) ~[tyrus-client-2.2.0.jar:?]
	at org.glassfish.tyrus.client.TyrusClientEngine.processResponse(TyrusClientEngine.java:270) ~[tyrus-client-2.2.0.jar:?]
	at org.glassfish.tyrus.container.grizzly.client.GrizzlyClientFilter.handleHandshake(GrizzlyClientFilter.java:323) ~[tyrus-container-grizzly-client-2.2.0.jar:?]
	at org.glassfish.tyrus.container.grizzly.client.GrizzlyClientFilter.handleRead(GrizzlyClientFilter.java:292) ~[tyrus-container-grizzly-client-2.2.0.jar:?]
	at org.glassfish.grizzly.filterchain.ExecutorResolver$9.execute(ExecutorResolver.java:88) ~[grizzly-framework-4.0.2.jar:4.0.2]
	at org.glassfish.grizzly.filterchain.DefaultFilterChain.executeFilter(DefaultFilterChain.java:246) ~[grizzly-framework-4.0.2.jar:4.0.2]
	at org.glassfish.grizzly.filterchain.DefaultFilterChain.executeChainPart(DefaultFilterChain.java:178) ~[grizzly-framework-4.0.2.jar:4.0.2]
	at org.glassfish.grizzly.filterchain.DefaultFilterChain.execute(DefaultFilterChain.java:118) ~[grizzly-framework-4.0.2.jar:4.0.2]
	at org.glassfish.grizzly.filterchain.DefaultFilterChain.process(DefaultFilterChain.java:96) ~[grizzly-framework-4.0.2.jar:4.0.2]
	at org.glassfish.grizzly.ProcessorExecutor.execute(ProcessorExecutor.java:51) ~[grizzly-framework-4.0.2.jar:4.0.2]
	at org.glassfish.grizzly.nio.transport.TCPNIOTransport.fireIOEvent(TCPNIOTransport.java:510) ~[grizzly-framework-4.0.2.jar:4.0.2]
	at org.glassfish.grizzly.strategies.AbstractIOStrategy.fireIOEvent(AbstractIOStrategy.java:82) ~[grizzly-framework-4.0.2.jar:4.0.2]
	at org.glassfish.grizzly.strategies.WorkerThreadIOStrategy.run0(WorkerThreadIOStrategy.java:83) ~[grizzly-framework-4.0.2.jar:4.0.2]
	at org.glassfish.grizzly.strategies.WorkerThreadIOStrategy$WorkerThreadRunnable.run(WorkerThreadIOStrategy.java:101) ~[grizzly-framework-4.0.2.jar:4.0.2]
	at org.glassfish.grizzly.threadpool.AbstractThreadPool$Worker.doWork(AbstractThreadPool.java:535) ~[grizzly-framework-4.0.2.jar:4.0.2]
	at org.glassfish.grizzly.threadpool.AbstractThreadPool$Worker.run(AbstractThreadPool.java:515) ~[grizzly-framework-4.0.2.jar:4.0.2]
	... 1 more
2025-07-25 18:12:45,385 ERROR com.leroy.inventorymanagementfx.service.NotificationStompClient [Thread-3] Failed to connect STOMP client
java.util.concurrent.ExecutionException: org.glassfish.tyrus.client.exception.DeploymentHandshakeException: Handshake error.
	at java.base/java.util.concurrent.CompletableFuture.wrapInExecutionException(CompletableFuture.java:347) ~[?:?]
	at java.base/java.util.concurrent.CompletableFuture.reportGet(CompletableFuture.java:442) ~[?:?]
	at java.base/java.util.concurrent.CompletableFuture.get(CompletableFuture.java:2119) ~[?:?]
	at com.leroy.inventorymanagementfx.service.NotificationStompClient.lambda$connect$0(NotificationStompClient.java:102) [main/:?]
	at java.base/java.lang.Thread.run(Thread.java:1447) [?:?]
Caused by: org.glassfish.tyrus.client.exception.DeploymentHandshakeException: Handshake error.
	at org.glassfish.tyrus.client.exception.Exceptions.deploymentException(Exceptions.java:38) ~[tyrus-client-2.2.0.jar:?]
	at org.glassfish.tyrus.client.ClientManager$3$1.run(ClientManager.java:622) ~[tyrus-client-2.2.0.jar:?]
	at org.glassfish.tyrus.client.ClientManager$3.run(ClientManager.java:657) ~[tyrus-client-2.2.0.jar:?]
	at java.base/java.util.concurrent.Executors$RunnableAdapter.call(Executors.java:545) ~[?:?]
	at java.base/java.util.concurrent.FutureTask.run(FutureTask.java:328) ~[?:?]
	at org.glassfish.tyrus.client.ClientManager$SameThreadExecutorService.execute(ClientManager.java:810) ~[tyrus-client-2.2.0.jar:?]
	at java.base/java.util.concurrent.AbstractExecutorService.submit(AbstractExecutorService.java:124) ~[?:?]
	at org.glassfish.tyrus.client.ClientManager.connectToServer(ClientManager.java:460) ~[tyrus-client-2.2.0.jar:?]
	at org.glassfish.tyrus.client.ClientManager.lambda$connectToServer$2(ClientManager.java:313) ~[tyrus-client-2.2.0.jar:?]
	at org.glassfish.tyrus.client.ClientManager.tryCatchInterruptedExecutionEx(ClientManager.java:324) ~[tyrus-client-2.2.0.jar:?]
	at org.glassfish.tyrus.client.ClientManager.connectToServer(ClientManager.java:313) ~[tyrus-client-2.2.0.jar:?]
	at org.springframework.web.socket.client.standard.StandardWebSocketClient.lambda$executeInternal$0(StandardWebSocketClient.java:175) ~[spring-websocket-6.2.8.jar:6.2.8]
	at org.springframework.util.concurrent.FutureUtils.lambda$toSupplier$0(FutureUtils.java:74) ~[spring-core-6.2.8.jar:6.2.8]
	at java.base/java.util.concurrent.CompletableFuture$AsyncSupply.run(CompletableFuture.java:1814) ~[?:?]
	... 1 more
Caused by: org.glassfish.tyrus.client.auth.AuthenticationException: Authentication failed.
	at org.glassfish.tyrus.client.TyrusClientEngine.handleAuth(TyrusClientEngine.java:366) ~[tyrus-client-2.2.0.jar:?]
	at org.glassfish.tyrus.client.TyrusClientEngine.processResponse(TyrusClientEngine.java:270) ~[tyrus-client-2.2.0.jar:?]
	at org.glassfish.tyrus.container.grizzly.client.GrizzlyClientFilter.handleHandshake(GrizzlyClientFilter.java:323) ~[tyrus-container-grizzly-client-2.2.0.jar:?]
	at org.glassfish.tyrus.container.grizzly.client.GrizzlyClientFilter.handleRead(GrizzlyClientFilter.java:292) ~[tyrus-container-grizzly-client-2.2.0.jar:?]
	at org.glassfish.grizzly.filterchain.ExecutorResolver$9.execute(ExecutorResolver.java:88) ~[grizzly-framework-4.0.2.jar:4.0.2]
	at org.glassfish.grizzly.filterchain.DefaultFilterChain.executeFilter(DefaultFilterChain.java:246) ~[grizzly-framework-4.0.2.jar:4.0.2]
	at org.glassfish.grizzly.filterchain.DefaultFilterChain.executeChainPart(DefaultFilterChain.java:178) ~[grizzly-framework-4.0.2.jar:4.0.2]
	at org.glassfish.grizzly.filterchain.DefaultFilterChain.execute(DefaultFilterChain.java:118) ~[grizzly-framework-4.0.2.jar:4.0.2]
	at org.glassfish.grizzly.filterchain.DefaultFilterChain.process(DefaultFilterChain.java:96) ~[grizzly-framework-4.0.2.jar:4.0.2]
	at org.glassfish.grizzly.ProcessorExecutor.execute(ProcessorExecutor.java:51) ~[grizzly-framework-4.0.2.jar:4.0.2]
	at org.glassfish.grizzly.nio.transport.TCPNIOTransport.fireIOEvent(TCPNIOTransport.java:510) ~[grizzly-framework-4.0.2.jar:4.0.2]
	at org.glassfish.grizzly.strategies.AbstractIOStrategy.fireIOEvent(AbstractIOStrategy.java:82) ~[grizzly-framework-4.0.2.jar:4.0.2]
	at org.glassfish.grizzly.strategies.WorkerThreadIOStrategy.run0(WorkerThreadIOStrategy.java:83) ~[grizzly-framework-4.0.2.jar:4.0.2]
	at org.glassfish.grizzly.strategies.WorkerThreadIOStrategy$WorkerThreadRunnable.run(WorkerThreadIOStrategy.java:101) ~[grizzly-framework-4.0.2.jar:4.0.2]
	at org.glassfish.grizzly.threadpool.AbstractThreadPool$Worker.doWork(AbstractThreadPool.java:535) ~[grizzly-framework-4.0.2.jar:4.0.2]
	at org.glassfish.grizzly.threadpool.AbstractThreadPool$Worker.run(AbstractThreadPool.java:515) ~[grizzly-framework-4.0.2.jar:4.0.2]
	... 1 more
2025-07-25 18:12:45,707 INFO com.leroy.inventorymanagementfx.controller.MainController [JavaFX Application Thread] MainController initialized. User Role: STOREKEEPER
2025-07-25 18:12:46,521 INFO com.leroy.inventorymanagementfx.controller.MainController [JavaFX Application Thread] NotificationStompClient set in MainController.
2025-07-25 18:12:46,522 WARN com.leroy.inventorymanagementfx.controller.MainController [JavaFX Application Thread] NotificationStompClient set, but topbar not yet loaded. Binding will occur when topbar is available.
2025-07-25 18:12:49,481 INFO com.leroy.inventorymanagementfx.controller.MainController [JavaFX Application Thread] Successfully loaded view: storekeeper-dashboard
2025-07-25 18:12:49,501 INFO com.leroy.inventorymanagementfx.InventoryApplication [JavaFX Application Thread] Application icon set successfully from: file:/C:/Users/Evans%20Kojo%20Aidoo/Desktop/JavaProjectOriginal/InventoryManagementFx/build/resources/main/static/images/inventoryfxico.ico
2025-07-25 18:12:49,759 ERROR com.leroy.inventorymanagementfx.controller.storekeeper.DashboardController [ForkJoinPool.commonPool-worker-1] Failed to fetch inventory summary. Status: 401, Body: 
2025-07-25 18:12:53,211 INFO com.leroy.inventorymanagementfx.InventoryApplication [JavaFX Application Thread] Application UI initialized successfully
2025-07-25 18:12:53,603 INFO com.leroy.inventorymanagementfx.InventoryApplication [JavaFX Application Thread] Application added to System Tray.
2025-07-25 18:12:53,688 INFO com.leroy.inventorymanagementfx.controller.MainController [JavaFX Application Thread] Topbar notification count bound successfully to NotificationStompClient.
2025-07-25 18:13:09,627 INFO com.leroy.inventorymanagementfx.InventoryApplication [JavaFX Application Thread] User chose to logout before closing
2025-07-25 18:13:09,630 INFO com.leroy.inventorymanagementfx.service.AuthService [JavaFX Application Thread] User logged out. Session and JWT cleared.
2025-07-25 18:13:16,112 INFO com.leroy.inventorymanagementfx.InventoryApplication [JavaFX Application Thread] User chose to logout before closing
2025-07-25 18:13:16,115 INFO com.leroy.inventorymanagementfx.service.AuthService [JavaFX Application Thread] User logged out. Session and JWT cleared.
2025-07-25 18:14:33,078 INFO com.leroy.inventorymanagementfx.InventoryApplication [main] Inventory Management Application starting up
2025-07-25 18:14:33,972 INFO com.leroy.inventorymanagementfx.InventoryApplication [JavaFX Application Thread] Starting Inventory Management Application
2025-07-25 18:14:33,997 INFO com.leroy.inventorymanagementfx.security.UserSession [JavaFX Application Thread] Loaded existing session for user Evans (ID: 2, Role: STOREKEEPER)
2025-07-25 18:14:34,079 INFO com.leroy.inventorymanagementfx.service.NotificationStompClient [JavaFX Application Thread] Attempting to connect STOMP client to: ws://localhost:8080/ws-notifications
2025-07-25 18:14:34,080 DEBUG com.leroy.inventorymanagementfx.InventoryApplication [JavaFX Application Thread] Loading main FXML file
2025-07-25 18:14:35,129 INFO com.leroy.inventorymanagementfx.controller.MainController [JavaFX Application Thread] MainController initialized. User Role: STOREKEEPER
2025-07-25 18:14:35,124 ERROR com.leroy.inventorymanagementfx.service.NotificationStompClient [SimpleAsyncTaskExecutor-1] STOMP Transport Error: org.glassfish.tyrus.client.exception.DeploymentHandshakeException: Handshake error.
java.util.concurrent.CompletionException: org.glassfish.tyrus.client.exception.DeploymentHandshakeException: Handshake error.
	at org.springframework.util.concurrent.FutureUtils.lambda$toSupplier$0(FutureUtils.java:78) [spring-core-6.2.8.jar:6.2.8]
	at java.base/java.util.concurrent.CompletableFuture$AsyncSupply.run(CompletableFuture.java:1814) [?:?]
	at java.base/java.lang.Thread.run(Thread.java:1447) [?:?]
Caused by: org.glassfish.tyrus.client.exception.DeploymentHandshakeException: Handshake error.
	at org.glassfish.tyrus.client.exception.Exceptions.deploymentException(Exceptions.java:38) ~[tyrus-client-2.2.0.jar:?]
	at org.glassfish.tyrus.client.ClientManager$3$1.run(ClientManager.java:622) ~[tyrus-client-2.2.0.jar:?]
	at org.glassfish.tyrus.client.ClientManager$3.run(ClientManager.java:657) ~[tyrus-client-2.2.0.jar:?]
	at java.base/java.util.concurrent.Executors$RunnableAdapter.call(Executors.java:545) ~[?:?]
	at java.base/java.util.concurrent.FutureTask.run(FutureTask.java:328) ~[?:?]
	at org.glassfish.tyrus.client.ClientManager$SameThreadExecutorService.execute(ClientManager.java:810) ~[tyrus-client-2.2.0.jar:?]
	at java.base/java.util.concurrent.AbstractExecutorService.submit(AbstractExecutorService.java:124) ~[?:?]
	at org.glassfish.tyrus.client.ClientManager.connectToServer(ClientManager.java:460) ~[tyrus-client-2.2.0.jar:?]
	at org.glassfish.tyrus.client.ClientManager.lambda$connectToServer$2(ClientManager.java:313) ~[tyrus-client-2.2.0.jar:?]
	at org.glassfish.tyrus.client.ClientManager.tryCatchInterruptedExecutionEx(ClientManager.java:324) ~[tyrus-client-2.2.0.jar:?]
	at org.glassfish.tyrus.client.ClientManager.connectToServer(ClientManager.java:313) ~[tyrus-client-2.2.0.jar:?]
	at org.springframework.web.socket.client.standard.StandardWebSocketClient.lambda$executeInternal$0(StandardWebSocketClient.java:175) ~[spring-websocket-6.2.8.jar:6.2.8]
	at org.springframework.util.concurrent.FutureUtils.lambda$toSupplier$0(FutureUtils.java:74) ~[spring-core-6.2.8.jar:6.2.8]
	... 2 more
Caused by: org.glassfish.tyrus.client.auth.AuthenticationException: Authentication failed.
	at org.glassfish.tyrus.client.TyrusClientEngine.handleAuth(TyrusClientEngine.java:366) ~[tyrus-client-2.2.0.jar:?]
	at org.glassfish.tyrus.client.TyrusClientEngine.processResponse(TyrusClientEngine.java:270) ~[tyrus-client-2.2.0.jar:?]
	at org.glassfish.tyrus.container.grizzly.client.GrizzlyClientFilter.handleHandshake(GrizzlyClientFilter.java:323) ~[tyrus-container-grizzly-client-2.2.0.jar:?]
	at org.glassfish.tyrus.container.grizzly.client.GrizzlyClientFilter.handleRead(GrizzlyClientFilter.java:292) ~[tyrus-container-grizzly-client-2.2.0.jar:?]
	at org.glassfish.grizzly.filterchain.ExecutorResolver$9.execute(ExecutorResolver.java:88) ~[grizzly-framework-4.0.2.jar:4.0.2]
	at org.glassfish.grizzly.filterchain.DefaultFilterChain.executeFilter(DefaultFilterChain.java:246) ~[grizzly-framework-4.0.2.jar:4.0.2]
	at org.glassfish.grizzly.filterchain.DefaultFilterChain.executeChainPart(DefaultFilterChain.java:178) ~[grizzly-framework-4.0.2.jar:4.0.2]
	at org.glassfish.grizzly.filterchain.DefaultFilterChain.execute(DefaultFilterChain.java:118) ~[grizzly-framework-4.0.2.jar:4.0.2]
	at org.glassfish.grizzly.filterchain.DefaultFilterChain.process(DefaultFilterChain.java:96) ~[grizzly-framework-4.0.2.jar:4.0.2]
	at org.glassfish.grizzly.ProcessorExecutor.execute(ProcessorExecutor.java:51) ~[grizzly-framework-4.0.2.jar:4.0.2]
	at org.glassfish.grizzly.nio.transport.TCPNIOTransport.fireIOEvent(TCPNIOTransport.java:510) ~[grizzly-framework-4.0.2.jar:4.0.2]
	at org.glassfish.grizzly.strategies.AbstractIOStrategy.fireIOEvent(AbstractIOStrategy.java:82) ~[grizzly-framework-4.0.2.jar:4.0.2]
	at org.glassfish.grizzly.strategies.WorkerThreadIOStrategy.run0(WorkerThreadIOStrategy.java:83) ~[grizzly-framework-4.0.2.jar:4.0.2]
	at org.glassfish.grizzly.strategies.WorkerThreadIOStrategy$WorkerThreadRunnable.run(WorkerThreadIOStrategy.java:101) ~[grizzly-framework-4.0.2.jar:4.0.2]
	at org.glassfish.grizzly.threadpool.AbstractThreadPool$Worker.doWork(AbstractThreadPool.java:535) ~[grizzly-framework-4.0.2.jar:4.0.2]
	at org.glassfish.grizzly.threadpool.AbstractThreadPool$Worker.run(AbstractThreadPool.java:515) ~[grizzly-framework-4.0.2.jar:4.0.2]
	... 1 more
2025-07-25 18:14:35,124 ERROR com.leroy.inventorymanagementfx.service.NotificationStompClient [Thread-3] Failed to connect STOMP client
java.util.concurrent.ExecutionException: org.glassfish.tyrus.client.exception.DeploymentHandshakeException: Handshake error.
	at java.base/java.util.concurrent.CompletableFuture.wrapInExecutionException(CompletableFuture.java:347) ~[?:?]
	at java.base/java.util.concurrent.CompletableFuture.reportGet(CompletableFuture.java:442) ~[?:?]
	at java.base/java.util.concurrent.CompletableFuture.get(CompletableFuture.java:2119) ~[?:?]
	at com.leroy.inventorymanagementfx.service.NotificationStompClient.lambda$connect$0(NotificationStompClient.java:102) [main/:?]
	at java.base/java.lang.Thread.run(Thread.java:1447) [?:?]
Caused by: org.glassfish.tyrus.client.exception.DeploymentHandshakeException: Handshake error.
	at org.glassfish.tyrus.client.exception.Exceptions.deploymentException(Exceptions.java:38) ~[tyrus-client-2.2.0.jar:?]
	at org.glassfish.tyrus.client.ClientManager$3$1.run(ClientManager.java:622) ~[tyrus-client-2.2.0.jar:?]
	at org.glassfish.tyrus.client.ClientManager$3.run(ClientManager.java:657) ~[tyrus-client-2.2.0.jar:?]
	at java.base/java.util.concurrent.Executors$RunnableAdapter.call(Executors.java:545) ~[?:?]
	at java.base/java.util.concurrent.FutureTask.run(FutureTask.java:328) ~[?:?]
	at org.glassfish.tyrus.client.ClientManager$SameThreadExecutorService.execute(ClientManager.java:810) ~[tyrus-client-2.2.0.jar:?]
	at java.base/java.util.concurrent.AbstractExecutorService.submit(AbstractExecutorService.java:124) ~[?:?]
	at org.glassfish.tyrus.client.ClientManager.connectToServer(ClientManager.java:460) ~[tyrus-client-2.2.0.jar:?]
	at org.glassfish.tyrus.client.ClientManager.lambda$connectToServer$2(ClientManager.java:313) ~[tyrus-client-2.2.0.jar:?]
	at org.glassfish.tyrus.client.ClientManager.tryCatchInterruptedExecutionEx(ClientManager.java:324) ~[tyrus-client-2.2.0.jar:?]
	at org.glassfish.tyrus.client.ClientManager.connectToServer(ClientManager.java:313) ~[tyrus-client-2.2.0.jar:?]
	at org.springframework.web.socket.client.standard.StandardWebSocketClient.lambda$executeInternal$0(StandardWebSocketClient.java:175) ~[spring-websocket-6.2.8.jar:6.2.8]
	at org.springframework.util.concurrent.FutureUtils.lambda$toSupplier$0(FutureUtils.java:74) ~[spring-core-6.2.8.jar:6.2.8]
	at java.base/java.util.concurrent.CompletableFuture$AsyncSupply.run(CompletableFuture.java:1814) ~[?:?]
	... 1 more
Caused by: org.glassfish.tyrus.client.auth.AuthenticationException: Authentication failed.
	at org.glassfish.tyrus.client.TyrusClientEngine.handleAuth(TyrusClientEngine.java:366) ~[tyrus-client-2.2.0.jar:?]
	at org.glassfish.tyrus.client.TyrusClientEngine.processResponse(TyrusClientEngine.java:270) ~[tyrus-client-2.2.0.jar:?]
	at org.glassfish.tyrus.container.grizzly.client.GrizzlyClientFilter.handleHandshake(GrizzlyClientFilter.java:323) ~[tyrus-container-grizzly-client-2.2.0.jar:?]
	at org.glassfish.tyrus.container.grizzly.client.GrizzlyClientFilter.handleRead(GrizzlyClientFilter.java:292) ~[tyrus-container-grizzly-client-2.2.0.jar:?]
	at org.glassfish.grizzly.filterchain.ExecutorResolver$9.execute(ExecutorResolver.java:88) ~[grizzly-framework-4.0.2.jar:4.0.2]
	at org.glassfish.grizzly.filterchain.DefaultFilterChain.executeFilter(DefaultFilterChain.java:246) ~[grizzly-framework-4.0.2.jar:4.0.2]
	at org.glassfish.grizzly.filterchain.DefaultFilterChain.executeChainPart(DefaultFilterChain.java:178) ~[grizzly-framework-4.0.2.jar:4.0.2]
	at org.glassfish.grizzly.filterchain.DefaultFilterChain.execute(DefaultFilterChain.java:118) ~[grizzly-framework-4.0.2.jar:4.0.2]
	at org.glassfish.grizzly.filterchain.DefaultFilterChain.process(DefaultFilterChain.java:96) ~[grizzly-framework-4.0.2.jar:4.0.2]
	at org.glassfish.grizzly.ProcessorExecutor.execute(ProcessorExecutor.java:51) ~[grizzly-framework-4.0.2.jar:4.0.2]
	at org.glassfish.grizzly.nio.transport.TCPNIOTransport.fireIOEvent(TCPNIOTransport.java:510) ~[grizzly-framework-4.0.2.jar:4.0.2]
	at org.glassfish.grizzly.strategies.AbstractIOStrategy.fireIOEvent(AbstractIOStrategy.java:82) ~[grizzly-framework-4.0.2.jar:4.0.2]
	at org.glassfish.grizzly.strategies.WorkerThreadIOStrategy.run0(WorkerThreadIOStrategy.java:83) ~[grizzly-framework-4.0.2.jar:4.0.2]
	at org.glassfish.grizzly.strategies.WorkerThreadIOStrategy$WorkerThreadRunnable.run(WorkerThreadIOStrategy.java:101) ~[grizzly-framework-4.0.2.jar:4.0.2]
	at org.glassfish.grizzly.threadpool.AbstractThreadPool$Worker.doWork(AbstractThreadPool.java:535) ~[grizzly-framework-4.0.2.jar:4.0.2]
	at org.glassfish.grizzly.threadpool.AbstractThreadPool$Worker.run(AbstractThreadPool.java:515) ~[grizzly-framework-4.0.2.jar:4.0.2]
	... 1 more
2025-07-25 18:14:35,466 INFO com.leroy.inventorymanagementfx.controller.MainController [JavaFX Application Thread] NotificationStompClient set in MainController.
2025-07-25 18:14:35,467 WARN com.leroy.inventorymanagementfx.controller.MainController [JavaFX Application Thread] NotificationStompClient set, but topbar not yet loaded. Binding will occur when topbar is available.
2025-07-25 18:14:37,016 INFO com.leroy.inventorymanagementfx.controller.MainController [JavaFX Application Thread] Successfully loaded view: storekeeper-dashboard
2025-07-25 18:14:37,023 INFO com.leroy.inventorymanagementfx.InventoryApplication [JavaFX Application Thread] Application icon set successfully from: file:/C:/Users/Evans%20Kojo%20Aidoo/Desktop/JavaProjectOriginal/InventoryManagementFx/build/resources/main/static/images/inventoryfxico.ico
2025-07-25 18:14:37,169 ERROR com.leroy.inventorymanagementfx.controller.storekeeper.DashboardController [ForkJoinPool.commonPool-worker-1] Failed to fetch inventory summary. Status: 401, Body: 
2025-07-25 18:14:37,922 INFO com.leroy.inventorymanagementfx.InventoryApplication [JavaFX Application Thread] Application UI initialized successfully
2025-07-25 18:14:41,527 INFO com.leroy.inventorymanagementfx.InventoryApplication [JavaFX Application Thread] Application added to System Tray.
2025-07-25 18:14:41,643 INFO com.leroy.inventorymanagementfx.controller.MainController [JavaFX Application Thread] Topbar notification count bound successfully to NotificationStompClient.
2025-07-25 18:14:53,503 INFO com.leroy.inventorymanagementfx.InventoryApplication [JavaFX Application Thread] User chose to logout before closing
2025-07-25 18:14:53,506 INFO com.leroy.inventorymanagementfx.service.AuthService [JavaFX Application Thread] User logged out. Session and JWT cleared.
2025-07-25 18:15:18,508 INFO com.leroy.inventorymanagementfx.InventoryApplication [main] Inventory Management Application starting up
2025-07-25 18:15:18,586 INFO com.leroy.inventorymanagementfx.InventoryApplication [JavaFX Application Thread] Starting Inventory Management Application
2025-07-25 18:15:18,600 INFO com.leroy.inventorymanagementfx.security.UserSession [JavaFX Application Thread] Loaded existing session for user Evans (ID: 2, Role: STOREKEEPER)
2025-07-25 18:15:18,654 INFO com.leroy.inventorymanagementfx.service.NotificationStompClient [JavaFX Application Thread] Attempting to connect STOMP client to: ws://localhost:8080/ws-notifications
2025-07-25 18:15:18,655 DEBUG com.leroy.inventorymanagementfx.InventoryApplication [JavaFX Application Thread] Loading main FXML file
2025-07-25 18:15:19,336 INFO com.leroy.inventorymanagementfx.controller.MainController [JavaFX Application Thread] MainController initialized. User Role: STOREKEEPER
2025-07-25 18:15:19,422 INFO com.leroy.inventorymanagementfx.controller.MainController [JavaFX Application Thread] NotificationStompClient set in MainController.
2025-07-25 18:15:19,423 WARN com.leroy.inventorymanagementfx.controller.MainController [JavaFX Application Thread] NotificationStompClient set, but topbar not yet loaded. Binding will occur when topbar is available.
2025-07-25 18:15:19,438 ERROR com.leroy.inventorymanagementfx.service.NotificationStompClient [SimpleAsyncTaskExecutor-1] STOMP Transport Error: org.glassfish.tyrus.client.exception.DeploymentHandshakeException: Handshake error.
java.util.concurrent.CompletionException: org.glassfish.tyrus.client.exception.DeploymentHandshakeException: Handshake error.
	at org.springframework.util.concurrent.FutureUtils.lambda$toSupplier$0(FutureUtils.java:78) [spring-core-6.2.8.jar:6.2.8]
	at java.base/java.util.concurrent.CompletableFuture$AsyncSupply.run(CompletableFuture.java:1814) [?:?]
	at java.base/java.lang.Thread.run(Thread.java:1447) [?:?]
Caused by: org.glassfish.tyrus.client.exception.DeploymentHandshakeException: Handshake error.
	at org.glassfish.tyrus.client.exception.Exceptions.deploymentException(Exceptions.java:38) ~[tyrus-client-2.2.0.jar:?]
	at org.glassfish.tyrus.client.ClientManager$3$1.run(ClientManager.java:622) ~[tyrus-client-2.2.0.jar:?]
	at org.glassfish.tyrus.client.ClientManager$3.run(ClientManager.java:657) ~[tyrus-client-2.2.0.jar:?]
	at java.base/java.util.concurrent.Executors$RunnableAdapter.call(Executors.java:545) ~[?:?]
	at java.base/java.util.concurrent.FutureTask.run(FutureTask.java:328) ~[?:?]
	at org.glassfish.tyrus.client.ClientManager$SameThreadExecutorService.execute(ClientManager.java:810) ~[tyrus-client-2.2.0.jar:?]
	at java.base/java.util.concurrent.AbstractExecutorService.submit(AbstractExecutorService.java:124) ~[?:?]
	at org.glassfish.tyrus.client.ClientManager.connectToServer(ClientManager.java:460) ~[tyrus-client-2.2.0.jar:?]
	at org.glassfish.tyrus.client.ClientManager.lambda$connectToServer$2(ClientManager.java:313) ~[tyrus-client-2.2.0.jar:?]
	at org.glassfish.tyrus.client.ClientManager.tryCatchInterruptedExecutionEx(ClientManager.java:324) ~[tyrus-client-2.2.0.jar:?]
	at org.glassfish.tyrus.client.ClientManager.connectToServer(ClientManager.java:313) ~[tyrus-client-2.2.0.jar:?]
	at org.springframework.web.socket.client.standard.StandardWebSocketClient.lambda$executeInternal$0(StandardWebSocketClient.java:175) ~[spring-websocket-6.2.8.jar:6.2.8]
	at org.springframework.util.concurrent.FutureUtils.lambda$toSupplier$0(FutureUtils.java:74) ~[spring-core-6.2.8.jar:6.2.8]
	... 2 more
Caused by: org.glassfish.tyrus.client.auth.AuthenticationException: Authentication failed.
	at org.glassfish.tyrus.client.TyrusClientEngine.handleAuth(TyrusClientEngine.java:366) ~[tyrus-client-2.2.0.jar:?]
	at org.glassfish.tyrus.client.TyrusClientEngine.processResponse(TyrusClientEngine.java:270) ~[tyrus-client-2.2.0.jar:?]
	at org.glassfish.tyrus.container.grizzly.client.GrizzlyClientFilter.handleHandshake(GrizzlyClientFilter.java:323) ~[tyrus-container-grizzly-client-2.2.0.jar:?]
	at org.glassfish.tyrus.container.grizzly.client.GrizzlyClientFilter.handleRead(GrizzlyClientFilter.java:292) ~[tyrus-container-grizzly-client-2.2.0.jar:?]
	at org.glassfish.grizzly.filterchain.ExecutorResolver$9.execute(ExecutorResolver.java:88) ~[grizzly-framework-4.0.2.jar:4.0.2]
	at org.glassfish.grizzly.filterchain.DefaultFilterChain.executeFilter(DefaultFilterChain.java:246) ~[grizzly-framework-4.0.2.jar:4.0.2]
	at org.glassfish.grizzly.filterchain.DefaultFilterChain.executeChainPart(DefaultFilterChain.java:178) ~[grizzly-framework-4.0.2.jar:4.0.2]
	at org.glassfish.grizzly.filterchain.DefaultFilterChain.execute(DefaultFilterChain.java:118) ~[grizzly-framework-4.0.2.jar:4.0.2]
	at org.glassfish.grizzly.filterchain.DefaultFilterChain.process(DefaultFilterChain.java:96) ~[grizzly-framework-4.0.2.jar:4.0.2]
	at org.glassfish.grizzly.ProcessorExecutor.execute(ProcessorExecutor.java:51) ~[grizzly-framework-4.0.2.jar:4.0.2]
	at org.glassfish.grizzly.nio.transport.TCPNIOTransport.fireIOEvent(TCPNIOTransport.java:510) ~[grizzly-framework-4.0.2.jar:4.0.2]
	at org.glassfish.grizzly.strategies.AbstractIOStrategy.fireIOEvent(AbstractIOStrategy.java:82) ~[grizzly-framework-4.0.2.jar:4.0.2]
	at org.glassfish.grizzly.strategies.WorkerThreadIOStrategy.run0(WorkerThreadIOStrategy.java:83) ~[grizzly-framework-4.0.2.jar:4.0.2]
	at org.glassfish.grizzly.strategies.WorkerThreadIOStrategy$WorkerThreadRunnable.run(WorkerThreadIOStrategy.java:101) ~[grizzly-framework-4.0.2.jar:4.0.2]
	at org.glassfish.grizzly.threadpool.AbstractThreadPool$Worker.doWork(AbstractThreadPool.java:535) ~[grizzly-framework-4.0.2.jar:4.0.2]
	at org.glassfish.grizzly.threadpool.AbstractThreadPool$Worker.run(AbstractThreadPool.java:515) ~[grizzly-framework-4.0.2.jar:4.0.2]
	... 1 more
2025-07-25 18:15:19,438 ERROR com.leroy.inventorymanagementfx.service.NotificationStompClient [Thread-3] Failed to connect STOMP client
java.util.concurrent.ExecutionException: org.glassfish.tyrus.client.exception.DeploymentHandshakeException: Handshake error.
	at java.base/java.util.concurrent.CompletableFuture.wrapInExecutionException(CompletableFuture.java:347) ~[?:?]
	at java.base/java.util.concurrent.CompletableFuture.reportGet(CompletableFuture.java:442) ~[?:?]
	at java.base/java.util.concurrent.CompletableFuture.get(CompletableFuture.java:2119) ~[?:?]
	at com.leroy.inventorymanagementfx.service.NotificationStompClient.lambda$connect$0(NotificationStompClient.java:102) [main/:?]
	at java.base/java.lang.Thread.run(Thread.java:1447) [?:?]
Caused by: org.glassfish.tyrus.client.exception.DeploymentHandshakeException: Handshake error.
	at org.glassfish.tyrus.client.exception.Exceptions.deploymentException(Exceptions.java:38) ~[tyrus-client-2.2.0.jar:?]
	at org.glassfish.tyrus.client.ClientManager$3$1.run(ClientManager.java:622) ~[tyrus-client-2.2.0.jar:?]
	at org.glassfish.tyrus.client.ClientManager$3.run(ClientManager.java:657) ~[tyrus-client-2.2.0.jar:?]
	at java.base/java.util.concurrent.Executors$RunnableAdapter.call(Executors.java:545) ~[?:?]
	at java.base/java.util.concurrent.FutureTask.run(FutureTask.java:328) ~[?:?]
	at org.glassfish.tyrus.client.ClientManager$SameThreadExecutorService.execute(ClientManager.java:810) ~[tyrus-client-2.2.0.jar:?]
	at java.base/java.util.concurrent.AbstractExecutorService.submit(AbstractExecutorService.java:124) ~[?:?]
	at org.glassfish.tyrus.client.ClientManager.connectToServer(ClientManager.java:460) ~[tyrus-client-2.2.0.jar:?]
	at org.glassfish.tyrus.client.ClientManager.lambda$connectToServer$2(ClientManager.java:313) ~[tyrus-client-2.2.0.jar:?]
	at org.glassfish.tyrus.client.ClientManager.tryCatchInterruptedExecutionEx(ClientManager.java:324) ~[tyrus-client-2.2.0.jar:?]
	at org.glassfish.tyrus.client.ClientManager.connectToServer(ClientManager.java:313) ~[tyrus-client-2.2.0.jar:?]
	at org.springframework.web.socket.client.standard.StandardWebSocketClient.lambda$executeInternal$0(StandardWebSocketClient.java:175) ~[spring-websocket-6.2.8.jar:6.2.8]
	at org.springframework.util.concurrent.FutureUtils.lambda$toSupplier$0(FutureUtils.java:74) ~[spring-core-6.2.8.jar:6.2.8]
	at java.base/java.util.concurrent.CompletableFuture$AsyncSupply.run(CompletableFuture.java:1814) ~[?:?]
	... 1 more
Caused by: org.glassfish.tyrus.client.auth.AuthenticationException: Authentication failed.
	at org.glassfish.tyrus.client.TyrusClientEngine.handleAuth(TyrusClientEngine.java:366) ~[tyrus-client-2.2.0.jar:?]
	at org.glassfish.tyrus.client.TyrusClientEngine.processResponse(TyrusClientEngine.java:270) ~[tyrus-client-2.2.0.jar:?]
	at org.glassfish.tyrus.container.grizzly.client.GrizzlyClientFilter.handleHandshake(GrizzlyClientFilter.java:323) ~[tyrus-container-grizzly-client-2.2.0.jar:?]
	at org.glassfish.tyrus.container.grizzly.client.GrizzlyClientFilter.handleRead(GrizzlyClientFilter.java:292) ~[tyrus-container-grizzly-client-2.2.0.jar:?]
	at org.glassfish.grizzly.filterchain.ExecutorResolver$9.execute(ExecutorResolver.java:88) ~[grizzly-framework-4.0.2.jar:4.0.2]
	at org.glassfish.grizzly.filterchain.DefaultFilterChain.executeFilter(DefaultFilterChain.java:246) ~[grizzly-framework-4.0.2.jar:4.0.2]
	at org.glassfish.grizzly.filterchain.DefaultFilterChain.executeChainPart(DefaultFilterChain.java:178) ~[grizzly-framework-4.0.2.jar:4.0.2]
	at org.glassfish.grizzly.filterchain.DefaultFilterChain.execute(DefaultFilterChain.java:118) ~[grizzly-framework-4.0.2.jar:4.0.2]
	at org.glassfish.grizzly.filterchain.DefaultFilterChain.process(DefaultFilterChain.java:96) ~[grizzly-framework-4.0.2.jar:4.0.2]
	at org.glassfish.grizzly.ProcessorExecutor.execute(ProcessorExecutor.java:51) ~[grizzly-framework-4.0.2.jar:4.0.2]
	at org.glassfish.grizzly.nio.transport.TCPNIOTransport.fireIOEvent(TCPNIOTransport.java:510) ~[grizzly-framework-4.0.2.jar:4.0.2]
	at org.glassfish.grizzly.strategies.AbstractIOStrategy.fireIOEvent(AbstractIOStrategy.java:82) ~[grizzly-framework-4.0.2.jar:4.0.2]
	at org.glassfish.grizzly.strategies.WorkerThreadIOStrategy.run0(WorkerThreadIOStrategy.java:83) ~[grizzly-framework-4.0.2.jar:4.0.2]
	at org.glassfish.grizzly.strategies.WorkerThreadIOStrategy$WorkerThreadRunnable.run(WorkerThreadIOStrategy.java:101) ~[grizzly-framework-4.0.2.jar:4.0.2]
	at org.glassfish.grizzly.threadpool.AbstractThreadPool$Worker.doWork(AbstractThreadPool.java:535) ~[grizzly-framework-4.0.2.jar:4.0.2]
	at org.glassfish.grizzly.threadpool.AbstractThreadPool$Worker.run(AbstractThreadPool.java:515) ~[grizzly-framework-4.0.2.jar:4.0.2]
	... 1 more
2025-07-25 18:15:20,307 INFO com.leroy.inventorymanagementfx.controller.MainController [JavaFX Application Thread] Successfully loaded view: storekeeper-dashboard
2025-07-25 18:15:20,314 INFO com.leroy.inventorymanagementfx.InventoryApplication [JavaFX Application Thread] Application icon set successfully from: file:/C:/Users/Evans%20Kojo%20Aidoo/Desktop/JavaProjectOriginal/InventoryManagementFx/build/resources/main/static/images/inventoryfxico.ico
2025-07-25 18:15:20,454 ERROR com.leroy.inventorymanagementfx.controller.storekeeper.DashboardController [ForkJoinPool.commonPool-worker-1] Failed to fetch inventory summary. Status: 401, Body: 
2025-07-25 18:15:20,822 INFO com.leroy.inventorymanagementfx.InventoryApplication [JavaFX Application Thread] Application UI initialized successfully
2025-07-25 18:15:21,166 INFO com.leroy.inventorymanagementfx.InventoryApplication [JavaFX Application Thread] Application added to System Tray.
2025-07-25 18:15:21,228 INFO com.leroy.inventorymanagementfx.controller.MainController [JavaFX Application Thread] Topbar notification count bound successfully to NotificationStompClient.
2025-07-25 18:15:50,191 INFO com.leroy.inventorymanagementfx.service.AuthService [JavaFX Application Thread] User logged out. Session and JWT cleared.
2025-07-25 18:15:50,381 INFO com.leroy.inventorymanagementfx.controller.MainController [JavaFX Application Thread] Successfully loaded view: common-login
2025-07-25 18:15:50,389 DEBUG com.leroy.inventorymanagementfx.security.UserSession [JavaFX Application Thread] Session file user_session.properties cleared
2025-07-25 18:15:50,389 INFO com.leroy.inventorymanagementfx.security.UserSession [JavaFX Application Thread] User session cleared
2025-07-25 18:15:54,348 INFO com.leroy.inventorymanagementfx.InventoryApplication [JavaFX Application Thread] User chose to minimize to tray
2025-07-25 18:15:54,431 INFO com.leroy.inventorymanagementfx.InventoryApplication [JavaFX Application Thread] Inventory Management Application is stopping.
2025-07-25 18:16:07,742 INFO com.leroy.inventorymanagementfx.InventoryApplication [main] Inventory Management Application starting up
2025-07-25 18:16:07,844 INFO com.leroy.inventorymanagementfx.InventoryApplication [JavaFX Application Thread] Starting Inventory Management Application
2025-07-25 18:16:07,865 DEBUG com.leroy.inventorymanagementfx.security.UserSession [JavaFX Application Thread] No existing session file found at user_session.properties
2025-07-25 18:16:07,865 WARN com.leroy.inventorymanagementfx.InventoryApplication [JavaFX Application Thread] User ID is 0. WebSocket notifications may not work correctly until a user logs in.
2025-07-25 18:16:07,937 INFO com.leroy.inventorymanagementfx.service.NotificationStompClient [JavaFX Application Thread] Attempting to connect STOMP client to: ws://localhost:8080/ws-notifications
2025-07-25 18:16:07,939 DEBUG com.leroy.inventorymanagementfx.InventoryApplication [JavaFX Application Thread] Loading main FXML file
2025-07-25 18:16:08,608 ERROR com.leroy.inventorymanagementfx.service.NotificationStompClient [SimpleAsyncTaskExecutor-1] STOMP Transport Error: org.glassfish.tyrus.client.exception.DeploymentHandshakeException: Handshake error.
java.util.concurrent.CompletionException: org.glassfish.tyrus.client.exception.DeploymentHandshakeException: Handshake error.
	at org.springframework.util.concurrent.FutureUtils.lambda$toSupplier$0(FutureUtils.java:78) [spring-core-6.2.8.jar:6.2.8]
	at java.base/java.util.concurrent.CompletableFuture$AsyncSupply.run(CompletableFuture.java:1814) [?:?]
	at java.base/java.lang.Thread.run(Thread.java:1447) [?:?]
Caused by: org.glassfish.tyrus.client.exception.DeploymentHandshakeException: Handshake error.
	at org.glassfish.tyrus.client.exception.Exceptions.deploymentException(Exceptions.java:38) ~[tyrus-client-2.2.0.jar:?]
	at org.glassfish.tyrus.client.ClientManager$3$1.run(ClientManager.java:622) ~[tyrus-client-2.2.0.jar:?]
	at org.glassfish.tyrus.client.ClientManager$3.run(ClientManager.java:657) ~[tyrus-client-2.2.0.jar:?]
	at java.base/java.util.concurrent.Executors$RunnableAdapter.call(Executors.java:545) ~[?:?]
	at java.base/java.util.concurrent.FutureTask.run(FutureTask.java:328) ~[?:?]
	at org.glassfish.tyrus.client.ClientManager$SameThreadExecutorService.execute(ClientManager.java:810) ~[tyrus-client-2.2.0.jar:?]
	at java.base/java.util.concurrent.AbstractExecutorService.submit(AbstractExecutorService.java:124) ~[?:?]
	at org.glassfish.tyrus.client.ClientManager.connectToServer(ClientManager.java:460) ~[tyrus-client-2.2.0.jar:?]
	at org.glassfish.tyrus.client.ClientManager.lambda$connectToServer$2(ClientManager.java:313) ~[tyrus-client-2.2.0.jar:?]
	at org.glassfish.tyrus.client.ClientManager.tryCatchInterruptedExecutionEx(ClientManager.java:324) ~[tyrus-client-2.2.0.jar:?]
	at org.glassfish.tyrus.client.ClientManager.connectToServer(ClientManager.java:313) ~[tyrus-client-2.2.0.jar:?]
	at org.springframework.web.socket.client.standard.StandardWebSocketClient.lambda$executeInternal$0(StandardWebSocketClient.java:175) ~[spring-websocket-6.2.8.jar:6.2.8]
	at org.springframework.util.concurrent.FutureUtils.lambda$toSupplier$0(FutureUtils.java:74) ~[spring-core-6.2.8.jar:6.2.8]
	... 2 more
Caused by: org.glassfish.tyrus.client.auth.AuthenticationException: Authentication failed.
	at org.glassfish.tyrus.client.TyrusClientEngine.handleAuth(TyrusClientEngine.java:366) ~[tyrus-client-2.2.0.jar:?]
	at org.glassfish.tyrus.client.TyrusClientEngine.processResponse(TyrusClientEngine.java:270) ~[tyrus-client-2.2.0.jar:?]
	at org.glassfish.tyrus.container.grizzly.client.GrizzlyClientFilter.handleHandshake(GrizzlyClientFilter.java:323) ~[tyrus-container-grizzly-client-2.2.0.jar:?]
	at org.glassfish.tyrus.container.grizzly.client.GrizzlyClientFilter.handleRead(GrizzlyClientFilter.java:292) ~[tyrus-container-grizzly-client-2.2.0.jar:?]
	at org.glassfish.grizzly.filterchain.ExecutorResolver$9.execute(ExecutorResolver.java:88) ~[grizzly-framework-4.0.2.jar:4.0.2]
	at org.glassfish.grizzly.filterchain.DefaultFilterChain.executeFilter(DefaultFilterChain.java:246) ~[grizzly-framework-4.0.2.jar:4.0.2]
	at org.glassfish.grizzly.filterchain.DefaultFilterChain.executeChainPart(DefaultFilterChain.java:178) ~[grizzly-framework-4.0.2.jar:4.0.2]
	at org.glassfish.grizzly.filterchain.DefaultFilterChain.execute(DefaultFilterChain.java:118) ~[grizzly-framework-4.0.2.jar:4.0.2]
	at org.glassfish.grizzly.filterchain.DefaultFilterChain.process(DefaultFilterChain.java:96) ~[grizzly-framework-4.0.2.jar:4.0.2]
	at org.glassfish.grizzly.ProcessorExecutor.execute(ProcessorExecutor.java:51) ~[grizzly-framework-4.0.2.jar:4.0.2]
	at org.glassfish.grizzly.nio.transport.TCPNIOTransport.fireIOEvent(TCPNIOTransport.java:510) ~[grizzly-framework-4.0.2.jar:4.0.2]
	at org.glassfish.grizzly.strategies.AbstractIOStrategy.fireIOEvent(AbstractIOStrategy.java:82) ~[grizzly-framework-4.0.2.jar:4.0.2]
	at org.glassfish.grizzly.strategies.WorkerThreadIOStrategy.run0(WorkerThreadIOStrategy.java:83) ~[grizzly-framework-4.0.2.jar:4.0.2]
	at org.glassfish.grizzly.strategies.WorkerThreadIOStrategy$WorkerThreadRunnable.run(WorkerThreadIOStrategy.java:101) ~[grizzly-framework-4.0.2.jar:4.0.2]
	at org.glassfish.grizzly.threadpool.AbstractThreadPool$Worker.doWork(AbstractThreadPool.java:535) ~[grizzly-framework-4.0.2.jar:4.0.2]
	at org.glassfish.grizzly.threadpool.AbstractThreadPool$Worker.run(AbstractThreadPool.java:515) ~[grizzly-framework-4.0.2.jar:4.0.2]
	... 1 more
2025-07-25 18:16:08,608 ERROR com.leroy.inventorymanagementfx.service.NotificationStompClient [Thread-3] Failed to connect STOMP client
java.util.concurrent.ExecutionException: org.glassfish.tyrus.client.exception.DeploymentHandshakeException: Handshake error.
	at java.base/java.util.concurrent.CompletableFuture.wrapInExecutionException(CompletableFuture.java:347) ~[?:?]
	at java.base/java.util.concurrent.CompletableFuture.reportGet(CompletableFuture.java:442) ~[?:?]
	at java.base/java.util.concurrent.CompletableFuture.get(CompletableFuture.java:2119) ~[?:?]
	at com.leroy.inventorymanagementfx.service.NotificationStompClient.lambda$connect$0(NotificationStompClient.java:102) [main/:?]
	at java.base/java.lang.Thread.run(Thread.java:1447) [?:?]
Caused by: org.glassfish.tyrus.client.exception.DeploymentHandshakeException: Handshake error.
	at org.glassfish.tyrus.client.exception.Exceptions.deploymentException(Exceptions.java:38) ~[tyrus-client-2.2.0.jar:?]
	at org.glassfish.tyrus.client.ClientManager$3$1.run(ClientManager.java:622) ~[tyrus-client-2.2.0.jar:?]
	at org.glassfish.tyrus.client.ClientManager$3.run(ClientManager.java:657) ~[tyrus-client-2.2.0.jar:?]
	at java.base/java.util.concurrent.Executors$RunnableAdapter.call(Executors.java:545) ~[?:?]
	at java.base/java.util.concurrent.FutureTask.run(FutureTask.java:328) ~[?:?]
	at org.glassfish.tyrus.client.ClientManager$SameThreadExecutorService.execute(ClientManager.java:810) ~[tyrus-client-2.2.0.jar:?]
	at java.base/java.util.concurrent.AbstractExecutorService.submit(AbstractExecutorService.java:124) ~[?:?]
	at org.glassfish.tyrus.client.ClientManager.connectToServer(ClientManager.java:460) ~[tyrus-client-2.2.0.jar:?]
	at org.glassfish.tyrus.client.ClientManager.lambda$connectToServer$2(ClientManager.java:313) ~[tyrus-client-2.2.0.jar:?]
	at org.glassfish.tyrus.client.ClientManager.tryCatchInterruptedExecutionEx(ClientManager.java:324) ~[tyrus-client-2.2.0.jar:?]
	at org.glassfish.tyrus.client.ClientManager.connectToServer(ClientManager.java:313) ~[tyrus-client-2.2.0.jar:?]
	at org.springframework.web.socket.client.standard.StandardWebSocketClient.lambda$executeInternal$0(StandardWebSocketClient.java:175) ~[spring-websocket-6.2.8.jar:6.2.8]
	at org.springframework.util.concurrent.FutureUtils.lambda$toSupplier$0(FutureUtils.java:74) ~[spring-core-6.2.8.jar:6.2.8]
	at java.base/java.util.concurrent.CompletableFuture$AsyncSupply.run(CompletableFuture.java:1814) ~[?:?]
	... 1 more
Caused by: org.glassfish.tyrus.client.auth.AuthenticationException: Authentication failed.
	at org.glassfish.tyrus.client.TyrusClientEngine.handleAuth(TyrusClientEngine.java:366) ~[tyrus-client-2.2.0.jar:?]
	at org.glassfish.tyrus.client.TyrusClientEngine.processResponse(TyrusClientEngine.java:270) ~[tyrus-client-2.2.0.jar:?]
	at org.glassfish.tyrus.container.grizzly.client.GrizzlyClientFilter.handleHandshake(GrizzlyClientFilter.java:323) ~[tyrus-container-grizzly-client-2.2.0.jar:?]
	at org.glassfish.tyrus.container.grizzly.client.GrizzlyClientFilter.handleRead(GrizzlyClientFilter.java:292) ~[tyrus-container-grizzly-client-2.2.0.jar:?]
	at org.glassfish.grizzly.filterchain.ExecutorResolver$9.execute(ExecutorResolver.java:88) ~[grizzly-framework-4.0.2.jar:4.0.2]
	at org.glassfish.grizzly.filterchain.DefaultFilterChain.executeFilter(DefaultFilterChain.java:246) ~[grizzly-framework-4.0.2.jar:4.0.2]
	at org.glassfish.grizzly.filterchain.DefaultFilterChain.executeChainPart(DefaultFilterChain.java:178) ~[grizzly-framework-4.0.2.jar:4.0.2]
	at org.glassfish.grizzly.filterchain.DefaultFilterChain.execute(DefaultFilterChain.java:118) ~[grizzly-framework-4.0.2.jar:4.0.2]
	at org.glassfish.grizzly.filterchain.DefaultFilterChain.process(DefaultFilterChain.java:96) ~[grizzly-framework-4.0.2.jar:4.0.2]
	at org.glassfish.grizzly.ProcessorExecutor.execute(ProcessorExecutor.java:51) ~[grizzly-framework-4.0.2.jar:4.0.2]
	at org.glassfish.grizzly.nio.transport.TCPNIOTransport.fireIOEvent(TCPNIOTransport.java:510) ~[grizzly-framework-4.0.2.jar:4.0.2]
	at org.glassfish.grizzly.strategies.AbstractIOStrategy.fireIOEvent(AbstractIOStrategy.java:82) ~[grizzly-framework-4.0.2.jar:4.0.2]
	at org.glassfish.grizzly.strategies.WorkerThreadIOStrategy.run0(WorkerThreadIOStrategy.java:83) ~[grizzly-framework-4.0.2.jar:4.0.2]
	at org.glassfish.grizzly.strategies.WorkerThreadIOStrategy$WorkerThreadRunnable.run(WorkerThreadIOStrategy.java:101) ~[grizzly-framework-4.0.2.jar:4.0.2]
	at org.glassfish.grizzly.threadpool.AbstractThreadPool$Worker.doWork(AbstractThreadPool.java:535) ~[grizzly-framework-4.0.2.jar:4.0.2]
	at org.glassfish.grizzly.threadpool.AbstractThreadPool$Worker.run(AbstractThreadPool.java:515) ~[grizzly-framework-4.0.2.jar:4.0.2]
	... 1 more
2025-07-25 18:16:08,648 INFO com.leroy.inventorymanagementfx.controller.MainController [JavaFX Application Thread] MainController initialized. User Role: null
2025-07-25 18:16:08,734 INFO com.leroy.inventorymanagementfx.controller.MainController [JavaFX Application Thread] NotificationStompClient set in MainController.
2025-07-25 18:16:08,735 WARN com.leroy.inventorymanagementfx.controller.MainController [JavaFX Application Thread] NotificationStompClient set, but topbar not yet loaded. Binding will occur when topbar is available.
2025-07-25 18:16:09,572 INFO com.leroy.inventorymanagementfx.controller.MainController [JavaFX Application Thread] Successfully loaded view: common-login
2025-07-25 18:16:09,594 INFO com.leroy.inventorymanagementfx.InventoryApplication [JavaFX Application Thread] Application icon set successfully from: file:/C:/Users/Evans%20Kojo%20Aidoo/Desktop/JavaProjectOriginal/InventoryManagementFx/build/resources/main/static/images/inventoryfxico.ico
2025-07-25 18:16:10,243 INFO com.leroy.inventorymanagementfx.InventoryApplication [JavaFX Application Thread] Application UI initialized successfully
2025-07-25 18:16:10,462 INFO com.leroy.inventorymanagementfx.InventoryApplication [JavaFX Application Thread] Application added to System Tray.
2025-07-25 18:16:39,628 INFO com.leroy.inventorymanagementfx.service.AuthService [JavaFX Application Thread] Sending login request for email: estherkorankye@gmail.com
2025-07-25 18:16:59,826 WARN com.leroy.inventorymanagementfx.service.AuthService [ForkJoinPool.commonPool-worker-1] Standard Login failed. Status: 401, Body: {"message":"Invalid credentials"}
2025-07-25 18:17:02,111 INFO com.leroy.inventorymanagementfx.service.AuthService [JavaFX Application Thread] Sending login request for email: estherkorankye132@gmail.com
2025-07-25 18:17:06,548 INFO com.leroy.inventorymanagementfx.service.AuthService [ForkJoinPool.commonPool-worker-1] Standard Login successful. Session initialized: ID=1, Name=Esther, Role=ADMIN
2025-07-25 18:17:06,578 DEBUG com.leroy.inventorymanagementfx.security.UserSession [JavaFX Application Thread] Session data saved to user_session.properties
2025-07-25 18:17:06,579 INFO com.leroy.inventorymanagementfx.security.UserSession [JavaFX Application Thread] Session initialized for user Esther (ID: 1, Role: ADMIN)
2025-07-25 18:17:06,586 DEBUG com.leroy.inventorymanagementfx.controller.MainController [JavaFX Application Thread] Adding current page common-login to back stack
2025-07-25 18:17:06,627 INFO com.leroy.inventorymanagementfx.controller.MainController [JavaFX Application Thread] Successfully loaded view: admin-create-department
2025-07-25 18:17:07,074 DEBUG com.leroy.inventorymanagementfx.security.UserSession [JavaFX Application Thread] Session data saved to user_session.properties
2025-07-25 18:17:07,074 INFO com.leroy.inventorymanagementfx.security.UserSession [JavaFX Application Thread] Session initialized for user Esther (ID: 1, Role: ADMIN)
2025-07-25 18:17:07,077 INFO com.leroy.inventorymanagementfx.controller.MainController [JavaFX Application Thread] Topbar notification count bound successfully to NotificationStompClient.
2025-07-25 18:17:21,731 INFO com.leroy.inventorymanagementfx.service.admin.DepartmentService [JavaFX Application Thread] Sending create department request. Name: Directorate of Finance
2025-07-25 18:17:24,699 WARN com.leroy.inventorymanagementfx.service.admin.DepartmentService [ForkJoinPool.commonPool-worker-1] Department already exists: Directorate of Finance
2025-07-25 18:17:34,978 DEBUG com.leroy.inventorymanagementfx.controller.MainController [JavaFX Application Thread] Adding current page admin-create-department to back stack
2025-07-25 18:17:35,266 INFO com.leroy.inventorymanagementfx.controller.MainController [JavaFX Application Thread] Successfully loaded view: admin-create-storekeeper
2025-07-25 18:18:01,042 INFO com.leroy.inventorymanagementfx.controller.admin.CreateStorekeeper [JavaFX Application Thread] Raw departments response: ["Directorate of Finance"]
2025-07-25 18:18:01,045 INFO com.leroy.inventorymanagementfx.controller.admin.CreateStorekeeper [JavaFX Application Thread] Fetched departments: [Directorate of Finance]
2025-07-25 18:18:05,665 DEBUG com.leroy.inventorymanagementfx.service.admin.UserService [JavaFX Application Thread] Payload: {"email":"leroydennisa@gmail.com","firstName":"Evans","lastName":"Kojo","password":"jsvjisvisodsjin","roleName":"STOREKEEPER","departmentName":"Directorate of Finance"}
2025-07-25 18:18:05,670 INFO com.leroy.inventorymanagementfx.service.admin.UserService [JavaFX Application Thread] Creating user with role: STOREKEEPER
2025-07-25 18:18:07,937 INFO com.leroy.inventorymanagementfx.service.admin.UserService [ForkJoinPool.commonPool-worker-1] User created successfully: leroydennisa@gmail.com
2025-07-25 18:18:19,716 INFO com.leroy.inventorymanagementfx.service.AuthService [JavaFX Application Thread] User logged out. Session and JWT cleared.
2025-07-25 18:18:19,785 INFO com.leroy.inventorymanagementfx.controller.MainController [JavaFX Application Thread] Successfully loaded view: common-login
2025-07-25 18:18:19,797 DEBUG com.leroy.inventorymanagementfx.security.UserSession [JavaFX Application Thread] Session file user_session.properties cleared
2025-07-25 18:18:19,798 INFO com.leroy.inventorymanagementfx.security.UserSession [JavaFX Application Thread] User session cleared
2025-07-25 18:18:28,610 WARN com.leroy.inventorymanagementfx.controller.GoogleAuthCodeDialogController [JavaFX Application Thread] GoogleAuthCodeDialogueController instantiated with default no-arg constructor. Consider using a ControllerFactory for dependency injection.
2025-07-25 18:20:22,204 WARN com.leroy.inventorymanagementfx.controller.GoogleAuthCodeDialogController [JavaFX Application Thread] GoogleAuthCodeDialogueController instantiated with default no-arg constructor. Consider using a ControllerFactory for dependency injection.
2025-07-25 18:57:15,549 INFO com.leroy.inventorymanagementfx.InventoryApplication [JavaFX Application Thread] User chose to minimize to tray
2025-07-25 18:57:16,028 INFO com.leroy.inventorymanagementfx.InventoryApplication [JavaFX Application Thread] Inventory Management Application is stopping.
2025-07-25 19:00:16,639 INFO com.leroy.inventorymanagementfx.InventoryApplication [main] Inventory Management Application starting up
2025-07-25 19:00:16,788 INFO com.leroy.inventorymanagementfx.InventoryApplication [JavaFX Application Thread] Starting Inventory Management Application
2025-07-25 19:00:16,809 DEBUG com.leroy.inventorymanagementfx.security.UserSession [JavaFX Application Thread] No existing session file found at user_session.properties
2025-07-25 19:00:16,810 WARN com.leroy.inventorymanagementfx.InventoryApplication [JavaFX Application Thread] User ID is 0. WebSocket notifications may not work correctly until a user logs in.
2025-07-25 19:00:16,897 INFO com.leroy.inventorymanagementfx.service.NotificationStompClient [JavaFX Application Thread] Attempting to connect STOMP client to: ws://localhost:8080/ws-notifications
2025-07-25 19:00:16,898 DEBUG com.leroy.inventorymanagementfx.InventoryApplication [JavaFX Application Thread] Loading main FXML file
2025-07-25 19:00:17,674 INFO com.leroy.inventorymanagementfx.controller.MainController [JavaFX Application Thread] MainController initialized. User Role: null
2025-07-25 19:00:17,802 INFO com.leroy.inventorymanagementfx.controller.MainController [JavaFX Application Thread] NotificationStompClient set in MainController.
2025-07-25 19:00:17,803 WARN com.leroy.inventorymanagementfx.controller.MainController [JavaFX Application Thread] NotificationStompClient set, but topbar not yet loaded. Binding will occur when topbar is available.
2025-07-25 19:00:18,604 INFO com.leroy.inventorymanagementfx.controller.MainController [JavaFX Application Thread] Successfully loaded view: common-login
2025-07-25 19:00:18,637 INFO com.leroy.inventorymanagementfx.InventoryApplication [JavaFX Application Thread] Application icon set successfully from: file:/C:/Users/Evans%20Kojo%20Aidoo/Desktop/JavaProjectOriginal/InventoryManagementFx/build/resources/main/static/images/inventoryfxico.ico
2025-07-25 19:00:19,670 INFO com.leroy.inventorymanagementfx.InventoryApplication [JavaFX Application Thread] Application UI initialized successfully
2025-07-25 19:00:20,210 INFO com.leroy.inventorymanagementfx.InventoryApplication [JavaFX Application Thread] Application added to System Tray.
2025-07-25 19:00:43,028 ERROR com.leroy.inventorymanagementfx.service.NotificationStompClient [SimpleAsyncTaskExecutor-1] STOMP Transport Error: org.glassfish.tyrus.client.exception.DeploymentHandshakeException: Handshake error.
java.util.concurrent.CompletionException: org.glassfish.tyrus.client.exception.DeploymentHandshakeException: Handshake error.
	at org.springframework.util.concurrent.FutureUtils.lambda$toSupplier$0(FutureUtils.java:78) [spring-core-6.2.8.jar:6.2.8]
	at java.base/java.util.concurrent.CompletableFuture$AsyncSupply.run(CompletableFuture.java:1814) [?:?]
	at java.base/java.lang.Thread.run(Thread.java:1447) [?:?]
Caused by: org.glassfish.tyrus.client.exception.DeploymentHandshakeException: Handshake error.
	at org.glassfish.tyrus.client.exception.Exceptions.deploymentException(Exceptions.java:38) ~[tyrus-client-2.2.0.jar:?]
	at org.glassfish.tyrus.client.ClientManager$3$1.run(ClientManager.java:622) ~[tyrus-client-2.2.0.jar:?]
	at org.glassfish.tyrus.client.ClientManager$3.run(ClientManager.java:657) ~[tyrus-client-2.2.0.jar:?]
	at java.base/java.util.concurrent.Executors$RunnableAdapter.call(Executors.java:545) ~[?:?]
	at java.base/java.util.concurrent.FutureTask.run(FutureTask.java:328) ~[?:?]
	at org.glassfish.tyrus.client.ClientManager$SameThreadExecutorService.execute(ClientManager.java:810) ~[tyrus-client-2.2.0.jar:?]
	at java.base/java.util.concurrent.AbstractExecutorService.submit(AbstractExecutorService.java:124) ~[?:?]
	at org.glassfish.tyrus.client.ClientManager.connectToServer(ClientManager.java:460) ~[tyrus-client-2.2.0.jar:?]
	at org.glassfish.tyrus.client.ClientManager.lambda$connectToServer$2(ClientManager.java:313) ~[tyrus-client-2.2.0.jar:?]
	at org.glassfish.tyrus.client.ClientManager.tryCatchInterruptedExecutionEx(ClientManager.java:324) ~[tyrus-client-2.2.0.jar:?]
	at org.glassfish.tyrus.client.ClientManager.connectToServer(ClientManager.java:313) ~[tyrus-client-2.2.0.jar:?]
	at org.springframework.web.socket.client.standard.StandardWebSocketClient.lambda$executeInternal$0(StandardWebSocketClient.java:175) ~[spring-websocket-6.2.8.jar:6.2.8]
	at org.springframework.util.concurrent.FutureUtils.lambda$toSupplier$0(FutureUtils.java:74) ~[spring-core-6.2.8.jar:6.2.8]
	... 2 more
Caused by: org.glassfish.tyrus.client.auth.AuthenticationException: Authentication failed.
	at org.glassfish.tyrus.client.TyrusClientEngine.handleAuth(TyrusClientEngine.java:366) ~[tyrus-client-2.2.0.jar:?]
	at org.glassfish.tyrus.client.TyrusClientEngine.processResponse(TyrusClientEngine.java:270) ~[tyrus-client-2.2.0.jar:?]
	at org.glassfish.tyrus.container.grizzly.client.GrizzlyClientFilter.handleHandshake(GrizzlyClientFilter.java:323) ~[tyrus-container-grizzly-client-2.2.0.jar:?]
	at org.glassfish.tyrus.container.grizzly.client.GrizzlyClientFilter.handleRead(GrizzlyClientFilter.java:292) ~[tyrus-container-grizzly-client-2.2.0.jar:?]
	at org.glassfish.grizzly.filterchain.ExecutorResolver$9.execute(ExecutorResolver.java:88) ~[grizzly-framework-4.0.2.jar:4.0.2]
	at org.glassfish.grizzly.filterchain.DefaultFilterChain.executeFilter(DefaultFilterChain.java:246) ~[grizzly-framework-4.0.2.jar:4.0.2]
	at org.glassfish.grizzly.filterchain.DefaultFilterChain.executeChainPart(DefaultFilterChain.java:178) ~[grizzly-framework-4.0.2.jar:4.0.2]
	at org.glassfish.grizzly.filterchain.DefaultFilterChain.execute(DefaultFilterChain.java:118) ~[grizzly-framework-4.0.2.jar:4.0.2]
	at org.glassfish.grizzly.filterchain.DefaultFilterChain.process(DefaultFilterChain.java:96) ~[grizzly-framework-4.0.2.jar:4.0.2]
	at org.glassfish.grizzly.ProcessorExecutor.execute(ProcessorExecutor.java:51) ~[grizzly-framework-4.0.2.jar:4.0.2]
	at org.glassfish.grizzly.nio.transport.TCPNIOTransport.fireIOEvent(TCPNIOTransport.java:510) ~[grizzly-framework-4.0.2.jar:4.0.2]
	at org.glassfish.grizzly.strategies.AbstractIOStrategy.fireIOEvent(AbstractIOStrategy.java:82) ~[grizzly-framework-4.0.2.jar:4.0.2]
	at org.glassfish.grizzly.strategies.WorkerThreadIOStrategy.run0(WorkerThreadIOStrategy.java:83) ~[grizzly-framework-4.0.2.jar:4.0.2]
	at org.glassfish.grizzly.strategies.WorkerThreadIOStrategy$WorkerThreadRunnable.run(WorkerThreadIOStrategy.java:101) ~[grizzly-framework-4.0.2.jar:4.0.2]
	at org.glassfish.grizzly.threadpool.AbstractThreadPool$Worker.doWork(AbstractThreadPool.java:535) ~[grizzly-framework-4.0.2.jar:4.0.2]
	at org.glassfish.grizzly.threadpool.AbstractThreadPool$Worker.run(AbstractThreadPool.java:515) ~[grizzly-framework-4.0.2.jar:4.0.2]
	... 1 more
2025-07-25 19:00:43,028 ERROR com.leroy.inventorymanagementfx.service.NotificationStompClient [Thread-3] Failed to connect STOMP client
java.util.concurrent.ExecutionException: org.glassfish.tyrus.client.exception.DeploymentHandshakeException: Handshake error.
	at java.base/java.util.concurrent.CompletableFuture.wrapInExecutionException(CompletableFuture.java:347) ~[?:?]
	at java.base/java.util.concurrent.CompletableFuture.reportGet(CompletableFuture.java:442) ~[?:?]
	at java.base/java.util.concurrent.CompletableFuture.get(CompletableFuture.java:2119) ~[?:?]
	at com.leroy.inventorymanagementfx.service.NotificationStompClient.lambda$connect$0(NotificationStompClient.java:102) [main/:?]
	at java.base/java.lang.Thread.run(Thread.java:1447) [?:?]
Caused by: org.glassfish.tyrus.client.exception.DeploymentHandshakeException: Handshake error.
	at org.glassfish.tyrus.client.exception.Exceptions.deploymentException(Exceptions.java:38) ~[tyrus-client-2.2.0.jar:?]
	at org.glassfish.tyrus.client.ClientManager$3$1.run(ClientManager.java:622) ~[tyrus-client-2.2.0.jar:?]
	at org.glassfish.tyrus.client.ClientManager$3.run(ClientManager.java:657) ~[tyrus-client-2.2.0.jar:?]
	at java.base/java.util.concurrent.Executors$RunnableAdapter.call(Executors.java:545) ~[?:?]
	at java.base/java.util.concurrent.FutureTask.run(FutureTask.java:328) ~[?:?]
	at org.glassfish.tyrus.client.ClientManager$SameThreadExecutorService.execute(ClientManager.java:810) ~[tyrus-client-2.2.0.jar:?]
	at java.base/java.util.concurrent.AbstractExecutorService.submit(AbstractExecutorService.java:124) ~[?:?]
	at org.glassfish.tyrus.client.ClientManager.connectToServer(ClientManager.java:460) ~[tyrus-client-2.2.0.jar:?]
	at org.glassfish.tyrus.client.ClientManager.lambda$connectToServer$2(ClientManager.java:313) ~[tyrus-client-2.2.0.jar:?]
	at org.glassfish.tyrus.client.ClientManager.tryCatchInterruptedExecutionEx(ClientManager.java:324) ~[tyrus-client-2.2.0.jar:?]
	at org.glassfish.tyrus.client.ClientManager.connectToServer(ClientManager.java:313) ~[tyrus-client-2.2.0.jar:?]
	at org.springframework.web.socket.client.standard.StandardWebSocketClient.lambda$executeInternal$0(StandardWebSocketClient.java:175) ~[spring-websocket-6.2.8.jar:6.2.8]
	at org.springframework.util.concurrent.FutureUtils.lambda$toSupplier$0(FutureUtils.java:74) ~[spring-core-6.2.8.jar:6.2.8]
	at java.base/java.util.concurrent.CompletableFuture$AsyncSupply.run(CompletableFuture.java:1814) ~[?:?]
	... 1 more
Caused by: org.glassfish.tyrus.client.auth.AuthenticationException: Authentication failed.
	at org.glassfish.tyrus.client.TyrusClientEngine.handleAuth(TyrusClientEngine.java:366) ~[tyrus-client-2.2.0.jar:?]
	at org.glassfish.tyrus.client.TyrusClientEngine.processResponse(TyrusClientEngine.java:270) ~[tyrus-client-2.2.0.jar:?]
	at org.glassfish.tyrus.container.grizzly.client.GrizzlyClientFilter.handleHandshake(GrizzlyClientFilter.java:323) ~[tyrus-container-grizzly-client-2.2.0.jar:?]
	at org.glassfish.tyrus.container.grizzly.client.GrizzlyClientFilter.handleRead(GrizzlyClientFilter.java:292) ~[tyrus-container-grizzly-client-2.2.0.jar:?]
	at org.glassfish.grizzly.filterchain.ExecutorResolver$9.execute(ExecutorResolver.java:88) ~[grizzly-framework-4.0.2.jar:4.0.2]
	at org.glassfish.grizzly.filterchain.DefaultFilterChain.executeFilter(DefaultFilterChain.java:246) ~[grizzly-framework-4.0.2.jar:4.0.2]
	at org.glassfish.grizzly.filterchain.DefaultFilterChain.executeChainPart(DefaultFilterChain.java:178) ~[grizzly-framework-4.0.2.jar:4.0.2]
	at org.glassfish.grizzly.filterchain.DefaultFilterChain.execute(DefaultFilterChain.java:118) ~[grizzly-framework-4.0.2.jar:4.0.2]
	at org.glassfish.grizzly.filterchain.DefaultFilterChain.process(DefaultFilterChain.java:96) ~[grizzly-framework-4.0.2.jar:4.0.2]
	at org.glassfish.grizzly.ProcessorExecutor.execute(ProcessorExecutor.java:51) ~[grizzly-framework-4.0.2.jar:4.0.2]
	at org.glassfish.grizzly.nio.transport.TCPNIOTransport.fireIOEvent(TCPNIOTransport.java:510) ~[grizzly-framework-4.0.2.jar:4.0.2]
	at org.glassfish.grizzly.strategies.AbstractIOStrategy.fireIOEvent(AbstractIOStrategy.java:82) ~[grizzly-framework-4.0.2.jar:4.0.2]
	at org.glassfish.grizzly.strategies.WorkerThreadIOStrategy.run0(WorkerThreadIOStrategy.java:83) ~[grizzly-framework-4.0.2.jar:4.0.2]
	at org.glassfish.grizzly.strategies.WorkerThreadIOStrategy$WorkerThreadRunnable.run(WorkerThreadIOStrategy.java:101) ~[grizzly-framework-4.0.2.jar:4.0.2]
	at org.glassfish.grizzly.threadpool.AbstractThreadPool$Worker.doWork(AbstractThreadPool.java:535) ~[grizzly-framework-4.0.2.jar:4.0.2]
	at org.glassfish.grizzly.threadpool.AbstractThreadPool$Worker.run(AbstractThreadPool.java:515) ~[grizzly-framework-4.0.2.jar:4.0.2]
	... 1 more
2025-07-25 19:01:05,727 INFO com.leroy.inventorymanagementfx.service.AuthService [JavaFX Application Thread] Sending login request for email: estherkorankye132@gmail.com
2025-07-25 19:01:31,670 INFO com.leroy.inventorymanagementfx.service.AuthService [ForkJoinPool.commonPool-worker-1] Standard Login successful. Session initialized: ID=1, Name=Esther, Role=ADMIN
2025-07-25 19:01:31,822 DEBUG com.leroy.inventorymanagementfx.security.UserSession [JavaFX Application Thread] Session data saved to user_session.properties
2025-07-25 19:01:31,822 INFO com.leroy.inventorymanagementfx.security.UserSession [JavaFX Application Thread] Session initialized for user Esther (ID: 1, Role: ADMIN)
2025-07-25 19:01:31,916 DEBUG com.leroy.inventorymanagementfx.controller.MainController [JavaFX Application Thread] Adding current page common-login to back stack
2025-07-25 19:01:32,131 INFO com.leroy.inventorymanagementfx.controller.MainController [JavaFX Application Thread] Successfully loaded view: admin-create-department
2025-07-25 19:01:35,645 DEBUG com.leroy.inventorymanagementfx.security.UserSession [JavaFX Application Thread] Session data saved to user_session.properties
2025-07-25 19:01:35,645 INFO com.leroy.inventorymanagementfx.security.UserSession [JavaFX Application Thread] Session initialized for user Esther (ID: 1, Role: ADMIN)
2025-07-25 19:01:35,647 INFO com.leroy.inventorymanagementfx.controller.MainController [JavaFX Application Thread] Topbar notification count bound successfully to NotificationStompClient.
2025-07-25 19:02:50,820 DEBUG com.leroy.inventorymanagementfx.controller.MainController [JavaFX Application Thread] Adding current page admin-create-department to back stack
2025-07-25 19:02:51,153 INFO com.leroy.inventorymanagementfx.controller.MainController [JavaFX Application Thread] Successfully loaded view: admin-create-storekeeper
2025-07-25 19:03:14,173 INFO com.leroy.inventorymanagementfx.controller.admin.CreateStorekeeper [JavaFX Application Thread] Raw departments response: ["Directorate of Finance"]
2025-07-25 19:03:14,173 INFO com.leroy.inventorymanagementfx.controller.admin.CreateStorekeeper [JavaFX Application Thread] Fetched departments: [Directorate of Finance]
2025-07-25 19:03:20,043 DEBUG com.leroy.inventorymanagementfx.service.admin.UserService [JavaFX Application Thread] Payload: {"email":"leroydennisa@gmail.com","firstName":"Evans","lastName":"Aidoo","password":"lerjidjif","roleName":"STOREKEEPER","departmentName":"Directorate of Finance"}
2025-07-25 19:03:20,043 INFO com.leroy.inventorymanagementfx.service.admin.UserService [JavaFX Application Thread] Creating user with role: STOREKEEPER
2025-07-25 19:03:20,763 INFO com.leroy.inventorymanagementfx.service.admin.UserService [ForkJoinPool.commonPool-worker-2] User created successfully: leroydennisa@gmail.com
2025-07-25 19:45:28,287 INFO com.leroy.inventorymanagementfx.InventoryApplication [JavaFX Application Thread] User chose to logout before closing
2025-07-25 19:45:30,188 INFO com.leroy.inventorymanagementfx.service.AuthService [JavaFX Application Thread] User logged out. Session and JWT cleared.
2025-07-25 20:05:05,679 INFO com.leroy.inventorymanagementfx.InventoryApplication [main] Inventory Management Application starting up
2025-07-25 20:05:05,783 INFO com.leroy.inventorymanagementfx.InventoryApplication [JavaFX Application Thread] Starting Inventory Management Application
2025-07-25 20:05:05,817 INFO com.leroy.inventorymanagementfx.security.UserSession [JavaFX Application Thread] Loaded existing session for user Esther (ID: 1, Role: ADMIN)
2025-07-25 20:05:05,886 INFO com.leroy.inventorymanagementfx.service.NotificationStompClient [JavaFX Application Thread] Attempting to connect STOMP client to: ws://localhost:8080/ws-notifications
2025-07-25 20:05:05,887 DEBUG com.leroy.inventorymanagementfx.InventoryApplication [JavaFX Application Thread] Loading main FXML file
2025-07-25 20:05:06,685 INFO com.leroy.inventorymanagementfx.controller.MainController [JavaFX Application Thread] MainController initialized. User Role: ADMIN
2025-07-25 20:05:06,765 INFO com.leroy.inventorymanagementfx.controller.MainController [JavaFX Application Thread] NotificationStompClient set in MainController.
2025-07-25 20:05:06,765 WARN com.leroy.inventorymanagementfx.controller.MainController [JavaFX Application Thread] NotificationStompClient set, but topbar not yet loaded. Binding will occur when topbar is available.
2025-07-25 20:05:07,557 INFO com.leroy.inventorymanagementfx.controller.MainController [JavaFX Application Thread] Successfully loaded view: admin-create-department
2025-07-25 20:05:07,567 INFO com.leroy.inventorymanagementfx.InventoryApplication [JavaFX Application Thread] Application icon set successfully from: file:/C:/Users/Evans%20Kojo%20Aidoo/Desktop/JavaProjectOriginal/InventoryManagementFx/build/resources/main/static/images/inventoryfxico.ico
2025-07-25 20:05:08,369 INFO com.leroy.inventorymanagementfx.InventoryApplication [JavaFX Application Thread] Application UI initialized successfully
2025-07-25 20:05:08,883 INFO com.leroy.inventorymanagementfx.InventoryApplication [JavaFX Application Thread] Application added to System Tray.
2025-07-25 20:05:08,930 INFO com.leroy.inventorymanagementfx.controller.MainController [JavaFX Application Thread] Topbar notification count bound successfully to NotificationStompClient.
2025-07-25 20:05:11,603 ERROR com.leroy.inventorymanagementfx.service.NotificationStompClient [SimpleAsyncTaskExecutor-1] STOMP Transport Error: org.glassfish.tyrus.client.exception.DeploymentHandshakeException: Handshake error.
java.util.concurrent.CompletionException: org.glassfish.tyrus.client.exception.DeploymentHandshakeException: Handshake error.
	at org.springframework.util.concurrent.FutureUtils.lambda$toSupplier$0(FutureUtils.java:78) [spring-core-6.2.8.jar:6.2.8]
	at java.base/java.util.concurrent.CompletableFuture$AsyncSupply.run(CompletableFuture.java:1814) [?:?]
	at java.base/java.lang.Thread.run(Thread.java:1447) [?:?]
Caused by: org.glassfish.tyrus.client.exception.DeploymentHandshakeException: Handshake error.
	at org.glassfish.tyrus.client.exception.Exceptions.deploymentException(Exceptions.java:38) ~[tyrus-client-2.2.0.jar:?]
	at org.glassfish.tyrus.client.ClientManager$3$1.run(ClientManager.java:622) ~[tyrus-client-2.2.0.jar:?]
	at org.glassfish.tyrus.client.ClientManager$3.run(ClientManager.java:657) ~[tyrus-client-2.2.0.jar:?]
	at java.base/java.util.concurrent.Executors$RunnableAdapter.call(Executors.java:545) ~[?:?]
	at java.base/java.util.concurrent.FutureTask.run(FutureTask.java:328) ~[?:?]
	at org.glassfish.tyrus.client.ClientManager$SameThreadExecutorService.execute(ClientManager.java:810) ~[tyrus-client-2.2.0.jar:?]
	at java.base/java.util.concurrent.AbstractExecutorService.submit(AbstractExecutorService.java:124) ~[?:?]
	at org.glassfish.tyrus.client.ClientManager.connectToServer(ClientManager.java:460) ~[tyrus-client-2.2.0.jar:?]
	at org.glassfish.tyrus.client.ClientManager.lambda$connectToServer$2(ClientManager.java:313) ~[tyrus-client-2.2.0.jar:?]
	at org.glassfish.tyrus.client.ClientManager.tryCatchInterruptedExecutionEx(ClientManager.java:324) ~[tyrus-client-2.2.0.jar:?]
	at org.glassfish.tyrus.client.ClientManager.connectToServer(ClientManager.java:313) ~[tyrus-client-2.2.0.jar:?]
	at org.springframework.web.socket.client.standard.StandardWebSocketClient.lambda$executeInternal$0(StandardWebSocketClient.java:175) ~[spring-websocket-6.2.8.jar:6.2.8]
	at org.springframework.util.concurrent.FutureUtils.lambda$toSupplier$0(FutureUtils.java:74) ~[spring-core-6.2.8.jar:6.2.8]
	... 2 more
Caused by: org.glassfish.tyrus.client.auth.AuthenticationException: Authentication failed.
	at org.glassfish.tyrus.client.TyrusClientEngine.handleAuth(TyrusClientEngine.java:366) ~[tyrus-client-2.2.0.jar:?]
	at org.glassfish.tyrus.client.TyrusClientEngine.processResponse(TyrusClientEngine.java:270) ~[tyrus-client-2.2.0.jar:?]
	at org.glassfish.tyrus.container.grizzly.client.GrizzlyClientFilter.handleHandshake(GrizzlyClientFilter.java:323) ~[tyrus-container-grizzly-client-2.2.0.jar:?]
	at org.glassfish.tyrus.container.grizzly.client.GrizzlyClientFilter.handleRead(GrizzlyClientFilter.java:292) ~[tyrus-container-grizzly-client-2.2.0.jar:?]
	at org.glassfish.grizzly.filterchain.ExecutorResolver$9.execute(ExecutorResolver.java:88) ~[grizzly-framework-4.0.2.jar:4.0.2]
	at org.glassfish.grizzly.filterchain.DefaultFilterChain.executeFilter(DefaultFilterChain.java:246) ~[grizzly-framework-4.0.2.jar:4.0.2]
	at org.glassfish.grizzly.filterchain.DefaultFilterChain.executeChainPart(DefaultFilterChain.java:178) ~[grizzly-framework-4.0.2.jar:4.0.2]
	at org.glassfish.grizzly.filterchain.DefaultFilterChain.execute(DefaultFilterChain.java:118) ~[grizzly-framework-4.0.2.jar:4.0.2]
	at org.glassfish.grizzly.filterchain.DefaultFilterChain.process(DefaultFilterChain.java:96) ~[grizzly-framework-4.0.2.jar:4.0.2]
	at org.glassfish.grizzly.ProcessorExecutor.execute(ProcessorExecutor.java:51) ~[grizzly-framework-4.0.2.jar:4.0.2]
	at org.glassfish.grizzly.nio.transport.TCPNIOTransport.fireIOEvent(TCPNIOTransport.java:510) ~[grizzly-framework-4.0.2.jar:4.0.2]
	at org.glassfish.grizzly.strategies.AbstractIOStrategy.fireIOEvent(AbstractIOStrategy.java:82) ~[grizzly-framework-4.0.2.jar:4.0.2]
	at org.glassfish.grizzly.strategies.WorkerThreadIOStrategy.run0(WorkerThreadIOStrategy.java:83) ~[grizzly-framework-4.0.2.jar:4.0.2]
	at org.glassfish.grizzly.strategies.WorkerThreadIOStrategy$WorkerThreadRunnable.run(WorkerThreadIOStrategy.java:101) ~[grizzly-framework-4.0.2.jar:4.0.2]
	at org.glassfish.grizzly.threadpool.AbstractThreadPool$Worker.doWork(AbstractThreadPool.java:535) ~[grizzly-framework-4.0.2.jar:4.0.2]
	at org.glassfish.grizzly.threadpool.AbstractThreadPool$Worker.run(AbstractThreadPool.java:515) ~[grizzly-framework-4.0.2.jar:4.0.2]
	... 1 more
2025-07-25 20:05:11,603 ERROR com.leroy.inventorymanagementfx.service.NotificationStompClient [Thread-3] Failed to connect STOMP client
java.util.concurrent.ExecutionException: org.glassfish.tyrus.client.exception.DeploymentHandshakeException: Handshake error.
	at java.base/java.util.concurrent.CompletableFuture.wrapInExecutionException(CompletableFuture.java:347) ~[?:?]
	at java.base/java.util.concurrent.CompletableFuture.reportGet(CompletableFuture.java:442) ~[?:?]
	at java.base/java.util.concurrent.CompletableFuture.get(CompletableFuture.java:2119) ~[?:?]
	at com.leroy.inventorymanagementfx.service.NotificationStompClient.lambda$connect$0(NotificationStompClient.java:102) [main/:?]
	at java.base/java.lang.Thread.run(Thread.java:1447) [?:?]
Caused by: org.glassfish.tyrus.client.exception.DeploymentHandshakeException: Handshake error.
	at org.glassfish.tyrus.client.exception.Exceptions.deploymentException(Exceptions.java:38) ~[tyrus-client-2.2.0.jar:?]
	at org.glassfish.tyrus.client.ClientManager$3$1.run(ClientManager.java:622) ~[tyrus-client-2.2.0.jar:?]
	at org.glassfish.tyrus.client.ClientManager$3.run(ClientManager.java:657) ~[tyrus-client-2.2.0.jar:?]
	at java.base/java.util.concurrent.Executors$RunnableAdapter.call(Executors.java:545) ~[?:?]
	at java.base/java.util.concurrent.FutureTask.run(FutureTask.java:328) ~[?:?]
	at org.glassfish.tyrus.client.ClientManager$SameThreadExecutorService.execute(ClientManager.java:810) ~[tyrus-client-2.2.0.jar:?]
	at java.base/java.util.concurrent.AbstractExecutorService.submit(AbstractExecutorService.java:124) ~[?:?]
	at org.glassfish.tyrus.client.ClientManager.connectToServer(ClientManager.java:460) ~[tyrus-client-2.2.0.jar:?]
	at org.glassfish.tyrus.client.ClientManager.lambda$connectToServer$2(ClientManager.java:313) ~[tyrus-client-2.2.0.jar:?]
	at org.glassfish.tyrus.client.ClientManager.tryCatchInterruptedExecutionEx(ClientManager.java:324) ~[tyrus-client-2.2.0.jar:?]
	at org.glassfish.tyrus.client.ClientManager.connectToServer(ClientManager.java:313) ~[tyrus-client-2.2.0.jar:?]
	at org.springframework.web.socket.client.standard.StandardWebSocketClient.lambda$executeInternal$0(StandardWebSocketClient.java:175) ~[spring-websocket-6.2.8.jar:6.2.8]
	at org.springframework.util.concurrent.FutureUtils.lambda$toSupplier$0(FutureUtils.java:74) ~[spring-core-6.2.8.jar:6.2.8]
	at java.base/java.util.concurrent.CompletableFuture$AsyncSupply.run(CompletableFuture.java:1814) ~[?:?]
	... 1 more
Caused by: org.glassfish.tyrus.client.auth.AuthenticationException: Authentication failed.
	at org.glassfish.tyrus.client.TyrusClientEngine.handleAuth(TyrusClientEngine.java:366) ~[tyrus-client-2.2.0.jar:?]
	at org.glassfish.tyrus.client.TyrusClientEngine.processResponse(TyrusClientEngine.java:270) ~[tyrus-client-2.2.0.jar:?]
	at org.glassfish.tyrus.container.grizzly.client.GrizzlyClientFilter.handleHandshake(GrizzlyClientFilter.java:323) ~[tyrus-container-grizzly-client-2.2.0.jar:?]
	at org.glassfish.tyrus.container.grizzly.client.GrizzlyClientFilter.handleRead(GrizzlyClientFilter.java:292) ~[tyrus-container-grizzly-client-2.2.0.jar:?]
	at org.glassfish.grizzly.filterchain.ExecutorResolver$9.execute(ExecutorResolver.java:88) ~[grizzly-framework-4.0.2.jar:4.0.2]
	at org.glassfish.grizzly.filterchain.DefaultFilterChain.executeFilter(DefaultFilterChain.java:246) ~[grizzly-framework-4.0.2.jar:4.0.2]
	at org.glassfish.grizzly.filterchain.DefaultFilterChain.executeChainPart(DefaultFilterChain.java:178) ~[grizzly-framework-4.0.2.jar:4.0.2]
	at org.glassfish.grizzly.filterchain.DefaultFilterChain.execute(DefaultFilterChain.java:118) ~[grizzly-framework-4.0.2.jar:4.0.2]
	at org.glassfish.grizzly.filterchain.DefaultFilterChain.process(DefaultFilterChain.java:96) ~[grizzly-framework-4.0.2.jar:4.0.2]
	at org.glassfish.grizzly.ProcessorExecutor.execute(ProcessorExecutor.java:51) ~[grizzly-framework-4.0.2.jar:4.0.2]
	at org.glassfish.grizzly.nio.transport.TCPNIOTransport.fireIOEvent(TCPNIOTransport.java:510) ~[grizzly-framework-4.0.2.jar:4.0.2]
	at org.glassfish.grizzly.strategies.AbstractIOStrategy.fireIOEvent(AbstractIOStrategy.java:82) ~[grizzly-framework-4.0.2.jar:4.0.2]
	at org.glassfish.grizzly.strategies.WorkerThreadIOStrategy.run0(WorkerThreadIOStrategy.java:83) ~[grizzly-framework-4.0.2.jar:4.0.2]
	at org.glassfish.grizzly.strategies.WorkerThreadIOStrategy$WorkerThreadRunnable.run(WorkerThreadIOStrategy.java:101) ~[grizzly-framework-4.0.2.jar:4.0.2]
	at org.glassfish.grizzly.threadpool.AbstractThreadPool$Worker.doWork(AbstractThreadPool.java:535) ~[grizzly-framework-4.0.2.jar:4.0.2]
	at org.glassfish.grizzly.threadpool.AbstractThreadPool$Worker.run(AbstractThreadPool.java:515) ~[grizzly-framework-4.0.2.jar:4.0.2]
	... 1 more
2025-07-25 20:05:25,283 INFO com.leroy.inventorymanagementfx.InventoryApplication [JavaFX Application Thread] User chose to logout before closing
2025-07-25 20:05:25,284 INFO com.leroy.inventorymanagementfx.service.AuthService [JavaFX Application Thread] User logged out. Session and JWT cleared.
2025-07-25 20:05:36,582 INFO com.leroy.inventorymanagementfx.InventoryApplication [main] Inventory Management Application starting up
2025-07-25 20:05:36,703 INFO com.leroy.inventorymanagementfx.InventoryApplication [JavaFX Application Thread] Starting Inventory Management Application
2025-07-25 20:05:36,731 INFO com.leroy.inventorymanagementfx.security.UserSession [JavaFX Application Thread] Loaded existing session for user Esther (ID: 1, Role: ADMIN)
2025-07-25 20:05:36,824 INFO com.leroy.inventorymanagementfx.service.NotificationStompClient [JavaFX Application Thread] Attempting to connect STOMP client to: ws://localhost:8080/ws-notifications
2025-07-25 20:05:36,825 DEBUG com.leroy.inventorymanagementfx.InventoryApplication [JavaFX Application Thread] Loading main FXML file
2025-07-25 20:05:37,867 ERROR com.leroy.inventorymanagementfx.service.NotificationStompClient [SimpleAsyncTaskExecutor-1] STOMP Transport Error: org.glassfish.tyrus.client.exception.DeploymentHandshakeException: Handshake error.
java.util.concurrent.CompletionException: org.glassfish.tyrus.client.exception.DeploymentHandshakeException: Handshake error.
	at org.springframework.util.concurrent.FutureUtils.lambda$toSupplier$0(FutureUtils.java:78) [spring-core-6.2.8.jar:6.2.8]
	at java.base/java.util.concurrent.CompletableFuture$AsyncSupply.run(CompletableFuture.java:1814) [?:?]
	at java.base/java.lang.Thread.run(Thread.java:1447) [?:?]
Caused by: org.glassfish.tyrus.client.exception.DeploymentHandshakeException: Handshake error.
	at org.glassfish.tyrus.client.exception.Exceptions.deploymentException(Exceptions.java:38) ~[tyrus-client-2.2.0.jar:?]
	at org.glassfish.tyrus.client.ClientManager$3$1.run(ClientManager.java:622) ~[tyrus-client-2.2.0.jar:?]
	at org.glassfish.tyrus.client.ClientManager$3.run(ClientManager.java:657) ~[tyrus-client-2.2.0.jar:?]
	at java.base/java.util.concurrent.Executors$RunnableAdapter.call(Executors.java:545) ~[?:?]
	at java.base/java.util.concurrent.FutureTask.run(FutureTask.java:328) ~[?:?]
	at org.glassfish.tyrus.client.ClientManager$SameThreadExecutorService.execute(ClientManager.java:810) ~[tyrus-client-2.2.0.jar:?]
	at java.base/java.util.concurrent.AbstractExecutorService.submit(AbstractExecutorService.java:124) ~[?:?]
	at org.glassfish.tyrus.client.ClientManager.connectToServer(ClientManager.java:460) ~[tyrus-client-2.2.0.jar:?]
	at org.glassfish.tyrus.client.ClientManager.lambda$connectToServer$2(ClientManager.java:313) ~[tyrus-client-2.2.0.jar:?]
	at org.glassfish.tyrus.client.ClientManager.tryCatchInterruptedExecutionEx(ClientManager.java:324) ~[tyrus-client-2.2.0.jar:?]
	at org.glassfish.tyrus.client.ClientManager.connectToServer(ClientManager.java:313) ~[tyrus-client-2.2.0.jar:?]
	at org.springframework.web.socket.client.standard.StandardWebSocketClient.lambda$executeInternal$0(StandardWebSocketClient.java:175) ~[spring-websocket-6.2.8.jar:6.2.8]
	at org.springframework.util.concurrent.FutureUtils.lambda$toSupplier$0(FutureUtils.java:74) ~[spring-core-6.2.8.jar:6.2.8]
	... 2 more
Caused by: org.glassfish.tyrus.client.auth.AuthenticationException: Authentication failed.
	at org.glassfish.tyrus.client.TyrusClientEngine.handleAuth(TyrusClientEngine.java:366) ~[tyrus-client-2.2.0.jar:?]
	at org.glassfish.tyrus.client.TyrusClientEngine.processResponse(TyrusClientEngine.java:270) ~[tyrus-client-2.2.0.jar:?]
	at org.glassfish.tyrus.container.grizzly.client.GrizzlyClientFilter.handleHandshake(GrizzlyClientFilter.java:323) ~[tyrus-container-grizzly-client-2.2.0.jar:?]
	at org.glassfish.tyrus.container.grizzly.client.GrizzlyClientFilter.handleRead(GrizzlyClientFilter.java:292) ~[tyrus-container-grizzly-client-2.2.0.jar:?]
	at org.glassfish.grizzly.filterchain.ExecutorResolver$9.execute(ExecutorResolver.java:88) ~[grizzly-framework-4.0.2.jar:4.0.2]
	at org.glassfish.grizzly.filterchain.DefaultFilterChain.executeFilter(DefaultFilterChain.java:246) ~[grizzly-framework-4.0.2.jar:4.0.2]
	at org.glassfish.grizzly.filterchain.DefaultFilterChain.executeChainPart(DefaultFilterChain.java:178) ~[grizzly-framework-4.0.2.jar:4.0.2]
	at org.glassfish.grizzly.filterchain.DefaultFilterChain.execute(DefaultFilterChain.java:118) ~[grizzly-framework-4.0.2.jar:4.0.2]
	at org.glassfish.grizzly.filterchain.DefaultFilterChain.process(DefaultFilterChain.java:96) ~[grizzly-framework-4.0.2.jar:4.0.2]
	at org.glassfish.grizzly.ProcessorExecutor.execute(ProcessorExecutor.java:51) ~[grizzly-framework-4.0.2.jar:4.0.2]
	at org.glassfish.grizzly.nio.transport.TCPNIOTransport.fireIOEvent(TCPNIOTransport.java:510) ~[grizzly-framework-4.0.2.jar:4.0.2]
	at org.glassfish.grizzly.strategies.AbstractIOStrategy.fireIOEvent(AbstractIOStrategy.java:82) ~[grizzly-framework-4.0.2.jar:4.0.2]
	at org.glassfish.grizzly.strategies.WorkerThreadIOStrategy.run0(WorkerThreadIOStrategy.java:83) ~[grizzly-framework-4.0.2.jar:4.0.2]
	at org.glassfish.grizzly.strategies.WorkerThreadIOStrategy$WorkerThreadRunnable.run(WorkerThreadIOStrategy.java:101) ~[grizzly-framework-4.0.2.jar:4.0.2]
	at org.glassfish.grizzly.threadpool.AbstractThreadPool$Worker.doWork(AbstractThreadPool.java:535) ~[grizzly-framework-4.0.2.jar:4.0.2]
	at org.glassfish.grizzly.threadpool.AbstractThreadPool$Worker.run(AbstractThreadPool.java:515) ~[grizzly-framework-4.0.2.jar:4.0.2]
	... 1 more
2025-07-25 20:05:37,867 ERROR com.leroy.inventorymanagementfx.service.NotificationStompClient [Thread-3] Failed to connect STOMP client
java.util.concurrent.ExecutionException: org.glassfish.tyrus.client.exception.DeploymentHandshakeException: Handshake error.
	at java.base/java.util.concurrent.CompletableFuture.wrapInExecutionException(CompletableFuture.java:347) ~[?:?]
	at java.base/java.util.concurrent.CompletableFuture.reportGet(CompletableFuture.java:442) ~[?:?]
	at java.base/java.util.concurrent.CompletableFuture.get(CompletableFuture.java:2119) ~[?:?]
	at com.leroy.inventorymanagementfx.service.NotificationStompClient.lambda$connect$0(NotificationStompClient.java:102) [main/:?]
	at java.base/java.lang.Thread.run(Thread.java:1447) [?:?]
Caused by: org.glassfish.tyrus.client.exception.DeploymentHandshakeException: Handshake error.
	at org.glassfish.tyrus.client.exception.Exceptions.deploymentException(Exceptions.java:38) ~[tyrus-client-2.2.0.jar:?]
	at org.glassfish.tyrus.client.ClientManager$3$1.run(ClientManager.java:622) ~[tyrus-client-2.2.0.jar:?]
	at org.glassfish.tyrus.client.ClientManager$3.run(ClientManager.java:657) ~[tyrus-client-2.2.0.jar:?]
	at java.base/java.util.concurrent.Executors$RunnableAdapter.call(Executors.java:545) ~[?:?]
	at java.base/java.util.concurrent.FutureTask.run(FutureTask.java:328) ~[?:?]
	at org.glassfish.tyrus.client.ClientManager$SameThreadExecutorService.execute(ClientManager.java:810) ~[tyrus-client-2.2.0.jar:?]
	at java.base/java.util.concurrent.AbstractExecutorService.submit(AbstractExecutorService.java:124) ~[?:?]
	at org.glassfish.tyrus.client.ClientManager.connectToServer(ClientManager.java:460) ~[tyrus-client-2.2.0.jar:?]
	at org.glassfish.tyrus.client.ClientManager.lambda$connectToServer$2(ClientManager.java:313) ~[tyrus-client-2.2.0.jar:?]
	at org.glassfish.tyrus.client.ClientManager.tryCatchInterruptedExecutionEx(ClientManager.java:324) ~[tyrus-client-2.2.0.jar:?]
	at org.glassfish.tyrus.client.ClientManager.connectToServer(ClientManager.java:313) ~[tyrus-client-2.2.0.jar:?]
	at org.springframework.web.socket.client.standard.StandardWebSocketClient.lambda$executeInternal$0(StandardWebSocketClient.java:175) ~[spring-websocket-6.2.8.jar:6.2.8]
	at org.springframework.util.concurrent.FutureUtils.lambda$toSupplier$0(FutureUtils.java:74) ~[spring-core-6.2.8.jar:6.2.8]
	at java.base/java.util.concurrent.CompletableFuture$AsyncSupply.run(CompletableFuture.java:1814) ~[?:?]
	... 1 more
Caused by: org.glassfish.tyrus.client.auth.AuthenticationException: Authentication failed.
	at org.glassfish.tyrus.client.TyrusClientEngine.handleAuth(TyrusClientEngine.java:366) ~[tyrus-client-2.2.0.jar:?]
	at org.glassfish.tyrus.client.TyrusClientEngine.processResponse(TyrusClientEngine.java:270) ~[tyrus-client-2.2.0.jar:?]
	at org.glassfish.tyrus.container.grizzly.client.GrizzlyClientFilter.handleHandshake(GrizzlyClientFilter.java:323) ~[tyrus-container-grizzly-client-2.2.0.jar:?]
	at org.glassfish.tyrus.container.grizzly.client.GrizzlyClientFilter.handleRead(GrizzlyClientFilter.java:292) ~[tyrus-container-grizzly-client-2.2.0.jar:?]
	at org.glassfish.grizzly.filterchain.ExecutorResolver$9.execute(ExecutorResolver.java:88) ~[grizzly-framework-4.0.2.jar:4.0.2]
	at org.glassfish.grizzly.filterchain.DefaultFilterChain.executeFilter(DefaultFilterChain.java:246) ~[grizzly-framework-4.0.2.jar:4.0.2]
	at org.glassfish.grizzly.filterchain.DefaultFilterChain.executeChainPart(DefaultFilterChain.java:178) ~[grizzly-framework-4.0.2.jar:4.0.2]
	at org.glassfish.grizzly.filterchain.DefaultFilterChain.execute(DefaultFilterChain.java:118) ~[grizzly-framework-4.0.2.jar:4.0.2]
	at org.glassfish.grizzly.filterchain.DefaultFilterChain.process(DefaultFilterChain.java:96) ~[grizzly-framework-4.0.2.jar:4.0.2]
	at org.glassfish.grizzly.ProcessorExecutor.execute(ProcessorExecutor.java:51) ~[grizzly-framework-4.0.2.jar:4.0.2]
	at org.glassfish.grizzly.nio.transport.TCPNIOTransport.fireIOEvent(TCPNIOTransport.java:510) ~[grizzly-framework-4.0.2.jar:4.0.2]
	at org.glassfish.grizzly.strategies.AbstractIOStrategy.fireIOEvent(AbstractIOStrategy.java:82) ~[grizzly-framework-4.0.2.jar:4.0.2]
	at org.glassfish.grizzly.strategies.WorkerThreadIOStrategy.run0(WorkerThreadIOStrategy.java:83) ~[grizzly-framework-4.0.2.jar:4.0.2]
	at org.glassfish.grizzly.strategies.WorkerThreadIOStrategy$WorkerThreadRunnable.run(WorkerThreadIOStrategy.java:101) ~[grizzly-framework-4.0.2.jar:4.0.2]
	at org.glassfish.grizzly.threadpool.AbstractThreadPool$Worker.doWork(AbstractThreadPool.java:535) ~[grizzly-framework-4.0.2.jar:4.0.2]
	at org.glassfish.grizzly.threadpool.AbstractThreadPool$Worker.run(AbstractThreadPool.java:515) ~[grizzly-framework-4.0.2.jar:4.0.2]
	... 1 more
2025-07-25 20:05:38,042 INFO com.leroy.inventorymanagementfx.controller.MainController [JavaFX Application Thread] MainController initialized. User Role: ADMIN
2025-07-25 20:05:38,209 INFO com.leroy.inventorymanagementfx.controller.MainController [JavaFX Application Thread] NotificationStompClient set in MainController.
2025-07-25 20:05:38,209 WARN com.leroy.inventorymanagementfx.controller.MainController [JavaFX Application Thread] NotificationStompClient set, but topbar not yet loaded. Binding will occur when topbar is available.
2025-07-25 20:05:39,069 INFO com.leroy.inventorymanagementfx.controller.MainController [JavaFX Application Thread] Successfully loaded view: admin-create-department
2025-07-25 20:05:39,077 INFO com.leroy.inventorymanagementfx.InventoryApplication [JavaFX Application Thread] Application icon set successfully from: file:/C:/Users/Evans%20Kojo%20Aidoo/Desktop/JavaProjectOriginal/InventoryManagementFx/build/resources/main/static/images/inventoryfxico.ico
2025-07-25 20:05:39,900 INFO com.leroy.inventorymanagementfx.InventoryApplication [JavaFX Application Thread] Application UI initialized successfully
2025-07-25 20:05:40,128 INFO com.leroy.inventorymanagementfx.InventoryApplication [JavaFX Application Thread] Application added to System Tray.
2025-07-25 20:05:40,183 INFO com.leroy.inventorymanagementfx.controller.MainController [JavaFX Application Thread] Topbar notification count bound successfully to NotificationStompClient.
2025-07-25 20:09:00,697 INFO com.leroy.inventorymanagementfx.InventoryApplication [main] Inventory Management Application starting up
2025-07-25 20:09:01,291 INFO com.leroy.inventorymanagementfx.InventoryApplication [JavaFX Application Thread] Starting Inventory Management Application
2025-07-25 20:09:01,360 INFO com.leroy.inventorymanagementfx.security.UserSession [JavaFX Application Thread] Loaded existing session for user Esther (ID: 1, Role: ADMIN)
2025-07-25 20:09:01,706 INFO com.leroy.inventorymanagementfx.service.NotificationStompClient [JavaFX Application Thread] Attempting to connect STOMP client to: ws://localhost:8080/ws-notifications
2025-07-25 20:09:01,708 DEBUG com.leroy.inventorymanagementfx.InventoryApplication [JavaFX Application Thread] Loading main FXML file
2025-07-25 20:09:04,330 INFO com.leroy.inventorymanagementfx.controller.MainController [JavaFX Application Thread] MainController initialized. User Role: ADMIN
2025-07-25 20:09:04,671 INFO com.leroy.inventorymanagementfx.controller.MainController [JavaFX Application Thread] NotificationStompClient set in MainController.
2025-07-25 20:09:04,671 WARN com.leroy.inventorymanagementfx.controller.MainController [JavaFX Application Thread] NotificationStompClient set, but topbar not yet loaded. Binding will occur when topbar is available.
2025-07-25 20:09:06,624 INFO com.leroy.inventorymanagementfx.controller.MainController [JavaFX Application Thread] Successfully loaded view: admin-create-department
2025-07-25 20:09:06,635 INFO com.leroy.inventorymanagementfx.InventoryApplication [JavaFX Application Thread] Application icon set successfully from: file:/C:/Users/Evans%20Kojo%20Aidoo/Desktop/JavaProjectOriginal/InventoryManagementFx/build/resources/main/static/images/inventoryfxico.ico
2025-07-25 20:09:08,079 INFO com.leroy.inventorymanagementfx.InventoryApplication [JavaFX Application Thread] Application UI initialized successfully
2025-07-25 20:09:08,692 INFO com.leroy.inventorymanagementfx.InventoryApplication [JavaFX Application Thread] Application added to System Tray.
2025-07-25 20:09:08,775 INFO com.leroy.inventorymanagementfx.controller.MainController [JavaFX Application Thread] Topbar notification count bound successfully to NotificationStompClient.
2025-07-25 20:09:09,944 ERROR com.leroy.inventorymanagementfx.service.NotificationStompClient [Thread-3] Failed to connect STOMP client
java.util.concurrent.ExecutionException: org.glassfish.tyrus.client.exception.DeploymentHandshakeException: Handshake error.
	at java.base/java.util.concurrent.CompletableFuture.wrapInExecutionException(CompletableFuture.java:347) ~[?:?]
	at java.base/java.util.concurrent.CompletableFuture.reportGet(CompletableFuture.java:442) ~[?:?]
	at java.base/java.util.concurrent.CompletableFuture.get(CompletableFuture.java:2119) ~[?:?]
	at com.leroy.inventorymanagementfx.service.NotificationStompClient.lambda$connect$0(NotificationStompClient.java:102) [main/:?]
	at java.base/java.lang.Thread.run(Thread.java:1447) [?:?]
Caused by: org.glassfish.tyrus.client.exception.DeploymentHandshakeException: Handshake error.
	at org.glassfish.tyrus.client.exception.Exceptions.deploymentException(Exceptions.java:38) ~[tyrus-client-2.2.0.jar:?]
	at org.glassfish.tyrus.client.ClientManager$3$1.run(ClientManager.java:622) ~[tyrus-client-2.2.0.jar:?]
	at org.glassfish.tyrus.client.ClientManager$3.run(ClientManager.java:657) ~[tyrus-client-2.2.0.jar:?]
	at java.base/java.util.concurrent.Executors$RunnableAdapter.call(Executors.java:545) ~[?:?]
	at java.base/java.util.concurrent.FutureTask.run(FutureTask.java:328) ~[?:?]
	at org.glassfish.tyrus.client.ClientManager$SameThreadExecutorService.execute(ClientManager.java:810) ~[tyrus-client-2.2.0.jar:?]
	at java.base/java.util.concurrent.AbstractExecutorService.submit(AbstractExecutorService.java:124) ~[?:?]
	at org.glassfish.tyrus.client.ClientManager.connectToServer(ClientManager.java:460) ~[tyrus-client-2.2.0.jar:?]
	at org.glassfish.tyrus.client.ClientManager.lambda$connectToServer$2(ClientManager.java:313) ~[tyrus-client-2.2.0.jar:?]
	at org.glassfish.tyrus.client.ClientManager.tryCatchInterruptedExecutionEx(ClientManager.java:324) ~[tyrus-client-2.2.0.jar:?]
	at org.glassfish.tyrus.client.ClientManager.connectToServer(ClientManager.java:313) ~[tyrus-client-2.2.0.jar:?]
	at org.springframework.web.socket.client.standard.StandardWebSocketClient.lambda$executeInternal$0(StandardWebSocketClient.java:175) ~[spring-websocket-6.2.8.jar:6.2.8]
	at org.springframework.util.concurrent.FutureUtils.lambda$toSupplier$0(FutureUtils.java:74) ~[spring-core-6.2.8.jar:6.2.8]
	at java.base/java.util.concurrent.CompletableFuture$AsyncSupply.run(CompletableFuture.java:1814) ~[?:?]
	... 1 more
Caused by: org.glassfish.tyrus.client.auth.AuthenticationException: Authentication failed.
	at org.glassfish.tyrus.client.TyrusClientEngine.handleAuth(TyrusClientEngine.java:366) ~[tyrus-client-2.2.0.jar:?]
	at org.glassfish.tyrus.client.TyrusClientEngine.processResponse(TyrusClientEngine.java:270) ~[tyrus-client-2.2.0.jar:?]
	at org.glassfish.tyrus.container.grizzly.client.GrizzlyClientFilter.handleHandshake(GrizzlyClientFilter.java:323) ~[tyrus-container-grizzly-client-2.2.0.jar:?]
	at org.glassfish.tyrus.container.grizzly.client.GrizzlyClientFilter.handleRead(GrizzlyClientFilter.java:292) ~[tyrus-container-grizzly-client-2.2.0.jar:?]
	at org.glassfish.grizzly.filterchain.ExecutorResolver$9.execute(ExecutorResolver.java:88) ~[grizzly-framework-4.0.2.jar:4.0.2]
	at org.glassfish.grizzly.filterchain.DefaultFilterChain.executeFilter(DefaultFilterChain.java:246) ~[grizzly-framework-4.0.2.jar:4.0.2]
	at org.glassfish.grizzly.filterchain.DefaultFilterChain.executeChainPart(DefaultFilterChain.java:178) ~[grizzly-framework-4.0.2.jar:4.0.2]
	at org.glassfish.grizzly.filterchain.DefaultFilterChain.execute(DefaultFilterChain.java:118) ~[grizzly-framework-4.0.2.jar:4.0.2]
	at org.glassfish.grizzly.filterchain.DefaultFilterChain.process(DefaultFilterChain.java:96) ~[grizzly-framework-4.0.2.jar:4.0.2]
	at org.glassfish.grizzly.ProcessorExecutor.execute(ProcessorExecutor.java:51) ~[grizzly-framework-4.0.2.jar:4.0.2]
	at org.glassfish.grizzly.nio.transport.TCPNIOTransport.fireIOEvent(TCPNIOTransport.java:510) ~[grizzly-framework-4.0.2.jar:4.0.2]
	at org.glassfish.grizzly.strategies.AbstractIOStrategy.fireIOEvent(AbstractIOStrategy.java:82) ~[grizzly-framework-4.0.2.jar:4.0.2]
	at org.glassfish.grizzly.strategies.WorkerThreadIOStrategy.run0(WorkerThreadIOStrategy.java:83) ~[grizzly-framework-4.0.2.jar:4.0.2]
	at org.glassfish.grizzly.strategies.WorkerThreadIOStrategy$WorkerThreadRunnable.run(WorkerThreadIOStrategy.java:101) ~[grizzly-framework-4.0.2.jar:4.0.2]
	at org.glassfish.grizzly.threadpool.AbstractThreadPool$Worker.doWork(AbstractThreadPool.java:535) ~[grizzly-framework-4.0.2.jar:4.0.2]
	at org.glassfish.grizzly.threadpool.AbstractThreadPool$Worker.run(AbstractThreadPool.java:515) ~[grizzly-framework-4.0.2.jar:4.0.2]
	... 1 more
2025-07-25 20:09:09,944 ERROR com.leroy.inventorymanagementfx.service.NotificationStompClient [SimpleAsyncTaskExecutor-1] STOMP Transport Error: org.glassfish.tyrus.client.exception.DeploymentHandshakeException: Handshake error.
java.util.concurrent.CompletionException: org.glassfish.tyrus.client.exception.DeploymentHandshakeException: Handshake error.
	at org.springframework.util.concurrent.FutureUtils.lambda$toSupplier$0(FutureUtils.java:78) [spring-core-6.2.8.jar:6.2.8]
	at java.base/java.util.concurrent.CompletableFuture$AsyncSupply.run(CompletableFuture.java:1814) [?:?]
	at java.base/java.lang.Thread.run(Thread.java:1447) [?:?]
Caused by: org.glassfish.tyrus.client.exception.DeploymentHandshakeException: Handshake error.
	at org.glassfish.tyrus.client.exception.Exceptions.deploymentException(Exceptions.java:38) ~[tyrus-client-2.2.0.jar:?]
	at org.glassfish.tyrus.client.ClientManager$3$1.run(ClientManager.java:622) ~[tyrus-client-2.2.0.jar:?]
	at org.glassfish.tyrus.client.ClientManager$3.run(ClientManager.java:657) ~[tyrus-client-2.2.0.jar:?]
	at java.base/java.util.concurrent.Executors$RunnableAdapter.call(Executors.java:545) ~[?:?]
	at java.base/java.util.concurrent.FutureTask.run(FutureTask.java:328) ~[?:?]
	at org.glassfish.tyrus.client.ClientManager$SameThreadExecutorService.execute(ClientManager.java:810) ~[tyrus-client-2.2.0.jar:?]
	at java.base/java.util.concurrent.AbstractExecutorService.submit(AbstractExecutorService.java:124) ~[?:?]
	at org.glassfish.tyrus.client.ClientManager.connectToServer(ClientManager.java:460) ~[tyrus-client-2.2.0.jar:?]
	at org.glassfish.tyrus.client.ClientManager.lambda$connectToServer$2(ClientManager.java:313) ~[tyrus-client-2.2.0.jar:?]
	at org.glassfish.tyrus.client.ClientManager.tryCatchInterruptedExecutionEx(ClientManager.java:324) ~[tyrus-client-2.2.0.jar:?]
	at org.glassfish.tyrus.client.ClientManager.connectToServer(ClientManager.java:313) ~[tyrus-client-2.2.0.jar:?]
	at org.springframework.web.socket.client.standard.StandardWebSocketClient.lambda$executeInternal$0(StandardWebSocketClient.java:175) ~[spring-websocket-6.2.8.jar:6.2.8]
	at org.springframework.util.concurrent.FutureUtils.lambda$toSupplier$0(FutureUtils.java:74) ~[spring-core-6.2.8.jar:6.2.8]
	... 2 more
Caused by: org.glassfish.tyrus.client.auth.AuthenticationException: Authentication failed.
	at org.glassfish.tyrus.client.TyrusClientEngine.handleAuth(TyrusClientEngine.java:366) ~[tyrus-client-2.2.0.jar:?]
	at org.glassfish.tyrus.client.TyrusClientEngine.processResponse(TyrusClientEngine.java:270) ~[tyrus-client-2.2.0.jar:?]
	at org.glassfish.tyrus.container.grizzly.client.GrizzlyClientFilter.handleHandshake(GrizzlyClientFilter.java:323) ~[tyrus-container-grizzly-client-2.2.0.jar:?]
	at org.glassfish.tyrus.container.grizzly.client.GrizzlyClientFilter.handleRead(GrizzlyClientFilter.java:292) ~[tyrus-container-grizzly-client-2.2.0.jar:?]
	at org.glassfish.grizzly.filterchain.ExecutorResolver$9.execute(ExecutorResolver.java:88) ~[grizzly-framework-4.0.2.jar:4.0.2]
	at org.glassfish.grizzly.filterchain.DefaultFilterChain.executeFilter(DefaultFilterChain.java:246) ~[grizzly-framework-4.0.2.jar:4.0.2]
	at org.glassfish.grizzly.filterchain.DefaultFilterChain.executeChainPart(DefaultFilterChain.java:178) ~[grizzly-framework-4.0.2.jar:4.0.2]
	at org.glassfish.grizzly.filterchain.DefaultFilterChain.execute(DefaultFilterChain.java:118) ~[grizzly-framework-4.0.2.jar:4.0.2]
	at org.glassfish.grizzly.filterchain.DefaultFilterChain.process(DefaultFilterChain.java:96) ~[grizzly-framework-4.0.2.jar:4.0.2]
	at org.glassfish.grizzly.ProcessorExecutor.execute(ProcessorExecutor.java:51) ~[grizzly-framework-4.0.2.jar:4.0.2]
	at org.glassfish.grizzly.nio.transport.TCPNIOTransport.fireIOEvent(TCPNIOTransport.java:510) ~[grizzly-framework-4.0.2.jar:4.0.2]
	at org.glassfish.grizzly.strategies.AbstractIOStrategy.fireIOEvent(AbstractIOStrategy.java:82) ~[grizzly-framework-4.0.2.jar:4.0.2]
	at org.glassfish.grizzly.strategies.WorkerThreadIOStrategy.run0(WorkerThreadIOStrategy.java:83) ~[grizzly-framework-4.0.2.jar:4.0.2]
	at org.glassfish.grizzly.strategies.WorkerThreadIOStrategy$WorkerThreadRunnable.run(WorkerThreadIOStrategy.java:101) ~[grizzly-framework-4.0.2.jar:4.0.2]
	at org.glassfish.grizzly.threadpool.AbstractThreadPool$Worker.doWork(AbstractThreadPool.java:535) ~[grizzly-framework-4.0.2.jar:4.0.2]
	at org.glassfish.grizzly.threadpool.AbstractThreadPool$Worker.run(AbstractThreadPool.java:515) ~[grizzly-framework-4.0.2.jar:4.0.2]
	... 1 more
2025-07-25 20:09:31,398 INFO com.leroy.inventorymanagementfx.InventoryApplication [JavaFX Application Thread] User chose to logout before closing
2025-07-25 20:09:31,401 INFO com.leroy.inventorymanagementfx.service.AuthService [JavaFX Application Thread] User logged out. Session and JWT cleared.
2025-07-25 20:09:31,724 INFO com.leroy.inventorymanagementfx.controller.MainController [JavaFX Application Thread] Successfully loaded view: common-login
2025-07-25 20:09:46,309 INFO com.leroy.inventorymanagementfx.InventoryApplication [main] Inventory Management Application starting up
2025-07-25 20:09:46,477 INFO com.leroy.inventorymanagementfx.InventoryApplication [JavaFX Application Thread] Starting Inventory Management Application
2025-07-25 20:09:46,507 INFO com.leroy.inventorymanagementfx.security.UserSession [JavaFX Application Thread] Loaded existing session for user Esther (ID: 1, Role: ADMIN)
2025-07-25 20:09:46,694 INFO com.leroy.inventorymanagementfx.service.NotificationStompClient [JavaFX Application Thread] Attempting to connect STOMP client to: ws://localhost:8080/ws-notifications
2025-07-25 20:09:46,696 DEBUG com.leroy.inventorymanagementfx.InventoryApplication [JavaFX Application Thread] Loading main FXML file
2025-07-25 20:09:47,495 ERROR com.leroy.inventorymanagementfx.service.NotificationStompClient [SimpleAsyncTaskExecutor-1] STOMP Transport Error: org.glassfish.tyrus.client.exception.DeploymentHandshakeException: Handshake error.
java.util.concurrent.CompletionException: org.glassfish.tyrus.client.exception.DeploymentHandshakeException: Handshake error.
	at org.springframework.util.concurrent.FutureUtils.lambda$toSupplier$0(FutureUtils.java:78) [spring-core-6.2.8.jar:6.2.8]
	at java.base/java.util.concurrent.CompletableFuture$AsyncSupply.run(CompletableFuture.java:1814) [?:?]
	at java.base/java.lang.Thread.run(Thread.java:1447) [?:?]
Caused by: org.glassfish.tyrus.client.exception.DeploymentHandshakeException: Handshake error.
	at org.glassfish.tyrus.client.exception.Exceptions.deploymentException(Exceptions.java:38) ~[tyrus-client-2.2.0.jar:?]
	at org.glassfish.tyrus.client.ClientManager$3$1.run(ClientManager.java:622) ~[tyrus-client-2.2.0.jar:?]
	at org.glassfish.tyrus.client.ClientManager$3.run(ClientManager.java:657) ~[tyrus-client-2.2.0.jar:?]
	at java.base/java.util.concurrent.Executors$RunnableAdapter.call(Executors.java:545) ~[?:?]
	at java.base/java.util.concurrent.FutureTask.run(FutureTask.java:328) ~[?:?]
	at org.glassfish.tyrus.client.ClientManager$SameThreadExecutorService.execute(ClientManager.java:810) ~[tyrus-client-2.2.0.jar:?]
	at java.base/java.util.concurrent.AbstractExecutorService.submit(AbstractExecutorService.java:124) ~[?:?]
	at org.glassfish.tyrus.client.ClientManager.connectToServer(ClientManager.java:460) ~[tyrus-client-2.2.0.jar:?]
	at org.glassfish.tyrus.client.ClientManager.lambda$connectToServer$2(ClientManager.java:313) ~[tyrus-client-2.2.0.jar:?]
	at org.glassfish.tyrus.client.ClientManager.tryCatchInterruptedExecutionEx(ClientManager.java:324) ~[tyrus-client-2.2.0.jar:?]
	at org.glassfish.tyrus.client.ClientManager.connectToServer(ClientManager.java:313) ~[tyrus-client-2.2.0.jar:?]
	at org.springframework.web.socket.client.standard.StandardWebSocketClient.lambda$executeInternal$0(StandardWebSocketClient.java:175) ~[spring-websocket-6.2.8.jar:6.2.8]
	at org.springframework.util.concurrent.FutureUtils.lambda$toSupplier$0(FutureUtils.java:74) ~[spring-core-6.2.8.jar:6.2.8]
	... 2 more
Caused by: org.glassfish.tyrus.client.auth.AuthenticationException: Authentication failed.
	at org.glassfish.tyrus.client.TyrusClientEngine.handleAuth(TyrusClientEngine.java:366) ~[tyrus-client-2.2.0.jar:?]
	at org.glassfish.tyrus.client.TyrusClientEngine.processResponse(TyrusClientEngine.java:270) ~[tyrus-client-2.2.0.jar:?]
	at org.glassfish.tyrus.container.grizzly.client.GrizzlyClientFilter.handleHandshake(GrizzlyClientFilter.java:323) ~[tyrus-container-grizzly-client-2.2.0.jar:?]
	at org.glassfish.tyrus.container.grizzly.client.GrizzlyClientFilter.handleRead(GrizzlyClientFilter.java:292) ~[tyrus-container-grizzly-client-2.2.0.jar:?]
	at org.glassfish.grizzly.filterchain.ExecutorResolver$9.execute(ExecutorResolver.java:88) ~[grizzly-framework-4.0.2.jar:4.0.2]
	at org.glassfish.grizzly.filterchain.DefaultFilterChain.executeFilter(DefaultFilterChain.java:246) ~[grizzly-framework-4.0.2.jar:4.0.2]
	at org.glassfish.grizzly.filterchain.DefaultFilterChain.executeChainPart(DefaultFilterChain.java:178) ~[grizzly-framework-4.0.2.jar:4.0.2]
	at org.glassfish.grizzly.filterchain.DefaultFilterChain.execute(DefaultFilterChain.java:118) ~[grizzly-framework-4.0.2.jar:4.0.2]
	at org.glassfish.grizzly.filterchain.DefaultFilterChain.process(DefaultFilterChain.java:96) ~[grizzly-framework-4.0.2.jar:4.0.2]
	at org.glassfish.grizzly.ProcessorExecutor.execute(ProcessorExecutor.java:51) ~[grizzly-framework-4.0.2.jar:4.0.2]
	at org.glassfish.grizzly.nio.transport.TCPNIOTransport.fireIOEvent(TCPNIOTransport.java:510) ~[grizzly-framework-4.0.2.jar:4.0.2]
	at org.glassfish.grizzly.strategies.AbstractIOStrategy.fireIOEvent(AbstractIOStrategy.java:82) ~[grizzly-framework-4.0.2.jar:4.0.2]
	at org.glassfish.grizzly.strategies.WorkerThreadIOStrategy.run0(WorkerThreadIOStrategy.java:83) ~[grizzly-framework-4.0.2.jar:4.0.2]
	at org.glassfish.grizzly.strategies.WorkerThreadIOStrategy$WorkerThreadRunnable.run(WorkerThreadIOStrategy.java:101) ~[grizzly-framework-4.0.2.jar:4.0.2]
	at org.glassfish.grizzly.threadpool.AbstractThreadPool$Worker.doWork(AbstractThreadPool.java:535) ~[grizzly-framework-4.0.2.jar:4.0.2]
	at org.glassfish.grizzly.threadpool.AbstractThreadPool$Worker.run(AbstractThreadPool.java:515) ~[grizzly-framework-4.0.2.jar:4.0.2]
	... 1 more
2025-07-25 20:09:47,495 ERROR com.leroy.inventorymanagementfx.service.NotificationStompClient [Thread-3] Failed to connect STOMP client
java.util.concurrent.ExecutionException: org.glassfish.tyrus.client.exception.DeploymentHandshakeException: Handshake error.
	at java.base/java.util.concurrent.CompletableFuture.wrapInExecutionException(CompletableFuture.java:347) ~[?:?]
	at java.base/java.util.concurrent.CompletableFuture.reportGet(CompletableFuture.java:442) ~[?:?]
	at java.base/java.util.concurrent.CompletableFuture.get(CompletableFuture.java:2119) ~[?:?]
	at com.leroy.inventorymanagementfx.service.NotificationStompClient.lambda$connect$0(NotificationStompClient.java:102) [main/:?]
	at java.base/java.lang.Thread.run(Thread.java:1447) [?:?]
Caused by: org.glassfish.tyrus.client.exception.DeploymentHandshakeException: Handshake error.
	at org.glassfish.tyrus.client.exception.Exceptions.deploymentException(Exceptions.java:38) ~[tyrus-client-2.2.0.jar:?]
	at org.glassfish.tyrus.client.ClientManager$3$1.run(ClientManager.java:622) ~[tyrus-client-2.2.0.jar:?]
	at org.glassfish.tyrus.client.ClientManager$3.run(ClientManager.java:657) ~[tyrus-client-2.2.0.jar:?]
	at java.base/java.util.concurrent.Executors$RunnableAdapter.call(Executors.java:545) ~[?:?]
	at java.base/java.util.concurrent.FutureTask.run(FutureTask.java:328) ~[?:?]
	at org.glassfish.tyrus.client.ClientManager$SameThreadExecutorService.execute(ClientManager.java:810) ~[tyrus-client-2.2.0.jar:?]
	at java.base/java.util.concurrent.AbstractExecutorService.submit(AbstractExecutorService.java:124) ~[?:?]
	at org.glassfish.tyrus.client.ClientManager.connectToServer(ClientManager.java:460) ~[tyrus-client-2.2.0.jar:?]
	at org.glassfish.tyrus.client.ClientManager.lambda$connectToServer$2(ClientManager.java:313) ~[tyrus-client-2.2.0.jar:?]
	at org.glassfish.tyrus.client.ClientManager.tryCatchInterruptedExecutionEx(ClientManager.java:324) ~[tyrus-client-2.2.0.jar:?]
	at org.glassfish.tyrus.client.ClientManager.connectToServer(ClientManager.java:313) ~[tyrus-client-2.2.0.jar:?]
	at org.springframework.web.socket.client.standard.StandardWebSocketClient.lambda$executeInternal$0(StandardWebSocketClient.java:175) ~[spring-websocket-6.2.8.jar:6.2.8]
	at org.springframework.util.concurrent.FutureUtils.lambda$toSupplier$0(FutureUtils.java:74) ~[spring-core-6.2.8.jar:6.2.8]
	at java.base/java.util.concurrent.CompletableFuture$AsyncSupply.run(CompletableFuture.java:1814) ~[?:?]
	... 1 more
Caused by: org.glassfish.tyrus.client.auth.AuthenticationException: Authentication failed.
	at org.glassfish.tyrus.client.TyrusClientEngine.handleAuth(TyrusClientEngine.java:366) ~[tyrus-client-2.2.0.jar:?]
	at org.glassfish.tyrus.client.TyrusClientEngine.processResponse(TyrusClientEngine.java:270) ~[tyrus-client-2.2.0.jar:?]
	at org.glassfish.tyrus.container.grizzly.client.GrizzlyClientFilter.handleHandshake(GrizzlyClientFilter.java:323) ~[tyrus-container-grizzly-client-2.2.0.jar:?]
	at org.glassfish.tyrus.container.grizzly.client.GrizzlyClientFilter.handleRead(GrizzlyClientFilter.java:292) ~[tyrus-container-grizzly-client-2.2.0.jar:?]
	at org.glassfish.grizzly.filterchain.ExecutorResolver$9.execute(ExecutorResolver.java:88) ~[grizzly-framework-4.0.2.jar:4.0.2]
	at org.glassfish.grizzly.filterchain.DefaultFilterChain.executeFilter(DefaultFilterChain.java:246) ~[grizzly-framework-4.0.2.jar:4.0.2]
	at org.glassfish.grizzly.filterchain.DefaultFilterChain.executeChainPart(DefaultFilterChain.java:178) ~[grizzly-framework-4.0.2.jar:4.0.2]
	at org.glassfish.grizzly.filterchain.DefaultFilterChain.execute(DefaultFilterChain.java:118) ~[grizzly-framework-4.0.2.jar:4.0.2]
	at org.glassfish.grizzly.filterchain.DefaultFilterChain.process(DefaultFilterChain.java:96) ~[grizzly-framework-4.0.2.jar:4.0.2]
	at org.glassfish.grizzly.ProcessorExecutor.execute(ProcessorExecutor.java:51) ~[grizzly-framework-4.0.2.jar:4.0.2]
	at org.glassfish.grizzly.nio.transport.TCPNIOTransport.fireIOEvent(TCPNIOTransport.java:510) ~[grizzly-framework-4.0.2.jar:4.0.2]
	at org.glassfish.grizzly.strategies.AbstractIOStrategy.fireIOEvent(AbstractIOStrategy.java:82) ~[grizzly-framework-4.0.2.jar:4.0.2]
	at org.glassfish.grizzly.strategies.WorkerThreadIOStrategy.run0(WorkerThreadIOStrategy.java:83) ~[grizzly-framework-4.0.2.jar:4.0.2]
	at org.glassfish.grizzly.strategies.WorkerThreadIOStrategy$WorkerThreadRunnable.run(WorkerThreadIOStrategy.java:101) ~[grizzly-framework-4.0.2.jar:4.0.2]
	at org.glassfish.grizzly.threadpool.AbstractThreadPool$Worker.doWork(AbstractThreadPool.java:535) ~[grizzly-framework-4.0.2.jar:4.0.2]
	at org.glassfish.grizzly.threadpool.AbstractThreadPool$Worker.run(AbstractThreadPool.java:515) ~[grizzly-framework-4.0.2.jar:4.0.2]
	... 1 more
2025-07-25 20:09:47,531 INFO com.leroy.inventorymanagementfx.controller.MainController [JavaFX Application Thread] MainController initialized. User Role: ADMIN
2025-07-25 20:09:47,640 INFO com.leroy.inventorymanagementfx.controller.MainController [JavaFX Application Thread] NotificationStompClient set in MainController.
2025-07-25 20:09:47,641 WARN com.leroy.inventorymanagementfx.controller.MainController [JavaFX Application Thread] NotificationStompClient set, but topbar not yet loaded. Binding will occur when topbar is available.
2025-07-25 20:09:48,527 INFO com.leroy.inventorymanagementfx.controller.MainController [JavaFX Application Thread] Successfully loaded view: admin-create-department
2025-07-25 20:09:48,535 INFO com.leroy.inventorymanagementfx.InventoryApplication [JavaFX Application Thread] Application icon set successfully from: file:/C:/Users/Evans%20Kojo%20Aidoo/Desktop/JavaProjectOriginal/InventoryManagementFx/build/resources/main/static/images/inventoryfxico.ico
2025-07-25 20:09:49,143 INFO com.leroy.inventorymanagementfx.InventoryApplication [JavaFX Application Thread] Application UI initialized successfully
2025-07-25 20:09:49,554 INFO com.leroy.inventorymanagementfx.InventoryApplication [JavaFX Application Thread] Application added to System Tray.
2025-07-25 20:09:49,629 INFO com.leroy.inventorymanagementfx.controller.MainController [JavaFX Application Thread] Topbar notification count bound successfully to NotificationStompClient.
2025-07-25 20:10:03,873 INFO com.leroy.inventorymanagementfx.InventoryApplication [JavaFX Application Thread] User chose to logout before closing
2025-07-25 20:10:03,874 INFO com.leroy.inventorymanagementfx.service.AuthService [JavaFX Application Thread] User logged out. Session and JWT cleared.
2025-07-25 20:10:04,944 INFO com.leroy.inventorymanagementfx.controller.MainController [JavaFX Application Thread] Successfully loaded view: common-login
2025-07-25 20:15:01,062 INFO com.leroy.inventorymanagementfx.InventoryApplication [main] Inventory Management Application starting up
2025-07-25 20:15:01,181 INFO com.leroy.inventorymanagementfx.InventoryApplication [JavaFX Application Thread] Starting Inventory Management Application
2025-07-25 20:15:01,199 INFO com.leroy.inventorymanagementfx.security.UserSession [JavaFX Application Thread] Loaded existing session for user Esther (ID: 1, Role: ADMIN)
2025-07-25 20:15:01,271 INFO com.leroy.inventorymanagementfx.service.NotificationStompClient [JavaFX Application Thread] Attempting to connect STOMP client to: ws://localhost:8080/ws-notifications
2025-07-25 20:15:01,271 DEBUG com.leroy.inventorymanagementfx.InventoryApplication [JavaFX Application Thread] Loading main FXML file
2025-07-25 20:15:01,855 INFO com.leroy.inventorymanagementfx.controller.MainController [JavaFX Application Thread] MainController initialized. User Role: ADMIN
2025-07-25 20:15:01,968 INFO com.leroy.inventorymanagementfx.controller.MainController [JavaFX Application Thread] NotificationStompClient set in MainController.
2025-07-25 20:15:01,969 WARN com.leroy.inventorymanagementfx.controller.MainController [JavaFX Application Thread] NotificationStompClient set, but topbar not yet loaded. Binding will occur when topbar is available.
2025-07-25 20:15:01,989 ERROR com.leroy.inventorymanagementfx.service.NotificationStompClient [Thread-3] Failed to connect STOMP client
java.util.concurrent.ExecutionException: org.glassfish.tyrus.client.exception.DeploymentHandshakeException: Handshake error.
	at java.base/java.util.concurrent.CompletableFuture.wrapInExecutionException(CompletableFuture.java:347) ~[?:?]
	at java.base/java.util.concurrent.CompletableFuture.reportGet(CompletableFuture.java:442) ~[?:?]
	at java.base/java.util.concurrent.CompletableFuture.get(CompletableFuture.java:2119) ~[?:?]
	at com.leroy.inventorymanagementfx.service.NotificationStompClient.lambda$connect$0(NotificationStompClient.java:102) [main/:?]
	at java.base/java.lang.Thread.run(Thread.java:1447) [?:?]
Caused by: org.glassfish.tyrus.client.exception.DeploymentHandshakeException: Handshake error.
	at org.glassfish.tyrus.client.exception.Exceptions.deploymentException(Exceptions.java:38) ~[tyrus-client-2.2.0.jar:?]
	at org.glassfish.tyrus.client.ClientManager$3$1.run(ClientManager.java:622) ~[tyrus-client-2.2.0.jar:?]
	at org.glassfish.tyrus.client.ClientManager$3.run(ClientManager.java:657) ~[tyrus-client-2.2.0.jar:?]
	at java.base/java.util.concurrent.Executors$RunnableAdapter.call(Executors.java:545) ~[?:?]
	at java.base/java.util.concurrent.FutureTask.run(FutureTask.java:328) ~[?:?]
	at org.glassfish.tyrus.client.ClientManager$SameThreadExecutorService.execute(ClientManager.java:810) ~[tyrus-client-2.2.0.jar:?]
	at java.base/java.util.concurrent.AbstractExecutorService.submit(AbstractExecutorService.java:124) ~[?:?]
	at org.glassfish.tyrus.client.ClientManager.connectToServer(ClientManager.java:460) ~[tyrus-client-2.2.0.jar:?]
	at org.glassfish.tyrus.client.ClientManager.lambda$connectToServer$2(ClientManager.java:313) ~[tyrus-client-2.2.0.jar:?]
	at org.glassfish.tyrus.client.ClientManager.tryCatchInterruptedExecutionEx(ClientManager.java:324) ~[tyrus-client-2.2.0.jar:?]
	at org.glassfish.tyrus.client.ClientManager.connectToServer(ClientManager.java:313) ~[tyrus-client-2.2.0.jar:?]
	at org.springframework.web.socket.client.standard.StandardWebSocketClient.lambda$executeInternal$0(StandardWebSocketClient.java:175) ~[spring-websocket-6.2.8.jar:6.2.8]
	at org.springframework.util.concurrent.FutureUtils.lambda$toSupplier$0(FutureUtils.java:74) ~[spring-core-6.2.8.jar:6.2.8]
	at java.base/java.util.concurrent.CompletableFuture$AsyncSupply.run(CompletableFuture.java:1814) ~[?:?]
	... 1 more
Caused by: org.glassfish.tyrus.client.auth.AuthenticationException: Authentication failed.
	at org.glassfish.tyrus.client.TyrusClientEngine.handleAuth(TyrusClientEngine.java:366) ~[tyrus-client-2.2.0.jar:?]
	at org.glassfish.tyrus.client.TyrusClientEngine.processResponse(TyrusClientEngine.java:270) ~[tyrus-client-2.2.0.jar:?]
	at org.glassfish.tyrus.container.grizzly.client.GrizzlyClientFilter.handleHandshake(GrizzlyClientFilter.java:323) ~[tyrus-container-grizzly-client-2.2.0.jar:?]
	at org.glassfish.tyrus.container.grizzly.client.GrizzlyClientFilter.handleRead(GrizzlyClientFilter.java:292) ~[tyrus-container-grizzly-client-2.2.0.jar:?]
	at org.glassfish.grizzly.filterchain.ExecutorResolver$9.execute(ExecutorResolver.java:88) ~[grizzly-framework-4.0.2.jar:4.0.2]
	at org.glassfish.grizzly.filterchain.DefaultFilterChain.executeFilter(DefaultFilterChain.java:246) ~[grizzly-framework-4.0.2.jar:4.0.2]
	at org.glassfish.grizzly.filterchain.DefaultFilterChain.executeChainPart(DefaultFilterChain.java:178) ~[grizzly-framework-4.0.2.jar:4.0.2]
	at org.glassfish.grizzly.filterchain.DefaultFilterChain.execute(DefaultFilterChain.java:118) ~[grizzly-framework-4.0.2.jar:4.0.2]
	at org.glassfish.grizzly.filterchain.DefaultFilterChain.process(DefaultFilterChain.java:96) ~[grizzly-framework-4.0.2.jar:4.0.2]
	at org.glassfish.grizzly.ProcessorExecutor.execute(ProcessorExecutor.java:51) ~[grizzly-framework-4.0.2.jar:4.0.2]
	at org.glassfish.grizzly.nio.transport.TCPNIOTransport.fireIOEvent(TCPNIOTransport.java:510) ~[grizzly-framework-4.0.2.jar:4.0.2]
	at org.glassfish.grizzly.strategies.AbstractIOStrategy.fireIOEvent(AbstractIOStrategy.java:82) ~[grizzly-framework-4.0.2.jar:4.0.2]
	at org.glassfish.grizzly.strategies.WorkerThreadIOStrategy.run0(WorkerThreadIOStrategy.java:83) ~[grizzly-framework-4.0.2.jar:4.0.2]
	at org.glassfish.grizzly.strategies.WorkerThreadIOStrategy$WorkerThreadRunnable.run(WorkerThreadIOStrategy.java:101) ~[grizzly-framework-4.0.2.jar:4.0.2]
	at org.glassfish.grizzly.threadpool.AbstractThreadPool$Worker.doWork(AbstractThreadPool.java:535) ~[grizzly-framework-4.0.2.jar:4.0.2]
	at org.glassfish.grizzly.threadpool.AbstractThreadPool$Worker.run(AbstractThreadPool.java:515) ~[grizzly-framework-4.0.2.jar:4.0.2]
	... 1 more
2025-07-25 20:15:01,989 ERROR com.leroy.inventorymanagementfx.service.NotificationStompClient [SimpleAsyncTaskExecutor-1] STOMP Transport Error: org.glassfish.tyrus.client.exception.DeploymentHandshakeException: Handshake error.
java.util.concurrent.CompletionException: org.glassfish.tyrus.client.exception.DeploymentHandshakeException: Handshake error.
	at org.springframework.util.concurrent.FutureUtils.lambda$toSupplier$0(FutureUtils.java:78) [spring-core-6.2.8.jar:6.2.8]
	at java.base/java.util.concurrent.CompletableFuture$AsyncSupply.run(CompletableFuture.java:1814) [?:?]
	at java.base/java.lang.Thread.run(Thread.java:1447) [?:?]
Caused by: org.glassfish.tyrus.client.exception.DeploymentHandshakeException: Handshake error.
	at org.glassfish.tyrus.client.exception.Exceptions.deploymentException(Exceptions.java:38) ~[tyrus-client-2.2.0.jar:?]
	at org.glassfish.tyrus.client.ClientManager$3$1.run(ClientManager.java:622) ~[tyrus-client-2.2.0.jar:?]
	at org.glassfish.tyrus.client.ClientManager$3.run(ClientManager.java:657) ~[tyrus-client-2.2.0.jar:?]
	at java.base/java.util.concurrent.Executors$RunnableAdapter.call(Executors.java:545) ~[?:?]
	at java.base/java.util.concurrent.FutureTask.run(FutureTask.java:328) ~[?:?]
	at org.glassfish.tyrus.client.ClientManager$SameThreadExecutorService.execute(ClientManager.java:810) ~[tyrus-client-2.2.0.jar:?]
	at java.base/java.util.concurrent.AbstractExecutorService.submit(AbstractExecutorService.java:124) ~[?:?]
	at org.glassfish.tyrus.client.ClientManager.connectToServer(ClientManager.java:460) ~[tyrus-client-2.2.0.jar:?]
	at org.glassfish.tyrus.client.ClientManager.lambda$connectToServer$2(ClientManager.java:313) ~[tyrus-client-2.2.0.jar:?]
	at org.glassfish.tyrus.client.ClientManager.tryCatchInterruptedExecutionEx(ClientManager.java:324) ~[tyrus-client-2.2.0.jar:?]
	at org.glassfish.tyrus.client.ClientManager.connectToServer(ClientManager.java:313) ~[tyrus-client-2.2.0.jar:?]
	at org.springframework.web.socket.client.standard.StandardWebSocketClient.lambda$executeInternal$0(StandardWebSocketClient.java:175) ~[spring-websocket-6.2.8.jar:6.2.8]
	at org.springframework.util.concurrent.FutureUtils.lambda$toSupplier$0(FutureUtils.java:74) ~[spring-core-6.2.8.jar:6.2.8]
	... 2 more
Caused by: org.glassfish.tyrus.client.auth.AuthenticationException: Authentication failed.
	at org.glassfish.tyrus.client.TyrusClientEngine.handleAuth(TyrusClientEngine.java:366) ~[tyrus-client-2.2.0.jar:?]
	at org.glassfish.tyrus.client.TyrusClientEngine.processResponse(TyrusClientEngine.java:270) ~[tyrus-client-2.2.0.jar:?]
	at org.glassfish.tyrus.container.grizzly.client.GrizzlyClientFilter.handleHandshake(GrizzlyClientFilter.java:323) ~[tyrus-container-grizzly-client-2.2.0.jar:?]
	at org.glassfish.tyrus.container.grizzly.client.GrizzlyClientFilter.handleRead(GrizzlyClientFilter.java:292) ~[tyrus-container-grizzly-client-2.2.0.jar:?]
	at org.glassfish.grizzly.filterchain.ExecutorResolver$9.execute(ExecutorResolver.java:88) ~[grizzly-framework-4.0.2.jar:4.0.2]
	at org.glassfish.grizzly.filterchain.DefaultFilterChain.executeFilter(DefaultFilterChain.java:246) ~[grizzly-framework-4.0.2.jar:4.0.2]
	at org.glassfish.grizzly.filterchain.DefaultFilterChain.executeChainPart(DefaultFilterChain.java:178) ~[grizzly-framework-4.0.2.jar:4.0.2]
	at org.glassfish.grizzly.filterchain.DefaultFilterChain.execute(DefaultFilterChain.java:118) ~[grizzly-framework-4.0.2.jar:4.0.2]
	at org.glassfish.grizzly.filterchain.DefaultFilterChain.process(DefaultFilterChain.java:96) ~[grizzly-framework-4.0.2.jar:4.0.2]
	at org.glassfish.grizzly.ProcessorExecutor.execute(ProcessorExecutor.java:51) ~[grizzly-framework-4.0.2.jar:4.0.2]
	at org.glassfish.grizzly.nio.transport.TCPNIOTransport.fireIOEvent(TCPNIOTransport.java:510) ~[grizzly-framework-4.0.2.jar:4.0.2]
	at org.glassfish.grizzly.strategies.AbstractIOStrategy.fireIOEvent(AbstractIOStrategy.java:82) ~[grizzly-framework-4.0.2.jar:4.0.2]
	at org.glassfish.grizzly.strategies.WorkerThreadIOStrategy.run0(WorkerThreadIOStrategy.java:83) ~[grizzly-framework-4.0.2.jar:4.0.2]
	at org.glassfish.grizzly.strategies.WorkerThreadIOStrategy$WorkerThreadRunnable.run(WorkerThreadIOStrategy.java:101) ~[grizzly-framework-4.0.2.jar:4.0.2]
	at org.glassfish.grizzly.threadpool.AbstractThreadPool$Worker.doWork(AbstractThreadPool.java:535) ~[grizzly-framework-4.0.2.jar:4.0.2]
	at org.glassfish.grizzly.threadpool.AbstractThreadPool$Worker.run(AbstractThreadPool.java:515) ~[grizzly-framework-4.0.2.jar:4.0.2]
	... 1 more
2025-07-25 20:15:02,770 INFO com.leroy.inventorymanagementfx.controller.MainController [JavaFX Application Thread] Successfully loaded view: admin-create-department
2025-07-25 20:15:02,779 INFO com.leroy.inventorymanagementfx.InventoryApplication [JavaFX Application Thread] Application icon set successfully from: file:/C:/Users/Evans%20Kojo%20Aidoo/Desktop/JavaProjectOriginal/InventoryManagementFx/build/resources/main/static/images/inventoryfxico.ico
2025-07-25 20:15:03,360 INFO com.leroy.inventorymanagementfx.InventoryApplication [JavaFX Application Thread] Application UI initialized successfully
2025-07-25 20:15:03,641 INFO com.leroy.inventorymanagementfx.InventoryApplication [JavaFX Application Thread] Application added to System Tray.
2025-07-25 20:15:03,727 INFO com.leroy.inventorymanagementfx.controller.MainController [JavaFX Application Thread] Topbar notification count bound successfully to NotificationStompClient.
2025-07-25 20:15:10,137 INFO com.leroy.inventorymanagementfx.service.AuthService [JavaFX Application Thread] User logged out. Session and JWT cleared.
2025-07-25 20:15:10,299 INFO com.leroy.inventorymanagementfx.controller.MainController [JavaFX Application Thread] Successfully loaded view: common-login
2025-07-25 20:15:10,316 DEBUG com.leroy.inventorymanagementfx.security.UserSession [JavaFX Application Thread] Session file user_session.properties cleared
2025-07-25 20:15:10,316 INFO com.leroy.inventorymanagementfx.security.UserSession [JavaFX Application Thread] User session cleared
2025-07-25 20:15:50,556 INFO com.leroy.inventorymanagementfx.service.AuthService [JavaFX Application Thread] Sending login request for email: estherkorankye@gmail.com
2025-07-25 20:16:15,477 WARN com.leroy.inventorymanagementfx.service.AuthService [ForkJoinPool.commonPool-worker-1] Standard Login failed. Status: 401, Body: {"message":"Invalid credentials"}
2025-07-25 20:16:47,143 INFO com.leroy.inventorymanagementfx.service.AuthService [JavaFX Application Thread] Sending login request for email: estherkorankye132@gmail.com
2025-07-25 20:17:01,001 INFO com.leroy.inventorymanagementfx.service.AuthService [ForkJoinPool.commonPool-worker-1] Standard Login successful. Session initialized: ID=1, Name=Esther, Role=ADMIN
2025-07-25 20:17:01,024 DEBUG com.leroy.inventorymanagementfx.security.UserSession [JavaFX Application Thread] Session data saved to user_session.properties
2025-07-25 20:17:01,025 INFO com.leroy.inventorymanagementfx.security.UserSession [JavaFX Application Thread] Session initialized for user Esther (ID: 1, Role: ADMIN)
2025-07-25 20:17:01,030 DEBUG com.leroy.inventorymanagementfx.controller.MainController [JavaFX Application Thread] Adding current page common-login to back stack
2025-07-25 20:17:01,067 INFO com.leroy.inventorymanagementfx.controller.MainController [JavaFX Application Thread] Successfully loaded view: admin-create-department
2025-07-25 20:17:01,207 DEBUG com.leroy.inventorymanagementfx.security.UserSession [JavaFX Application Thread] Session data saved to user_session.properties
2025-07-25 20:17:01,208 INFO com.leroy.inventorymanagementfx.security.UserSession [JavaFX Application Thread] Session initialized for user Esther (ID: 1, Role: ADMIN)
2025-07-25 20:17:01,209 INFO com.leroy.inventorymanagementfx.controller.MainController [JavaFX Application Thread] Topbar notification count bound successfully to NotificationStompClient.
2025-07-25 20:17:14,939 INFO com.leroy.inventorymanagementfx.service.admin.DepartmentService [JavaFX Application Thread] Sending create department request. Name: Directorate of Finance
2025-07-25 20:17:27,150 INFO com.leroy.inventorymanagementfx.service.admin.DepartmentService [ForkJoinPool.commonPool-worker-1] Department created successfully: Directorate of Finance
2025-07-25 20:17:30,921 DEBUG com.leroy.inventorymanagementfx.controller.MainController [JavaFX Application Thread] Adding current page admin-create-department to back stack
2025-07-25 20:17:31,126 INFO com.leroy.inventorymanagementfx.controller.MainController [JavaFX Application Thread] Successfully loaded view: admin-create-storekeeper
2025-07-25 20:17:53,811 INFO com.leroy.inventorymanagementfx.controller.admin.CreateStorekeeper [JavaFX Application Thread] Raw departments response: ["Directorate of Finance"]
2025-07-25 20:17:53,813 INFO com.leroy.inventorymanagementfx.controller.admin.CreateStorekeeper [JavaFX Application Thread] Fetched departments: [Directorate of Finance]
2025-07-25 20:17:58,101 DEBUG com.leroy.inventorymanagementfx.service.admin.UserService [JavaFX Application Thread] Payload: {"email":"leroydennisa@gmail.com","firstName":"Dennis","lastName":"Leroy","password":"leroy001","roleName":"STOREKEEPER","departmentName":"Directorate of Finance"}
2025-07-25 20:17:58,102 INFO com.leroy.inventorymanagementfx.service.admin.UserService [JavaFX Application Thread] Creating user with role: STOREKEEPER
2025-07-25 20:17:58,641 INFO com.leroy.inventorymanagementfx.service.admin.UserService [ForkJoinPool.commonPool-worker-1] User created successfully: leroydennisa@gmail.com
2025-07-25 20:18:04,708 INFO com.leroy.inventorymanagementfx.service.AuthService [JavaFX Application Thread] User logged out. Session and JWT cleared.
2025-07-25 20:18:04,784 INFO com.leroy.inventorymanagementfx.controller.MainController [JavaFX Application Thread] Successfully loaded view: common-login
2025-07-25 20:18:04,848 DEBUG com.leroy.inventorymanagementfx.security.UserSession [JavaFX Application Thread] Session file user_session.properties cleared
2025-07-25 20:18:04,848 INFO com.leroy.inventorymanagementfx.security.UserSession [JavaFX Application Thread] User session cleared
2025-07-25 20:21:38,247 INFO com.leroy.inventorymanagementfx.service.AuthService [JavaFX Application Thread] Sending login request for email: leroydennisa@gmail.com
2025-07-25 20:21:40,570 INFO com.leroy.inventorymanagementfx.service.AuthService [ForkJoinPool.commonPool-worker-2] Standard Login successful. Session initialized: ID=2, Name=Dennis, Role=STOREKEEPER
2025-07-25 20:21:40,571 DEBUG com.leroy.inventorymanagementfx.security.UserSession [JavaFX Application Thread] Session data saved to user_session.properties
2025-07-25 20:21:40,571 INFO com.leroy.inventorymanagementfx.security.UserSession [JavaFX Application Thread] Session initialized for user Dennis (ID: 2, Role: STOREKEEPER)
2025-07-25 20:21:44,162 DEBUG com.leroy.inventorymanagementfx.controller.MainController [JavaFX Application Thread] Adding current page common-login to back stack
2025-07-25 20:21:44,880 INFO com.leroy.inventorymanagementfx.controller.MainController [JavaFX Application Thread] Successfully loaded view: storekeeper-dashboard
2025-07-25 20:21:45,291 DEBUG com.leroy.inventorymanagementfx.security.UserSession [JavaFX Application Thread] Session data saved to user_session.properties
2025-07-25 20:21:45,291 INFO com.leroy.inventorymanagementfx.security.UserSession [JavaFX Application Thread] Session initialized for user Dennis (ID: 2, Role: STOREKEEPER)
2025-07-25 20:21:45,293 INFO com.leroy.inventorymanagementfx.controller.MainController [JavaFX Application Thread] Topbar notification count bound successfully to NotificationStompClient.
2025-07-25 20:21:50,275 DEBUG com.leroy.inventorymanagementfx.controller.MainController [JavaFX Application Thread] Adding current page storekeeper-dashboard to back stack
2025-07-25 20:21:50,457 INFO com.leroy.inventorymanagementfx.service.admin.DepartmentService [JavaFX Application Thread] Fetching user department
2025-07-25 20:21:50,517 INFO com.leroy.inventorymanagementfx.service.admin.DepartmentService [ForkJoinPool.commonPool-worker-2] Successfully fetched user department
2025-07-25 20:21:50,517 INFO com.leroy.inventorymanagementfx.controller.storekeeper.AddInventoryItemController [JavaFX Application Thread] User department fetched: Directorate of Finance
2025-07-25 20:21:50,526 INFO com.leroy.inventorymanagementfx.controller.MainController [JavaFX Application Thread] Successfully loaded view: storekeeper-add-inventory
2025-07-25 20:23:08,663 INFO com.leroy.inventorymanagementfx.util.ImageStorageService [JavaFX Application Thread] Image saved to: images/Directorate_of_Finance/1753474988282_a4 sheets.jpg
2025-07-25 20:23:09,875 INFO com.leroy.inventorymanagementfx.service.storekeeper.InventoryItemService [JavaFX Application Thread] Creating inventory item
2025-07-25 20:23:57,590 DEBUG com.leroy.inventorymanagementfx.controller.MainController [JavaFX Application Thread] Adding current page storekeeper-add-inventory to back stack
2025-07-25 20:23:58,967 INFO com.leroy.inventorymanagementfx.service.storekeeper.InventoryItemService [ForkJoinPool.commonPool-worker-3] Inventory item created successfully: A4 Sheets
2025-07-25 20:23:59,183 INFO com.leroy.inventorymanagementfx.controller.MainController [JavaFX Application Thread] Successfully loaded view: storekeeper-inventory-items
2025-07-25 20:24:14,600 INFO com.leroy.inventorymanagementfx.controller.storekeeper.InventoryItemsController [JavaFX Application Thread] [{"id":1,"name":"A4 Sheets","description":"","unit":"reams","imagePath":"images/Directorate_of_Finance/1753474988282_a4 sheets.jpg","reorderLevel":20,"quantity":0}]
2025-07-25 20:24:14,610 INFO com.leroy.inventorymanagementfx.controller.storekeeper.InventoryItemsController [JavaFX Application Thread] Id: 1Name: A4 SheetsPathimages/Directorate_of_Finance/1753474988282_a4 sheets.jpgReorder Level20
2025-07-25 20:24:14,716 INFO com.leroy.inventorymanagementfx.controller.InventoryItemCardController [JavaFX Application Thread] Image path: images/Directorate_of_Finance/1753474988282_a4 sheets.jpg
2025-07-25 20:24:14,755 INFO com.leroy.inventorymanagementfx.controller.InventoryItemCardController [JavaFX Application Thread] Image: file:/C:/Users/Evans%20Kojo%20Aidoo/Desktop/JavaProjectOriginal/InventoryManagementFx/images/Directorate_of_Finance/1753474988282_a4%20sheets.jpg
2025-07-25 20:24:22,827 DEBUG com.leroy.inventorymanagementfx.controller.MainController [JavaFX Application Thread] Adding current page storekeeper-inventory-items to back stack
2025-07-25 20:24:22,869 INFO com.leroy.inventorymanagementfx.service.admin.DepartmentService [JavaFX Application Thread] Fetching user department
2025-07-25 20:24:23,110 INFO com.leroy.inventorymanagementfx.service.admin.DepartmentService [ForkJoinPool.commonPool-worker-3] Successfully fetched user department
2025-07-25 20:24:23,111 INFO com.leroy.inventorymanagementfx.controller.storekeeper.AddInventoryItemController [JavaFX Application Thread] User department fetched: Directorate of Finance
2025-07-25 20:24:23,124 INFO com.leroy.inventorymanagementfx.controller.MainController [JavaFX Application Thread] Successfully loaded view: storekeeper-add-inventory
2025-07-25 20:24:50,204 INFO com.leroy.inventorymanagementfx.util.ImageStorageService [JavaFX Application Thread] Image saved to: images/Directorate_of_Finance/1753475090200_blue pen.jpg
2025-07-25 20:24:50,270 INFO com.leroy.inventorymanagementfx.service.storekeeper.InventoryItemService [JavaFX Application Thread] Creating inventory item
2025-07-25 20:24:50,624 INFO com.leroy.inventorymanagementfx.service.storekeeper.InventoryItemService [ForkJoinPool.commonPool-worker-3] Inventory item created successfully: Blue Pen
2025-07-25 20:24:54,049 DEBUG com.leroy.inventorymanagementfx.controller.MainController [JavaFX Application Thread] Adding current page storekeeper-add-inventory to back stack
2025-07-25 20:24:54,870 INFO com.leroy.inventorymanagementfx.controller.MainController [JavaFX Application Thread] Successfully loaded view: storekeeper-add-batch
2025-07-25 20:25:14,403 INFO com.leroy.inventorymanagementfx.service.storekeeper.InventoryBatchService [JavaFX Application Thread] Creating inventory item
2025-07-25 20:25:16,219 INFO com.leroy.inventorymanagementfx.service.storekeeper.InventoryBatchService [ForkJoinPool.commonPool-worker-3] Inventory batch created successfully
2025-07-25 20:25:41,830 INFO com.leroy.inventorymanagementfx.service.storekeeper.InventoryBatchService [JavaFX Application Thread] Creating inventory item
2025-07-25 20:25:42,726 INFO com.leroy.inventorymanagementfx.service.storekeeper.InventoryBatchService [ForkJoinPool.commonPool-worker-3] Inventory batch created successfully
2025-07-25 20:25:48,022 DEBUG com.leroy.inventorymanagementfx.controller.MainController [JavaFX Application Thread] Adding current page storekeeper-add-batch to back stack
2025-07-25 20:25:48,155 INFO com.leroy.inventorymanagementfx.controller.MainController [JavaFX Application Thread] Successfully loaded view: storekeeper-inventory-items
2025-07-25 20:25:50,256 INFO com.leroy.inventorymanagementfx.controller.storekeeper.InventoryItemsController [JavaFX Application Thread] [{"id":1,"name":"A4 Sheets","description":"","unit":"reams","imagePath":"images/Directorate_of_Finance/1753474988282_a4 sheets.jpg","reorderLevel":20,"quantity":50},{"id":2,"name":"Blue Pen","description":"","unit":"pcs","imagePath":"images/Directorate_of_Finance/1753475090200_blue pen.jpg","reorderLevel":10,"quantity":30}]
2025-07-25 20:25:50,256 INFO com.leroy.inventorymanagementfx.controller.storekeeper.InventoryItemsController [JavaFX Application Thread] Id: 1Name: A4 SheetsPathimages/Directorate_of_Finance/1753474988282_a4 sheets.jpgReorder Level20
2025-07-25 20:25:50,256 INFO com.leroy.inventorymanagementfx.controller.storekeeper.InventoryItemsController [JavaFX Application Thread] Id: 2Name: Blue PenPathimages/Directorate_of_Finance/1753475090200_blue pen.jpgReorder Level10
2025-07-25 20:25:50,328 INFO com.leroy.inventorymanagementfx.controller.InventoryItemCardController [JavaFX Application Thread] Image path: images/Directorate_of_Finance/1753474988282_a4 sheets.jpg
2025-07-25 20:25:50,416 INFO com.leroy.inventorymanagementfx.controller.InventoryItemCardController [JavaFX Application Thread] Image: file:/C:/Users/Evans%20Kojo%20Aidoo/Desktop/JavaProjectOriginal/InventoryManagementFx/images/Directorate_of_Finance/1753474988282_a4%20sheets.jpg
2025-07-25 20:25:50,461 INFO com.leroy.inventorymanagementfx.controller.InventoryItemCardController [JavaFX Application Thread] Image path: images/Directorate_of_Finance/1753475090200_blue pen.jpg
2025-07-25 20:25:51,115 INFO com.leroy.inventorymanagementfx.controller.InventoryItemCardController [JavaFX Application Thread] Image: file:/C:/Users/Evans%20Kojo%20Aidoo/Desktop/JavaProjectOriginal/InventoryManagementFx/images/Directorate_of_Finance/1753475090200_blue%20pen.jpg
2025-07-25 20:26:22,125 DEBUG com.leroy.inventorymanagementfx.controller.MainController [JavaFX Application Thread] Adding current page storekeeper-inventory-items to back stack
2025-07-25 20:26:22,365 INFO com.leroy.inventorymanagementfx.controller.MainController [JavaFX Application Thread] Successfully loaded view: storekeeper-add-staff
2025-07-25 20:26:22,589 INFO com.leroy.inventorymanagementfx.controller.storekeeper.CreateStaffController [JavaFX Application Thread] Raw offices response: []
2025-07-25 20:26:52,852 DEBUG com.leroy.inventorymanagementfx.controller.MainController [JavaFX Application Thread] Adding current page storekeeper-add-staff to back stack
2025-07-25 20:26:52,914 INFO com.leroy.inventorymanagementfx.controller.MainController [JavaFX Application Thread] Successfully loaded view: storekeeper-add-office
2025-07-25 20:27:17,522 INFO com.leroy.inventorymanagementfx.service.storekeeper.OfficeService [JavaFX Application Thread] Sending create office request. Name: Budget and Treasury Section
2025-07-25 20:27:17,688 INFO com.leroy.inventorymanagementfx.service.storekeeper.OfficeService [ForkJoinPool.commonPool-worker-3] Office created successfully: Budget and Treasury Section
2025-07-25 20:27:24,677 DEBUG com.leroy.inventorymanagementfx.controller.MainController [JavaFX Application Thread] Adding current page storekeeper-add-office to back stack
2025-07-25 20:27:24,705 INFO com.leroy.inventorymanagementfx.controller.MainController [JavaFX Application Thread] Successfully loaded view: storekeeper-add-staff
2025-07-25 20:27:24,831 INFO com.leroy.inventorymanagementfx.controller.storekeeper.CreateStaffController [JavaFX Application Thread] Raw offices response: ["Budget and Treasury Section"]
2025-07-25 20:27:24,839 INFO com.leroy.inventorymanagementfx.controller.storekeeper.CreateStaffController [JavaFX Application Thread] Fetched offices: [Budget and Treasury Section]
2025-07-25 20:27:52,376 DEBUG com.leroy.inventorymanagementfx.service.admin.UserService [JavaFX Application Thread] Payload: {"email":"dennis.aidoo@stu.ucc.edu.gh","firstName":"Ridwan","lastName":"Alidu","password":"leroy001","officeName":"Budget and Treasury Section"}
2025-07-25 20:27:52,377 INFO com.leroy.inventorymanagementfx.service.admin.UserService [JavaFX Application Thread] Creating staff
2025-07-25 20:27:52,976 INFO com.leroy.inventorymanagementfx.service.admin.UserService [ForkJoinPool.commonPool-worker-3] Staff created successfully: dennis.aidoo@stu.ucc.edu.gh
2025-07-25 20:29:37,697 DEBUG com.leroy.inventorymanagementfx.controller.MainController [JavaFX Application Thread] Adding current page storekeeper-add-staff to back stack
2025-07-25 20:29:37,714 INFO com.leroy.inventorymanagementfx.controller.MainController [JavaFX Application Thread] Successfully loaded view: storekeeper-dashboard
2025-07-25 20:30:58,068 INFO com.leroy.inventorymanagementfx.service.AuthService [JavaFX Application Thread] User logged out. Session and JWT cleared.
2025-07-25 20:30:58,094 INFO com.leroy.inventorymanagementfx.controller.MainController [JavaFX Application Thread] Successfully loaded view: common-login
2025-07-25 20:30:58,145 DEBUG com.leroy.inventorymanagementfx.security.UserSession [JavaFX Application Thread] Session file user_session.properties cleared
2025-07-25 20:30:58,145 INFO com.leroy.inventorymanagementfx.security.UserSession [JavaFX Application Thread] User session cleared
2025-07-25 20:31:11,352 INFO com.leroy.inventorymanagementfx.service.AuthService [JavaFX Application Thread] Sending login request for email: dennis.aidoo@stu.ucc.edu.gh
2025-07-25 20:31:13,520 INFO com.leroy.inventorymanagementfx.service.AuthService [ForkJoinPool.commonPool-worker-5] Standard Login successful. Session initialized: ID=3, Name=Ridwan, Role=STAFF
2025-07-25 20:31:13,667 DEBUG com.leroy.inventorymanagementfx.security.UserSession [JavaFX Application Thread] Session data saved to user_session.properties
2025-07-25 20:31:13,668 INFO com.leroy.inventorymanagementfx.security.UserSession [JavaFX Application Thread] Session initialized for user Ridwan (ID: 3, Role: STAFF)
2025-07-25 20:31:14,693 DEBUG com.leroy.inventorymanagementfx.controller.MainController [JavaFX Application Thread] Adding current page common-login to back stack
2025-07-25 20:31:14,710 INFO com.leroy.inventorymanagementfx.controller.MainController [JavaFX Application Thread] Successfully loaded view: staff-inventory-items
2025-07-25 20:31:14,805 INFO com.leroy.inventorymanagementfx.service.staff.CartService [JavaFX Application Thread] Fetching cart
2025-07-25 20:31:15,050 DEBUG com.leroy.inventorymanagementfx.security.UserSession [JavaFX Application Thread] Session data saved to user_session.properties
2025-07-25 20:31:15,051 INFO com.leroy.inventorymanagementfx.security.UserSession [JavaFX Application Thread] Session initialized for user Ridwan (ID: 3, Role: STAFF)
2025-07-25 20:31:15,056 INFO com.leroy.inventorymanagementfx.controller.MainController [JavaFX Application Thread] Topbar notification count bound successfully to NotificationStompClient.
2025-07-25 20:31:15,062 INFO com.leroy.inventorymanagementfx.controller.storekeeper.InventoryItemsController [JavaFX Application Thread] [{"id":1,"name":"A4 Sheets","description":"","unit":"reams","imagePath":"images/Directorate_of_Finance/1753474988282_a4 sheets.jpg","reorderLevel":20,"quantity":50},{"id":2,"name":"Blue Pen","description":"","unit":"pcs","imagePath":"images/Directorate_of_Finance/1753475090200_blue pen.jpg","reorderLevel":10,"quantity":30}]
2025-07-25 20:31:15,063 INFO com.leroy.inventorymanagementfx.controller.storekeeper.InventoryItemsController [JavaFX Application Thread] Id: 1Name: A4 SheetsPathimages/Directorate_of_Finance/1753474988282_a4 sheets.jpgReorder Level20
2025-07-25 20:31:15,063 INFO com.leroy.inventorymanagementfx.controller.storekeeper.InventoryItemsController [JavaFX Application Thread] Id: 2Name: Blue PenPathimages/Directorate_of_Finance/1753475090200_blue pen.jpgReorder Level10
2025-07-25 20:31:15,079 INFO com.leroy.inventorymanagementfx.controller.InventoryItemCardController [JavaFX Application Thread] Image path: images/Directorate_of_Finance/1753474988282_a4 sheets.jpg
2025-07-25 20:31:15,098 INFO com.leroy.inventorymanagementfx.controller.InventoryItemCardController [JavaFX Application Thread] Image: file:/C:/Users/Evans%20Kojo%20Aidoo/Desktop/JavaProjectOriginal/InventoryManagementFx/images/Directorate_of_Finance/1753474988282_a4%20sheets.jpg
2025-07-25 20:31:15,118 INFO com.leroy.inventorymanagementfx.controller.InventoryItemCardController [JavaFX Application Thread] Image path: images/Directorate_of_Finance/1753475090200_blue pen.jpg
2025-07-25 20:31:15,169 INFO com.leroy.inventorymanagementfx.controller.InventoryItemCardController [JavaFX Application Thread] Image: file:/C:/Users/Evans%20Kojo%20Aidoo/Desktop/JavaProjectOriginal/InventoryManagementFx/images/Directorate_of_Finance/1753475090200_blue%20pen.jpg
2025-07-25 20:31:15,257 INFO com.leroy.inventorymanagementfx.controller.staff.StaffTopbarController [JavaFX Application Thread] Notification count label set to: '0'. Visibility should be: false
2025-07-25 20:31:15,374 INFO com.leroy.inventorymanagementfx.controller.staff.StaffTopbarController [JavaFX Application Thread] Item count label set to: '0'. Visibility should be: false
2025-07-25 20:31:22,060 INFO com.leroy.inventorymanagementfx.controller.storekeeper.InventoryItemsController [JavaFX Application Thread] Attempting to add item to cart: ID=1
2025-07-25 20:31:22,103 INFO com.leroy.inventorymanagementfx.service.staff.CartService [JavaFX Application Thread] Adding Item to cart {"itemId":1,"quantity":1}
2025-07-25 20:31:23,458 INFO com.leroy.inventorymanagementfx.controller.storekeeper.InventoryItemsController [JavaFX Application Thread] Attempting to add item to cart: ID=2
2025-07-25 20:31:23,459 INFO com.leroy.inventorymanagementfx.service.staff.CartService [JavaFX Application Thread] Adding Item to cart {"itemId":2,"quantity":1}
2025-07-25 20:31:40,622 DEBUG com.leroy.inventorymanagementfx.controller.MainController [JavaFX Application Thread] Adding current page staff-inventory-items to back stack
2025-07-25 20:31:45,127 INFO com.leroy.inventorymanagementfx.controller.staff.CartController [JavaFX Application Thread] Attempting to fetch cart.
2025-07-25 20:31:45,128 INFO com.leroy.inventorymanagementfx.service.staff.CartService [JavaFX Application Thread] Fetching cart
2025-07-25 20:31:45,156 INFO com.leroy.inventorymanagementfx.controller.MainController [JavaFX Application Thread] Successfully loaded view: staff-cart
2025-07-25 20:32:36,101 DEBUG com.leroy.inventorymanagementfx.controller.MainController [JavaFX Application Thread] Adding current page staff-cart to back stack
2025-07-25 20:32:36,116 INFO com.leroy.inventorymanagementfx.controller.MainController [JavaFX Application Thread] Successfully loaded view: staff-inventory-items
2025-07-25 20:32:36,223 INFO com.leroy.inventorymanagementfx.controller.storekeeper.InventoryItemsController [JavaFX Application Thread] [{"id":1,"name":"A4 Sheets","description":"","unit":"reams","imagePath":"images/Directorate_of_Finance/1753474988282_a4 sheets.jpg","reorderLevel":20,"quantity":50},{"id":2,"name":"Blue Pen","description":"","unit":"pcs","imagePath":"images/Directorate_of_Finance/1753475090200_blue pen.jpg","reorderLevel":10,"quantity":30}]
2025-07-25 20:32:36,223 INFO com.leroy.inventorymanagementfx.controller.storekeeper.InventoryItemsController [JavaFX Application Thread] Id: 1Name: A4 SheetsPathimages/Directorate_of_Finance/1753474988282_a4 sheets.jpgReorder Level20
2025-07-25 20:32:36,223 INFO com.leroy.inventorymanagementfx.controller.storekeeper.InventoryItemsController [JavaFX Application Thread] Id: 2Name: Blue PenPathimages/Directorate_of_Finance/1753475090200_blue pen.jpgReorder Level10
2025-07-25 20:32:36,246 INFO com.leroy.inventorymanagementfx.controller.InventoryItemCardController [JavaFX Application Thread] Image path: images/Directorate_of_Finance/1753474988282_a4 sheets.jpg
2025-07-25 20:32:36,264 INFO com.leroy.inventorymanagementfx.controller.InventoryItemCardController [JavaFX Application Thread] Image: file:/C:/Users/Evans%20Kojo%20Aidoo/Desktop/JavaProjectOriginal/InventoryManagementFx/images/Directorate_of_Finance/1753474988282_a4%20sheets.jpg
2025-07-25 20:32:36,279 INFO com.leroy.inventorymanagementfx.controller.InventoryItemCardController [JavaFX Application Thread] Image path: images/Directorate_of_Finance/1753475090200_blue pen.jpg
2025-07-25 20:32:36,317 INFO com.leroy.inventorymanagementfx.controller.InventoryItemCardController [JavaFX Application Thread] Image: file:/C:/Users/Evans%20Kojo%20Aidoo/Desktop/JavaProjectOriginal/InventoryManagementFx/images/Directorate_of_Finance/1753475090200_blue%20pen.jpg
2025-07-25 20:32:48,664 INFO com.leroy.inventorymanagementfx.service.AuthService [JavaFX Application Thread] User logged out. Session and JWT cleared.
2025-07-25 20:32:48,687 INFO com.leroy.inventorymanagementfx.controller.MainController [JavaFX Application Thread] Successfully loaded view: common-login
2025-07-25 20:32:48,695 DEBUG com.leroy.inventorymanagementfx.security.UserSession [JavaFX Application Thread] Session file user_session.properties cleared
2025-07-25 20:32:48,695 INFO com.leroy.inventorymanagementfx.security.UserSession [JavaFX Application Thread] User session cleared
2025-07-25 20:33:02,295 INFO com.leroy.inventorymanagementfx.service.AuthService [JavaFX Application Thread] Sending login request for email: dennis.aidoo@stuc.ucc.edu.gh
2025-07-25 20:33:02,430 WARN com.leroy.inventorymanagementfx.service.AuthService [ForkJoinPool.commonPool-worker-5] Standard Login failed. Status: 401, Body: {"message":"Invalid credentials"}
2025-07-25 20:33:10,668 INFO com.leroy.inventorymanagementfx.service.AuthService [JavaFX Application Thread] Sending login request for email: dennis.aidoo@stuc.ucc.edu.gh
2025-07-25 20:33:10,807 WARN com.leroy.inventorymanagementfx.service.AuthService [ForkJoinPool.commonPool-worker-5] Standard Login failed. Status: 401, Body: {"message":"Invalid credentials"}
2025-07-25 20:33:25,638 INFO com.leroy.inventorymanagementfx.service.AuthService [JavaFX Application Thread] Sending login request for email: dennis.aidoo@stuc.ucc.edu.gh
2025-07-25 20:33:25,748 WARN com.leroy.inventorymanagementfx.service.AuthService [ForkJoinPool.commonPool-worker-5] Standard Login failed. Status: 401, Body: {"message":"Invalid credentials"}
2025-07-25 20:33:26,797 INFO com.leroy.inventorymanagementfx.service.AuthService [JavaFX Application Thread] Sending login request for email: dennis.aidoo@stuc.ucc.edu.gh
2025-07-25 20:33:26,966 WARN com.leroy.inventorymanagementfx.service.AuthService [ForkJoinPool.commonPool-worker-5] Standard Login failed. Status: 401, Body: {"message":"Invalid credentials"}
2025-07-25 20:33:43,721 INFO com.leroy.inventorymanagementfx.service.AuthService [JavaFX Application Thread] Sending login request for email: dennis.aidoo@stu.ucc.edu.gh
2025-07-25 20:33:44,309 INFO com.leroy.inventorymanagementfx.service.AuthService [ForkJoinPool.commonPool-worker-5] Standard Login successful. Session initialized: ID=3, Name=Ridwan, Role=STAFF
2025-07-25 20:33:44,311 DEBUG com.leroy.inventorymanagementfx.security.UserSession [JavaFX Application Thread] Session data saved to user_session.properties
2025-07-25 20:33:44,312 INFO com.leroy.inventorymanagementfx.security.UserSession [JavaFX Application Thread] Session initialized for user Ridwan (ID: 3, Role: STAFF)
2025-07-25 20:33:44,314 DEBUG com.leroy.inventorymanagementfx.controller.MainController [JavaFX Application Thread] Adding current page common-login to back stack
2025-07-25 20:33:44,326 INFO com.leroy.inventorymanagementfx.controller.MainController [JavaFX Application Thread] Successfully loaded view: staff-inventory-items
2025-07-25 20:33:44,346 INFO com.leroy.inventorymanagementfx.service.staff.CartService [JavaFX Application Thread] Fetching cart
2025-07-25 20:33:44,403 DEBUG com.leroy.inventorymanagementfx.security.UserSession [JavaFX Application Thread] Session data saved to user_session.properties
2025-07-25 20:33:44,404 INFO com.leroy.inventorymanagementfx.security.UserSession [JavaFX Application Thread] Session initialized for user Ridwan (ID: 3, Role: STAFF)
2025-07-25 20:33:44,486 INFO com.leroy.inventorymanagementfx.controller.MainController [JavaFX Application Thread] Topbar notification count bound successfully to NotificationStompClient.
2025-07-25 20:33:44,489 INFO com.leroy.inventorymanagementfx.controller.staff.StaffTopbarController [JavaFX Application Thread] Notification count label set to: '0'. Visibility should be: false
2025-07-25 20:33:44,565 INFO com.leroy.inventorymanagementfx.controller.staff.StaffTopbarController [JavaFX Application Thread] Item count label set to: '2'. Visibility should be: true
2025-07-25 20:33:44,605 INFO com.leroy.inventorymanagementfx.controller.storekeeper.InventoryItemsController [JavaFX Application Thread] [{"id":1,"name":"A4 Sheets","description":"","unit":"reams","imagePath":"images/Directorate_of_Finance/1753474988282_a4 sheets.jpg","reorderLevel":20,"quantity":50},{"id":2,"name":"Blue Pen","description":"","unit":"pcs","imagePath":"images/Directorate_of_Finance/1753475090200_blue pen.jpg","reorderLevel":10,"quantity":30}]
2025-07-25 20:33:44,605 INFO com.leroy.inventorymanagementfx.controller.storekeeper.InventoryItemsController [JavaFX Application Thread] Id: 1Name: A4 SheetsPathimages/Directorate_of_Finance/1753474988282_a4 sheets.jpgReorder Level20
2025-07-25 20:33:44,606 INFO com.leroy.inventorymanagementfx.controller.storekeeper.InventoryItemsController [JavaFX Application Thread] Id: 2Name: Blue PenPathimages/Directorate_of_Finance/1753475090200_blue pen.jpgReorder Level10
2025-07-25 20:33:44,627 INFO com.leroy.inventorymanagementfx.controller.InventoryItemCardController [JavaFX Application Thread] Image path: images/Directorate_of_Finance/1753474988282_a4 sheets.jpg
2025-07-25 20:33:44,659 INFO com.leroy.inventorymanagementfx.controller.InventoryItemCardController [JavaFX Application Thread] Image: file:/C:/Users/Evans%20Kojo%20Aidoo/Desktop/JavaProjectOriginal/InventoryManagementFx/images/Directorate_of_Finance/1753474988282_a4%20sheets.jpg
2025-07-25 20:33:44,686 INFO com.leroy.inventorymanagementfx.controller.InventoryItemCardController [JavaFX Application Thread] Image path: images/Directorate_of_Finance/1753475090200_blue pen.jpg
2025-07-25 20:33:44,749 INFO com.leroy.inventorymanagementfx.controller.InventoryItemCardController [JavaFX Application Thread] Image: file:/C:/Users/Evans%20Kojo%20Aidoo/Desktop/JavaProjectOriginal/InventoryManagementFx/images/Directorate_of_Finance/1753475090200_blue%20pen.jpg
2025-07-25 20:34:06,402 DEBUG com.leroy.inventorymanagementfx.controller.MainController [JavaFX Application Thread] Adding current page staff-inventory-items to back stack
2025-07-25 20:34:06,420 INFO com.leroy.inventorymanagementfx.controller.staff.CartController [JavaFX Application Thread] Attempting to fetch cart.
2025-07-25 20:34:06,420 INFO com.leroy.inventorymanagementfx.service.staff.CartService [JavaFX Application Thread] Fetching cart
2025-07-25 20:34:06,431 INFO com.leroy.inventorymanagementfx.controller.MainController [JavaFX Application Thread] Successfully loaded view: staff-cart
2025-07-25 20:34:17,088 INFO com.leroy.inventorymanagementfx.controller.staff.CartController [JavaFX Application Thread] Attempting to update item: ID=1, Quantity=5
2025-07-25 20:34:17,094 INFO com.leroy.inventorymanagementfx.service.staff.CartService [JavaFX Application Thread] Updating Item in cart
2025-07-25 20:34:23,239 INFO com.leroy.inventorymanagementfx.controller.staff.CartController [JavaFX Application Thread] Attempting to submit cart as request.
2025-07-25 20:34:40,739 DEBUG com.leroy.inventorymanagementfx.controller.MainController [JavaFX Application Thread] Adding current page staff-cart to back stack
2025-07-25 20:34:46,637 INFO com.leroy.inventorymanagementfx.controller.MainController [JavaFX Application Thread] Successfully loaded view: staff-requests
2025-07-25 20:34:53,785 INFO com.leroy.inventorymanagementfx.controller.staff.MyRequestsController [JavaFX Application Thread] Successfully loaded 1 requests for current user.
2025-07-25 20:35:01,468 DEBUG com.leroy.inventorymanagementfx.controller.MainController [JavaFX Application Thread] Adding current page staff-requests to back stack
2025-07-25 20:35:01,484 INFO com.leroy.inventorymanagementfx.controller.MainController [JavaFX Application Thread] Successfully loaded view: staff-inventory-items
2025-07-25 20:35:01,604 INFO com.leroy.inventorymanagementfx.controller.storekeeper.InventoryItemsController [JavaFX Application Thread] [{"id":1,"name":"A4 Sheets","description":"","unit":"reams","imagePath":"images/Directorate_of_Finance/1753474988282_a4 sheets.jpg","reorderLevel":20,"quantity":50},{"id":2,"name":"Blue Pen","description":"","unit":"pcs","imagePath":"images/Directorate_of_Finance/1753475090200_blue pen.jpg","reorderLevel":10,"quantity":30}]
2025-07-25 20:35:01,604 INFO com.leroy.inventorymanagementfx.controller.storekeeper.InventoryItemsController [JavaFX Application Thread] Id: 1Name: A4 SheetsPathimages/Directorate_of_Finance/1753474988282_a4 sheets.jpgReorder Level20
2025-07-25 20:35:01,604 INFO com.leroy.inventorymanagementfx.controller.storekeeper.InventoryItemsController [JavaFX Application Thread] Id: 2Name: Blue PenPathimages/Directorate_of_Finance/1753475090200_blue pen.jpgReorder Level10
2025-07-25 20:35:01,617 INFO com.leroy.inventorymanagementfx.controller.InventoryItemCardController [JavaFX Application Thread] Image path: images/Directorate_of_Finance/1753474988282_a4 sheets.jpg
2025-07-25 20:35:01,646 INFO com.leroy.inventorymanagementfx.controller.InventoryItemCardController [JavaFX Application Thread] Image: file:/C:/Users/Evans%20Kojo%20Aidoo/Desktop/JavaProjectOriginal/InventoryManagementFx/images/Directorate_of_Finance/1753474988282_a4%20sheets.jpg
2025-07-25 20:35:01,676 INFO com.leroy.inventorymanagementfx.controller.InventoryItemCardController [JavaFX Application Thread] Image path: images/Directorate_of_Finance/1753475090200_blue pen.jpg
2025-07-25 20:35:01,842 INFO com.leroy.inventorymanagementfx.controller.InventoryItemCardController [JavaFX Application Thread] Image: file:/C:/Users/Evans%20Kojo%20Aidoo/Desktop/JavaProjectOriginal/InventoryManagementFx/images/Directorate_of_Finance/1753475090200_blue%20pen.jpg
2025-07-25 20:35:03,763 DEBUG com.leroy.inventorymanagementfx.controller.MainController [JavaFX Application Thread] Adding current page staff-inventory-items to back stack
2025-07-25 20:35:03,775 INFO com.leroy.inventorymanagementfx.controller.staff.CartController [JavaFX Application Thread] Attempting to fetch cart.
2025-07-25 20:35:03,776 INFO com.leroy.inventorymanagementfx.service.staff.CartService [JavaFX Application Thread] Fetching cart
2025-07-25 20:35:03,780 INFO com.leroy.inventorymanagementfx.controller.MainController [JavaFX Application Thread] Successfully loaded view: staff-cart
2025-07-25 20:35:14,183 DEBUG com.leroy.inventorymanagementfx.controller.MainController [JavaFX Application Thread] Adding current page staff-cart to back stack
2025-07-25 20:35:14,193 INFO com.leroy.inventorymanagementfx.controller.MainController [JavaFX Application Thread] Successfully loaded view: staff-requests
2025-07-25 20:35:14,407 INFO com.leroy.inventorymanagementfx.controller.staff.MyRequestsController [JavaFX Application Thread] Successfully loaded 1 requests for current user.
2025-07-25 20:35:16,656 INFO com.leroy.inventorymanagementfx.controller.staff.MyRequestsController [JavaFX Application Thread] Staff: View Details clicked for Request ID: 1
2025-07-25 20:35:16,656 DEBUG com.leroy.inventorymanagementfx.controller.MainController [JavaFX Application Thread] Adding current page staff-requests to back stack
2025-07-25 20:35:17,083 INFO com.leroy.inventorymanagementfx.controller.RequestDetailsController [JavaFX Application Thread] RequestDetailsController received Request ID: 1
2025-07-25 20:35:17,090 INFO com.leroy.inventorymanagementfx.controller.MainController [JavaFX Application Thread] Successfully loaded view: request-details-view
2025-07-25 20:35:17,760 INFO com.leroy.inventorymanagementfx.controller.RequestDetailsController [JavaFX Application Thread] Successfully loaded details for Request ID: 1
2025-07-25 20:35:26,359 INFO com.leroy.inventorymanagementfx.controller.RequestDetailsController [JavaFX Application Thread] Navigating back to requests list based on user role.
2025-07-25 20:35:26,359 DEBUG com.leroy.inventorymanagementfx.controller.MainController [JavaFX Application Thread] Adding current page request-details-view to back stack
2025-07-25 20:35:26,377 INFO com.leroy.inventorymanagementfx.controller.MainController [JavaFX Application Thread] Successfully loaded view: staff-requests
2025-07-25 20:35:26,491 INFO com.leroy.inventorymanagementfx.controller.staff.MyRequestsController [JavaFX Application Thread] Successfully loaded 1 requests for current user.
2025-07-25 20:35:40,033 INFO com.leroy.inventorymanagementfx.service.AuthService [JavaFX Application Thread] User logged out. Session and JWT cleared.
2025-07-25 20:35:40,052 INFO com.leroy.inventorymanagementfx.controller.MainController [JavaFX Application Thread] Successfully loaded view: common-login
2025-07-25 20:35:40,058 DEBUG com.leroy.inventorymanagementfx.security.UserSession [JavaFX Application Thread] Session file user_session.properties cleared
2025-07-25 20:35:40,059 INFO com.leroy.inventorymanagementfx.security.UserSession [JavaFX Application Thread] User session cleared
2025-07-25 20:35:42,811 WARN com.leroy.inventorymanagementfx.controller.GoogleAuthCodeDialogController [JavaFX Application Thread] GoogleAuthCodeDialogueController instantiated with default no-arg constructor. Consider using a ControllerFactory for dependency injection.
2025-07-25 20:36:15,115 INFO com.leroy.inventorymanagementfx.service.AuthService [JavaFX Application Thread] Sending Google OAuth token exchange request...
2025-07-25 20:36:25,837 INFO com.leroy.inventorymanagementfx.service.AuthService [ForkJoinPool.commonPool-worker-5] Google OAuth successful. Session initialized: ID=2, Name=Dennis, Role=STOREKEEPER
2025-07-25 20:36:25,837 DEBUG com.leroy.inventorymanagementfx.security.UserSession [JavaFX Application Thread] Session data saved to user_session.properties
2025-07-25 20:36:25,838 INFO com.leroy.inventorymanagementfx.security.UserSession [JavaFX Application Thread] Session initialized for user Dennis (ID: 2, Role: STOREKEEPER)
2025-07-25 20:36:25,845 INFO com.leroy.inventorymanagementfx.controller.GoogleAuthCodeDialogController [JavaFX Application Thread] Google Sign-In successful for user: leroydennisa@gmail.com
2025-07-25 20:36:25,845 DEBUG com.leroy.inventorymanagementfx.controller.MainController [JavaFX Application Thread] Adding current page common-login to back stack
2025-07-25 20:36:25,892 INFO com.leroy.inventorymanagementfx.controller.MainController [JavaFX Application Thread] Successfully loaded view: storekeeper-dashboard
2025-07-25 20:36:26,077 DEBUG com.leroy.inventorymanagementfx.security.UserSession [JavaFX Application Thread] Session data saved to user_session.properties
2025-07-25 20:36:26,077 INFO com.leroy.inventorymanagementfx.security.UserSession [JavaFX Application Thread] Session initialized for user Dennis (ID: 2, Role: STOREKEEPER)
2025-07-25 20:36:26,100 INFO com.leroy.inventorymanagementfx.controller.MainController [JavaFX Application Thread] Topbar notification count bound successfully to NotificationStompClient.
2025-07-25 20:36:40,481 DEBUG com.leroy.inventorymanagementfx.controller.MainController [JavaFX Application Thread] Adding current page storekeeper-dashboard to back stack
2025-07-25 20:36:45,077 INFO com.leroy.inventorymanagementfx.controller.NotificationPageController [JavaFX Application Thread] NotificationStompClient set in NotificationPageController. Proceeding with UI setup.
2025-07-25 20:36:45,078 DEBUG com.leroy.inventorymanagementfx.controller.MainController [JavaFX Application Thread] Injected NotificationStompClient into controller: NotificationPageController
2025-07-25 20:36:45,079 INFO com.leroy.inventorymanagementfx.controller.MainController [JavaFX Application Thread] Successfully loaded view: common-notification
2025-07-25 20:36:45,929 INFO com.leroy.inventorymanagementfx.controller.NotificationPageController [JavaFX Application Thread] Fetched 1 total notifications from backend for display. 1 unread.
2025-07-25 20:36:45,943 WARN com.leroy.inventorymanagementfx.controller.MainController [JavaFX Application Thread] Notification page is the current view, but its controller is not accessible for direct update.
2025-07-25 20:36:54,416 DEBUG com.leroy.inventorymanagementfx.controller.MainController [JavaFX Application Thread] Adding current page common-notification to back stack
2025-07-25 20:36:54,425 INFO com.leroy.inventorymanagementfx.controller.MainController [JavaFX Application Thread] Successfully loaded view: storekeeper-dashboard
2025-07-25 20:37:04,853 DEBUG com.leroy.inventorymanagementfx.controller.MainController [JavaFX Application Thread] Adding current page storekeeper-dashboard to back stack
2025-07-25 20:37:04,857 INFO com.leroy.inventorymanagementfx.controller.NotificationPageController [JavaFX Application Thread] NotificationStompClient set in NotificationPageController. Proceeding with UI setup.
2025-07-25 20:37:04,857 DEBUG com.leroy.inventorymanagementfx.controller.MainController [JavaFX Application Thread] Injected NotificationStompClient into controller: NotificationPageController
2025-07-25 20:37:04,858 INFO com.leroy.inventorymanagementfx.controller.MainController [JavaFX Application Thread] Successfully loaded view: common-notification
2025-07-25 20:37:04,974 INFO com.leroy.inventorymanagementfx.controller.NotificationPageController [JavaFX Application Thread] Fetched 1 total notifications from backend for display. 1 unread.
2025-07-25 20:37:04,975 WARN com.leroy.inventorymanagementfx.controller.MainController [JavaFX Application Thread] Notification page is the current view, but its controller is not accessible for direct update.
2025-07-25 20:37:07,832 INFO com.leroy.inventorymanagementfx.controller.NotificationPageController [JavaFX Application Thread] Viewing details for notification: New Request Received (ID: 1)
2025-07-25 20:37:07,867 DEBUG com.leroy.inventorymanagementfx.controller.MainController [JavaFX Application Thread] Adding current page common-notification to back stack
2025-07-25 20:37:07,897 INFO com.leroy.inventorymanagementfx.controller.RequestDetailsController [JavaFX Application Thread] RequestDetailsController received Request ID: 1
2025-07-25 20:37:07,909 INFO com.leroy.inventorymanagementfx.controller.MainController [JavaFX Application Thread] Successfully loaded view: request-details-view
2025-07-25 20:37:08,016 INFO com.leroy.inventorymanagementfx.service.NotificationStompClient [ForkJoinPool.commonPool-worker-5] Notification 1 marked as read on backend.
2025-07-25 20:37:08,068 INFO com.leroy.inventorymanagementfx.controller.RequestDetailsController [JavaFX Application Thread] Successfully loaded details for Request ID: 1
2025-07-25 20:37:20,817 INFO com.leroy.inventorymanagementfx.controller.RequestDetailsController [JavaFX Application Thread] Approving Request ID: 1
2025-07-25 20:37:25,991 INFO com.leroy.inventorymanagementfx.controller.RequestDetailsController [JavaFX Application Thread] Successfully loaded details for Request ID: 1
2025-07-25 20:37:31,129 INFO com.leroy.inventorymanagementfx.controller.RequestDetailsController [JavaFX Application Thread] Navigating back to requests list based on user role.
2025-07-25 20:37:31,129 DEBUG com.leroy.inventorymanagementfx.controller.MainController [JavaFX Application Thread] Adding current page request-details-view to back stack
2025-07-25 20:37:31,245 INFO com.leroy.inventorymanagementfx.controller.MainController [JavaFX Application Thread] Successfully loaded view: storekeeper-requests-view
2025-07-25 20:37:32,426 INFO com.leroy.inventorymanagementfx.controller.storekeeper.StorekeeperRequestsController [JavaFX Application Thread] Successfully loaded 1 requests for storekeeper.
2025-07-25 20:37:34,291 DEBUG com.leroy.inventorymanagementfx.controller.MainController [JavaFX Application Thread] Adding current page storekeeper-requests-view to back stack
2025-07-25 20:37:34,300 INFO com.leroy.inventorymanagementfx.controller.NotificationPageController [JavaFX Application Thread] NotificationStompClient set in NotificationPageController. Proceeding with UI setup.
2025-07-25 20:37:34,302 DEBUG com.leroy.inventorymanagementfx.controller.MainController [JavaFX Application Thread] Injected NotificationStompClient into controller: NotificationPageController
2025-07-25 20:37:34,306 INFO com.leroy.inventorymanagementfx.controller.MainController [JavaFX Application Thread] Successfully loaded view: common-notification
2025-07-25 20:37:34,376 INFO com.leroy.inventorymanagementfx.controller.NotificationPageController [JavaFX Application Thread] Fetched 1 total notifications from backend for display. 0 unread.
2025-07-25 20:37:43,413 DEBUG com.leroy.inventorymanagementfx.controller.MainController [JavaFX Application Thread] Adding current page common-notification to back stack
2025-07-25 20:37:43,429 INFO com.leroy.inventorymanagementfx.controller.MainController [JavaFX Application Thread] Successfully loaded view: storekeeper-requests-view
2025-07-25 20:37:43,611 INFO com.leroy.inventorymanagementfx.controller.storekeeper.StorekeeperRequestsController [JavaFX Application Thread] Successfully loaded 1 requests for storekeeper.
2025-07-25 20:38:55,444 INFO com.leroy.inventorymanagementfx.service.AuthService [JavaFX Application Thread] User logged out. Session and JWT cleared.
2025-07-25 20:38:55,478 INFO com.leroy.inventorymanagementfx.controller.MainController [JavaFX Application Thread] Successfully loaded view: common-login
2025-07-25 20:38:55,590 DEBUG com.leroy.inventorymanagementfx.security.UserSession [JavaFX Application Thread] Session file user_session.properties cleared
2025-07-25 20:38:55,590 INFO com.leroy.inventorymanagementfx.security.UserSession [JavaFX Application Thread] User session cleared
2025-07-25 20:39:15,171 INFO com.leroy.inventorymanagementfx.service.AuthService [JavaFX Application Thread] Sending login request for email: dennis.aidoo@stu.ucc.edu.gh
2025-07-25 20:39:15,784 INFO com.leroy.inventorymanagementfx.service.AuthService [ForkJoinPool.commonPool-worker-6] Standard Login successful. Session initialized: ID=3, Name=Ridwan, Role=STAFF
2025-07-25 20:39:15,786 DEBUG com.leroy.inventorymanagementfx.security.UserSession [JavaFX Application Thread] Session data saved to user_session.properties
2025-07-25 20:39:15,786 INFO com.leroy.inventorymanagementfx.security.UserSession [JavaFX Application Thread] Session initialized for user Ridwan (ID: 3, Role: STAFF)
2025-07-25 20:39:15,788 DEBUG com.leroy.inventorymanagementfx.controller.MainController [JavaFX Application Thread] Adding current page common-login to back stack
2025-07-25 20:39:15,815 INFO com.leroy.inventorymanagementfx.controller.MainController [JavaFX Application Thread] Successfully loaded view: staff-inventory-items
2025-07-25 20:39:15,882 INFO com.leroy.inventorymanagementfx.service.staff.CartService [JavaFX Application Thread] Fetching cart
2025-07-25 20:39:16,027 DEBUG com.leroy.inventorymanagementfx.security.UserSession [JavaFX Application Thread] Session data saved to user_session.properties
2025-07-25 20:39:16,027 INFO com.leroy.inventorymanagementfx.security.UserSession [JavaFX Application Thread] Session initialized for user Ridwan (ID: 3, Role: STAFF)
2025-07-25 20:39:16,070 INFO com.leroy.inventorymanagementfx.controller.MainController [JavaFX Application Thread] Topbar notification count bound successfully to NotificationStompClient.
2025-07-25 20:39:16,073 INFO com.leroy.inventorymanagementfx.controller.storekeeper.InventoryItemsController [JavaFX Application Thread] [{"id":1,"name":"A4 Sheets","description":"","unit":"reams","imagePath":"images/Directorate_of_Finance/1753474988282_a4 sheets.jpg","reorderLevel":20,"quantity":50},{"id":2,"name":"Blue Pen","description":"","unit":"pcs","imagePath":"images/Directorate_of_Finance/1753475090200_blue pen.jpg","reorderLevel":10,"quantity":30}]
2025-07-25 20:39:16,073 INFO com.leroy.inventorymanagementfx.controller.storekeeper.InventoryItemsController [JavaFX Application Thread] Id: 1Name: A4 SheetsPathimages/Directorate_of_Finance/1753474988282_a4 sheets.jpgReorder Level20
2025-07-25 20:39:16,074 INFO com.leroy.inventorymanagementfx.controller.storekeeper.InventoryItemsController [JavaFX Application Thread] Id: 2Name: Blue PenPathimages/Directorate_of_Finance/1753475090200_blue pen.jpgReorder Level10
2025-07-25 20:39:16,114 INFO com.leroy.inventorymanagementfx.controller.InventoryItemCardController [JavaFX Application Thread] Image path: images/Directorate_of_Finance/1753474988282_a4 sheets.jpg
2025-07-25 20:39:16,164 INFO com.leroy.inventorymanagementfx.controller.InventoryItemCardController [JavaFX Application Thread] Image: file:/C:/Users/Evans%20Kojo%20Aidoo/Desktop/JavaProjectOriginal/InventoryManagementFx/images/Directorate_of_Finance/1753474988282_a4%20sheets.jpg
2025-07-25 20:39:16,187 INFO com.leroy.inventorymanagementfx.controller.InventoryItemCardController [JavaFX Application Thread] Image path: images/Directorate_of_Finance/1753475090200_blue pen.jpg
2025-07-25 20:39:16,379 INFO com.leroy.inventorymanagementfx.controller.InventoryItemCardController [JavaFX Application Thread] Image: file:/C:/Users/Evans%20Kojo%20Aidoo/Desktop/JavaProjectOriginal/InventoryManagementFx/images/Directorate_of_Finance/1753475090200_blue%20pen.jpg
2025-07-25 20:39:16,384 INFO com.leroy.inventorymanagementfx.controller.staff.StaffTopbarController [JavaFX Application Thread] Notification count label set to: '0'. Visibility should be: false
2025-07-25 20:39:16,425 INFO com.leroy.inventorymanagementfx.controller.staff.StaffTopbarController [JavaFX Application Thread] Item count label set to: '0'. Visibility should be: false
2025-07-25 20:39:23,094 DEBUG com.leroy.inventorymanagementfx.controller.MainController [JavaFX Application Thread] Adding current page staff-inventory-items to back stack
2025-07-25 20:39:23,111 INFO com.leroy.inventorymanagementfx.controller.NotificationPageController [JavaFX Application Thread] NotificationStompClient set in NotificationPageController. Proceeding with UI setup.
2025-07-25 20:39:23,111 DEBUG com.leroy.inventorymanagementfx.controller.MainController [JavaFX Application Thread] Injected NotificationStompClient into controller: NotificationPageController
2025-07-25 20:39:23,115 INFO com.leroy.inventorymanagementfx.controller.MainController [JavaFX Application Thread] Successfully loaded view: common-notification
2025-07-25 20:39:23,960 INFO com.leroy.inventorymanagementfx.controller.NotificationPageController [JavaFX Application Thread] Fetched 2 total notifications from backend for display. 2 unread.
2025-07-25 20:39:23,966 INFO com.leroy.inventorymanagementfx.controller.staff.StaffTopbarController [JavaFX Application Thread] Notification count label set to: '2'. Visibility should be: true
2025-07-25 20:39:23,967 WARN com.leroy.inventorymanagementfx.controller.MainController [JavaFX Application Thread] Notification page is the current view, but its controller is not accessible for direct update.
2025-07-25 20:39:23,968 WARN com.leroy.inventorymanagementfx.controller.MainController [JavaFX Application Thread] Notification page is the current view, but its controller is not accessible for direct update.
2025-07-25 20:39:29,056 INFO com.leroy.inventorymanagementfx.controller.staff.StaffTopbarController [JavaFX Application Thread] Notification count label set to: '1'. Visibility should be: true
2025-07-25 20:39:29,404 INFO com.leroy.inventorymanagementfx.service.NotificationStompClient [ForkJoinPool.commonPool-worker-6] Notification 2 marked as read on backend.
2025-07-25 20:39:31,923 INFO com.leroy.inventorymanagementfx.controller.NotificationPageController [JavaFX Application Thread] Viewing details for notification: Request Approval (ID: 3)
2025-07-25 20:39:31,925 DEBUG com.leroy.inventorymanagementfx.controller.MainController [JavaFX Application Thread] Adding current page common-notification to back stack
2025-07-25 20:39:31,984 INFO com.leroy.inventorymanagementfx.controller.RequestDetailsController [JavaFX Application Thread] RequestDetailsController received Request ID: 1
2025-07-25 20:39:32,012 INFO com.leroy.inventorymanagementfx.controller.MainController [JavaFX Application Thread] Successfully loaded view: request-details-view
2025-07-25 20:39:32,013 INFO com.leroy.inventorymanagementfx.controller.staff.StaffTopbarController [JavaFX Application Thread] Notification count label set to: '0'. Visibility should be: false
2025-07-25 20:39:32,401 INFO com.leroy.inventorymanagementfx.controller.RequestDetailsController [JavaFX Application Thread] Successfully loaded details for Request ID: 1
2025-07-25 20:39:32,673 INFO com.leroy.inventorymanagementfx.service.NotificationStompClient [ForkJoinPool.commonPool-worker-6] Notification 3 marked as read on backend.
2025-07-25 20:39:46,527 INFO com.leroy.inventorymanagementfx.controller.RequestDetailsController [JavaFX Application Thread] Fulfilling Request ID: 1
2025-07-25 20:39:52,871 INFO com.leroy.inventorymanagementfx.controller.RequestDetailsController [JavaFX Application Thread] Successfully loaded details for Request ID: 1
2025-07-25 20:40:02,894 DEBUG com.leroy.inventorymanagementfx.controller.MainController [JavaFX Application Thread] Adding current page request-details-view to back stack
2025-07-25 20:40:02,910 INFO com.leroy.inventorymanagementfx.controller.MainController [JavaFX Application Thread] Successfully loaded view: staff-requests
2025-07-25 20:40:03,108 INFO com.leroy.inventorymanagementfx.controller.staff.MyRequestsController [JavaFX Application Thread] Successfully loaded 1 requests for current user.
2025-07-25 20:40:11,324 DEBUG com.leroy.inventorymanagementfx.controller.MainController [JavaFX Application Thread] Adding current page staff-requests to back stack
2025-07-25 20:40:11,340 INFO com.leroy.inventorymanagementfx.controller.NotificationPageController [JavaFX Application Thread] NotificationStompClient set in NotificationPageController. Proceeding with UI setup.
2025-07-25 20:40:11,340 DEBUG com.leroy.inventorymanagementfx.controller.MainController [JavaFX Application Thread] Injected NotificationStompClient into controller: NotificationPageController
2025-07-25 20:40:11,341 INFO com.leroy.inventorymanagementfx.controller.MainController [JavaFX Application Thread] Successfully loaded view: common-notification
2025-07-25 20:40:11,510 INFO com.leroy.inventorymanagementfx.controller.NotificationPageController [JavaFX Application Thread] Fetched 2 total notifications from backend for display. 0 unread.
2025-07-25 20:40:19,963 DEBUG com.leroy.inventorymanagementfx.controller.MainController [JavaFX Application Thread] Adding current page common-notification to back stack
2025-07-25 20:40:24,375 INFO com.leroy.inventorymanagementfx.controller.MainController [JavaFX Application Thread] Successfully loaded view: profile
2025-07-25 20:40:50,043 DEBUG com.leroy.inventorymanagementfx.service.admin.UserService [JavaFX Application Thread] Change Password Payload: {"oldPassword":"leroy001","newPassword":"leroy001"}
2025-07-25 20:40:50,044 INFO com.leroy.inventorymanagementfx.service.admin.UserService [JavaFX Application Thread] Sending password change request.
2025-07-25 20:41:48,594 DEBUG com.leroy.inventorymanagementfx.controller.MainController [JavaFX Application Thread] Adding current page profile to back stack
2025-07-25 20:41:48,604 INFO com.leroy.inventorymanagementfx.controller.NotificationPageController [JavaFX Application Thread] NotificationStompClient set in NotificationPageController. Proceeding with UI setup.
2025-07-25 20:41:48,604 DEBUG com.leroy.inventorymanagementfx.controller.MainController [JavaFX Application Thread] Injected NotificationStompClient into controller: NotificationPageController
2025-07-25 20:41:48,605 INFO com.leroy.inventorymanagementfx.controller.MainController [JavaFX Application Thread] Successfully loaded view: common-notification
2025-07-25 20:41:48,690 INFO com.leroy.inventorymanagementfx.controller.NotificationPageController [JavaFX Application Thread] Fetched 2 total notifications from backend for display. 0 unread.
2025-07-25 20:41:54,644 INFO com.leroy.inventorymanagementfx.service.AuthService [JavaFX Application Thread] User logged out. Session and JWT cleared.
2025-07-25 20:41:54,676 INFO com.leroy.inventorymanagementfx.controller.MainController [JavaFX Application Thread] Successfully loaded view: common-login
2025-07-25 20:41:54,681 DEBUG com.leroy.inventorymanagementfx.security.UserSession [JavaFX Application Thread] Session file user_session.properties cleared
2025-07-25 20:41:54,682 INFO com.leroy.inventorymanagementfx.security.UserSession [JavaFX Application Thread] User session cleared
2025-07-25 20:42:04,494 INFO com.leroy.inventorymanagementfx.service.AuthService [JavaFX Application Thread] Sending login request for email: leroydennisa@gmail.com
2025-07-25 20:42:05,024 WARN com.leroy.inventorymanagementfx.service.AuthService [ForkJoinPool.commonPool-worker-6] Standard Login failed. Status: 401, Body: {"message":"Invalid credentials"}
2025-07-25 20:42:06,458 INFO com.leroy.inventorymanagementfx.service.AuthService [JavaFX Application Thread] Sending login request for email: leroydennisa@gmail.com
2025-07-25 20:42:07,117 INFO com.leroy.inventorymanagementfx.service.AuthService [ForkJoinPool.commonPool-worker-6] Standard Login successful. Session initialized: ID=2, Name=Dennis, Role=STOREKEEPER
2025-07-25 20:42:07,119 DEBUG com.leroy.inventorymanagementfx.security.UserSession [JavaFX Application Thread] Session data saved to user_session.properties
2025-07-25 20:42:07,119 INFO com.leroy.inventorymanagementfx.security.UserSession [JavaFX Application Thread] Session initialized for user Dennis (ID: 2, Role: STOREKEEPER)
2025-07-25 20:42:07,122 DEBUG com.leroy.inventorymanagementfx.controller.MainController [JavaFX Application Thread] Adding current page common-login to back stack
2025-07-25 20:42:07,131 INFO com.leroy.inventorymanagementfx.controller.MainController [JavaFX Application Thread] Successfully loaded view: storekeeper-dashboard
2025-07-25 20:42:07,162 DEBUG com.leroy.inventorymanagementfx.security.UserSession [JavaFX Application Thread] Session data saved to user_session.properties
2025-07-25 20:42:07,162 INFO com.leroy.inventorymanagementfx.security.UserSession [JavaFX Application Thread] Session initialized for user Dennis (ID: 2, Role: STOREKEEPER)
2025-07-25 20:42:07,197 INFO com.leroy.inventorymanagementfx.controller.MainController [JavaFX Application Thread] Topbar notification count bound successfully to NotificationStompClient.
2025-07-25 20:43:42,854 DEBUG com.leroy.inventorymanagementfx.controller.MainController [JavaFX Application Thread] Adding current page storekeeper-dashboard to back stack
2025-07-25 20:43:42,869 INFO com.leroy.inventorymanagementfx.controller.NotificationPageController [JavaFX Application Thread] NotificationStompClient set in NotificationPageController. Proceeding with UI setup.
2025-07-25 20:43:42,869 DEBUG com.leroy.inventorymanagementfx.controller.MainController [JavaFX Application Thread] Injected NotificationStompClient into controller: NotificationPageController
2025-07-25 20:43:42,870 INFO com.leroy.inventorymanagementfx.controller.MainController [JavaFX Application Thread] Successfully loaded view: common-notification
2025-07-25 20:43:43,166 INFO com.leroy.inventorymanagementfx.controller.NotificationPageController [JavaFX Application Thread] Fetched 2 total notifications from backend for display. 1 unread.
2025-07-25 20:43:43,166 WARN com.leroy.inventorymanagementfx.controller.MainController [JavaFX Application Thread] Notification page is the current view, but its controller is not accessible for direct update.
2025-07-25 20:43:48,567 DEBUG com.leroy.inventorymanagementfx.controller.MainController [JavaFX Application Thread] Adding current page common-notification to back stack
2025-07-25 20:43:48,615 INFO com.leroy.inventorymanagementfx.controller.MainController [JavaFX Application Thread] Successfully loaded view: storekeeper-dashboard
2025-07-25 20:43:53,089 DEBUG com.leroy.inventorymanagementfx.controller.MainController [JavaFX Application Thread] Adding current page storekeeper-dashboard to back stack
2025-07-25 20:43:53,107 INFO com.leroy.inventorymanagementfx.controller.NotificationPageController [JavaFX Application Thread] NotificationStompClient set in NotificationPageController. Proceeding with UI setup.
2025-07-25 20:43:53,108 DEBUG com.leroy.inventorymanagementfx.controller.MainController [JavaFX Application Thread] Injected NotificationStompClient into controller: NotificationPageController
2025-07-25 20:43:53,109 INFO com.leroy.inventorymanagementfx.controller.MainController [JavaFX Application Thread] Successfully loaded view: common-notification
2025-07-25 20:43:53,403 INFO com.leroy.inventorymanagementfx.controller.NotificationPageController [JavaFX Application Thread] Fetched 2 total notifications from backend for display. 1 unread.
2025-07-25 20:43:53,404 WARN com.leroy.inventorymanagementfx.controller.MainController [JavaFX Application Thread] Notification page is the current view, but its controller is not accessible for direct update.
2025-07-25 20:43:56,280 INFO com.leroy.inventorymanagementfx.controller.NotificationPageController [JavaFX Application Thread] Viewing details for notification: Request Fulfilled (ID: 4)
2025-07-25 20:43:56,284 DEBUG com.leroy.inventorymanagementfx.controller.MainController [JavaFX Application Thread] Adding current page common-notification to back stack
2025-07-25 20:43:56,326 INFO com.leroy.inventorymanagementfx.controller.RequestDetailsController [JavaFX Application Thread] RequestDetailsController received Request ID: 1
2025-07-25 20:43:56,347 INFO com.leroy.inventorymanagementfx.controller.MainController [JavaFX Application Thread] Successfully loaded view: request-details-view
2025-07-25 20:43:56,724 INFO com.leroy.inventorymanagementfx.service.NotificationStompClient [ForkJoinPool.commonPool-worker-7] Notification 4 marked as read on backend.
2025-07-25 20:43:56,749 INFO com.leroy.inventorymanagementfx.controller.RequestDetailsController [JavaFX Application Thread] Successfully loaded details for Request ID: 1
2025-07-25 20:44:05,987 INFO com.leroy.inventorymanagementfx.controller.RequestDetailsController [JavaFX Application Thread] Navigating back to requests list based on user role.
2025-07-25 20:44:05,987 DEBUG com.leroy.inventorymanagementfx.controller.MainController [JavaFX Application Thread] Adding current page request-details-view to back stack
2025-07-25 20:44:06,042 INFO com.leroy.inventorymanagementfx.controller.MainController [JavaFX Application Thread] Successfully loaded view: storekeeper-requests-view
2025-07-25 20:44:06,286 INFO com.leroy.inventorymanagementfx.controller.storekeeper.StorekeeperRequestsController [JavaFX Application Thread] Successfully loaded 1 requests for storekeeper.
2025-07-25 20:44:15,862 DEBUG com.leroy.inventorymanagementfx.controller.MainController [JavaFX Application Thread] Adding current page storekeeper-requests-view to back stack
2025-07-25 20:44:21,800 INFO com.leroy.inventorymanagementfx.controller.MainController [JavaFX Application Thread] Successfully loaded view: transaction-report
2025-07-25 20:44:21,906 ERROR com.leroy.inventorymanagementfx.controller.storekeeper.TransactionReportController [ForkJoinPool.commonPool-worker-7] Error parsing inventory items: Unrecognized field "unit" (class com.leroy.inventorymanagementfx.dto.response.InventoryItemDto), not marked as ignorable (3 known properties: "id", "description", "name"])
 at [Source: REDACTED (`StreamReadFeature.INCLUDE_SOURCE_IN_LOCATION` disabled); line: 1, column: 54] (through reference chain: java.util.ArrayList[0]->com.leroy.inventorymanagementfx.dto.response.InventoryItemDto["unit"])
com.fasterxml.jackson.databind.exc.UnrecognizedPropertyException: Unrecognized field "unit" (class com.leroy.inventorymanagementfx.dto.response.InventoryItemDto), not marked as ignorable (3 known properties: "id", "description", "name"])
 at [Source: REDACTED (`StreamReadFeature.INCLUDE_SOURCE_IN_LOCATION` disabled); line: 1, column: 54] (through reference chain: java.util.ArrayList[0]->com.leroy.inventorymanagementfx.dto.response.InventoryItemDto["unit"])
	at com.fasterxml.jackson.databind.exc.UnrecognizedPropertyException.from(UnrecognizedPropertyException.java:61) ~[jackson-databind-2.17.1.jar:2.17.1]
	at com.fasterxml.jackson.databind.DeserializationContext.handleUnknownProperty(DeserializationContext.java:1153) ~[jackson-databind-2.17.1.jar:2.17.1]
	at com.fasterxml.jackson.databind.deser.std.StdDeserializer.handleUnknownProperty(StdDeserializer.java:2241) ~[jackson-databind-2.17.1.jar:2.17.1]
	at com.fasterxml.jackson.databind.deser.BeanDeserializerBase.handleUnknownProperty(BeanDeserializerBase.java:1793) ~[jackson-databind-2.17.1.jar:2.17.1]
	at com.fasterxml.jackson.databind.deser.BeanDeserializerBase.handleUnknownVanilla(BeanDeserializerBase.java:1771) ~[jackson-databind-2.17.1.jar:2.17.1]
	at com.fasterxml.jackson.databind.deser.BeanDeserializer.vanillaDeserialize(BeanDeserializer.java:316) ~[jackson-databind-2.17.1.jar:2.17.1]
	at com.fasterxml.jackson.databind.deser.BeanDeserializer.deserialize(BeanDeserializer.java:177) ~[jackson-databind-2.17.1.jar:2.17.1]
	at com.fasterxml.jackson.databind.deser.std.CollectionDeserializer._deserializeFromArray(CollectionDeserializer.java:361) ~[jackson-databind-2.17.1.jar:2.17.1]
	at com.fasterxml.jackson.databind.deser.std.CollectionDeserializer.deserialize(CollectionDeserializer.java:246) ~[jackson-databind-2.17.1.jar:2.17.1]
	at com.fasterxml.jackson.databind.deser.std.CollectionDeserializer.deserialize(CollectionDeserializer.java:30) ~[jackson-databind-2.17.1.jar:2.17.1]
	at com.fasterxml.jackson.databind.deser.DefaultDeserializationContext.readRootValue(DefaultDeserializationContext.java:342) ~[jackson-databind-2.17.1.jar:2.17.1]
	at com.fasterxml.jackson.databind.ObjectMapper._readMapAndClose(ObjectMapper.java:4905) ~[jackson-databind-2.17.1.jar:2.17.1]
	at com.fasterxml.jackson.databind.ObjectMapper.readValue(ObjectMapper.java:3848) ~[jackson-databind-2.17.1.jar:2.17.1]
	at com.fasterxml.jackson.databind.ObjectMapper.readValue(ObjectMapper.java:3831) ~[jackson-databind-2.17.1.jar:2.17.1]
	at com.leroy.inventorymanagementfx.controller.storekeeper.TransactionReportController.lambda$populateItemComboBox$0(TransactionReportController.java:88) [main/:?]
	at java.base/java.util.concurrent.CompletableFuture$UniAccept.tryFire(CompletableFuture.java:764) [?:?]
	at java.base/java.util.concurrent.CompletableFuture.postComplete(CompletableFuture.java:556) [?:?]
	at java.base/java.util.concurrent.CompletableFuture.postFire(CompletableFuture.java:660) [?:?]
	at java.base/java.util.concurrent.CompletableFuture$UniWhenComplete.tryFire(CompletableFuture.java:890) [?:?]
	at java.base/java.util.concurrent.CompletableFuture$Completion.exec(CompletableFuture.java:529) [?:?]
	at java.base/java.util.concurrent.ForkJoinTask.doExec(ForkJoinTask.java:507) [?:?]
	at java.base/java.util.concurrent.ForkJoinPool$WorkQueue.topLevelExec(ForkJoinPool.java:1394) [?:?]
	at java.base/java.util.concurrent.ForkJoinPool.runWorker(ForkJoinPool.java:1970) [?:?]
	at java.base/java.util.concurrent.ForkJoinWorkerThread.run(ForkJoinWorkerThread.java:187) [?:?]
2025-07-25 20:47:12,500 INFO com.leroy.inventorymanagementfx.InventoryApplication [main] Inventory Management Application starting up
2025-07-25 20:47:12,740 INFO com.leroy.inventorymanagementfx.InventoryApplication [JavaFX Application Thread] Starting Inventory Management Application
2025-07-25 20:47:12,819 INFO com.leroy.inventorymanagementfx.security.UserSession [JavaFX Application Thread] Loaded existing session for user Dennis (ID: 2, Role: STOREKEEPER)
2025-07-25 20:47:13,183 INFO com.leroy.inventorymanagementfx.service.NotificationStompClient [JavaFX Application Thread] Attempting to connect STOMP client to: ws://localhost:8080/ws-notifications
2025-07-25 20:47:13,184 DEBUG com.leroy.inventorymanagementfx.InventoryApplication [JavaFX Application Thread] Loading main FXML file
2025-07-25 20:47:14,276 INFO com.leroy.inventorymanagementfx.controller.MainController [JavaFX Application Thread] MainController initialized. User Role: STOREKEEPER
2025-07-25 20:47:14,392 INFO com.leroy.inventorymanagementfx.controller.MainController [JavaFX Application Thread] NotificationStompClient set in MainController.
2025-07-25 20:47:14,393 WARN com.leroy.inventorymanagementfx.controller.MainController [JavaFX Application Thread] NotificationStompClient set, but topbar not yet loaded. Binding will occur when topbar is available.
2025-07-25 20:47:15,593 INFO com.leroy.inventorymanagementfx.controller.MainController [JavaFX Application Thread] Successfully loaded view: storekeeper-dashboard
2025-07-25 20:47:15,648 INFO com.leroy.inventorymanagementfx.InventoryApplication [JavaFX Application Thread] Application icon set successfully from: file:/C:/Users/Evans%20Kojo%20Aidoo/Desktop/JavaProjectOriginal/InventoryManagementFx/build/resources/main/static/images/inventoryfxico.ico
2025-07-25 20:47:20,381 INFO com.leroy.inventorymanagementfx.InventoryApplication [JavaFX Application Thread] Application UI initialized successfully
2025-07-25 20:47:21,063 INFO com.leroy.inventorymanagementfx.InventoryApplication [JavaFX Application Thread] Application added to System Tray.
2025-07-25 20:47:21,152 INFO com.leroy.inventorymanagementfx.controller.MainController [JavaFX Application Thread] Topbar notification count bound successfully to NotificationStompClient.
2025-07-25 20:47:23,638 INFO com.leroy.inventorymanagementfx.service.NotificationStompClient [Grizzly(2)] STOMP Connected to: efd0a0ea-04e3-619c-fd8a-dff65b8402d9
2025-07-25 20:47:23,639 INFO com.leroy.inventorymanagementfx.service.NotificationStompClient [Grizzly(2)] Subscribing to STOMP topic: /topic/notifications/user-2
2025-07-25 20:47:34,136 DEBUG com.leroy.inventorymanagementfx.controller.MainController [JavaFX Application Thread] Adding current page storekeeper-dashboard to back stack
2025-07-25 20:47:34,512 INFO com.leroy.inventorymanagementfx.controller.MainController [JavaFX Application Thread] Successfully loaded view: transaction-report
2025-07-25 20:47:34,970 ERROR com.leroy.inventorymanagementfx.controller.storekeeper.TransactionReportController [ForkJoinPool.commonPool-worker-1] Error parsing inventory items: Unrecognized field "imagePath" (class com.leroy.inventorymanagementfx.dto.response.InventoryItemDto), not marked as ignorable (4 known properties: "id", "description", "name", "unit"])
 at [Source: REDACTED (`StreamReadFeature.INCLUDE_SOURCE_IN_LOCATION` disabled); line: 1, column: 74] (through reference chain: java.util.ArrayList[0]->com.leroy.inventorymanagementfx.dto.response.InventoryItemDto["imagePath"])
com.fasterxml.jackson.databind.exc.UnrecognizedPropertyException: Unrecognized field "imagePath" (class com.leroy.inventorymanagementfx.dto.response.InventoryItemDto), not marked as ignorable (4 known properties: "id", "description", "name", "unit"])
 at [Source: REDACTED (`StreamReadFeature.INCLUDE_SOURCE_IN_LOCATION` disabled); line: 1, column: 74] (through reference chain: java.util.ArrayList[0]->com.leroy.inventorymanagementfx.dto.response.InventoryItemDto["imagePath"])
	at com.fasterxml.jackson.databind.exc.UnrecognizedPropertyException.from(UnrecognizedPropertyException.java:61) ~[jackson-databind-2.17.1.jar:2.17.1]
	at com.fasterxml.jackson.databind.DeserializationContext.handleUnknownProperty(DeserializationContext.java:1153) ~[jackson-databind-2.17.1.jar:2.17.1]
	at com.fasterxml.jackson.databind.deser.std.StdDeserializer.handleUnknownProperty(StdDeserializer.java:2241) ~[jackson-databind-2.17.1.jar:2.17.1]
	at com.fasterxml.jackson.databind.deser.BeanDeserializerBase.handleUnknownProperty(BeanDeserializerBase.java:1793) ~[jackson-databind-2.17.1.jar:2.17.1]
	at com.fasterxml.jackson.databind.deser.BeanDeserializerBase.handleUnknownVanilla(BeanDeserializerBase.java:1771) ~[jackson-databind-2.17.1.jar:2.17.1]
	at com.fasterxml.jackson.databind.deser.BeanDeserializer.vanillaDeserialize(BeanDeserializer.java:316) ~[jackson-databind-2.17.1.jar:2.17.1]
	at com.fasterxml.jackson.databind.deser.BeanDeserializer.deserialize(BeanDeserializer.java:177) ~[jackson-databind-2.17.1.jar:2.17.1]
	at com.fasterxml.jackson.databind.deser.std.CollectionDeserializer._deserializeFromArray(CollectionDeserializer.java:361) ~[jackson-databind-2.17.1.jar:2.17.1]
	at com.fasterxml.jackson.databind.deser.std.CollectionDeserializer.deserialize(CollectionDeserializer.java:246) ~[jackson-databind-2.17.1.jar:2.17.1]
	at com.fasterxml.jackson.databind.deser.std.CollectionDeserializer.deserialize(CollectionDeserializer.java:30) ~[jackson-databind-2.17.1.jar:2.17.1]
	at com.fasterxml.jackson.databind.deser.DefaultDeserializationContext.readRootValue(DefaultDeserializationContext.java:342) ~[jackson-databind-2.17.1.jar:2.17.1]
	at com.fasterxml.jackson.databind.ObjectMapper._readMapAndClose(ObjectMapper.java:4905) ~[jackson-databind-2.17.1.jar:2.17.1]
	at com.fasterxml.jackson.databind.ObjectMapper.readValue(ObjectMapper.java:3848) ~[jackson-databind-2.17.1.jar:2.17.1]
	at com.fasterxml.jackson.databind.ObjectMapper.readValue(ObjectMapper.java:3831) ~[jackson-databind-2.17.1.jar:2.17.1]
	at com.leroy.inventorymanagementfx.controller.storekeeper.TransactionReportController.lambda$populateItemComboBox$0(TransactionReportController.java:88) [main/:?]
	at java.base/java.util.concurrent.CompletableFuture$UniAccept.tryFire(CompletableFuture.java:764) [?:?]
	at java.base/java.util.concurrent.CompletableFuture.postComplete(CompletableFuture.java:556) [?:?]
	at java.base/java.util.concurrent.CompletableFuture.postFire(CompletableFuture.java:660) [?:?]
	at java.base/java.util.concurrent.CompletableFuture$UniWhenComplete.tryFire(CompletableFuture.java:890) [?:?]
	at java.base/java.util.concurrent.CompletableFuture$Completion.exec(CompletableFuture.java:529) [?:?]
	at java.base/java.util.concurrent.ForkJoinTask.doExec(ForkJoinTask.java:507) [?:?]
	at java.base/java.util.concurrent.ForkJoinPool$WorkQueue.topLevelExec(ForkJoinPool.java:1394) [?:?]
	at java.base/java.util.concurrent.ForkJoinPool.runWorker(ForkJoinPool.java:1970) [?:?]
	at java.base/java.util.concurrent.ForkJoinWorkerThread.run(ForkJoinWorkerThread.java:187) [?:?]
2025-07-25 20:50:30,066 INFO com.leroy.inventorymanagementfx.InventoryApplication [main] Inventory Management Application starting up
2025-07-25 20:50:31,824 INFO com.leroy.inventorymanagementfx.InventoryApplication [JavaFX Application Thread] Starting Inventory Management Application
2025-07-25 20:50:31,948 INFO com.leroy.inventorymanagementfx.security.UserSession [JavaFX Application Thread] Loaded existing session for user Dennis (ID: 2, Role: STOREKEEPER)
2025-07-25 20:50:32,250 INFO com.leroy.inventorymanagementfx.service.NotificationStompClient [JavaFX Application Thread] Attempting to connect STOMP client to: ws://localhost:8080/ws-notifications
2025-07-25 20:50:32,250 DEBUG com.leroy.inventorymanagementfx.InventoryApplication [JavaFX Application Thread] Loading main FXML file
2025-07-25 20:50:34,896 INFO com.leroy.inventorymanagementfx.controller.MainController [JavaFX Application Thread] MainController initialized. User Role: STOREKEEPER
2025-07-25 20:50:35,602 INFO com.leroy.inventorymanagementfx.controller.MainController [JavaFX Application Thread] NotificationStompClient set in MainController.
2025-07-25 20:50:35,604 WARN com.leroy.inventorymanagementfx.controller.MainController [JavaFX Application Thread] NotificationStompClient set, but topbar not yet loaded. Binding will occur when topbar is available.
2025-07-25 20:50:38,035 INFO com.leroy.inventorymanagementfx.service.NotificationStompClient [Grizzly(2)] STOMP Connected to: abdf7802-5aae-9a43-aa87-16388d131427
2025-07-25 20:50:38,037 INFO com.leroy.inventorymanagementfx.service.NotificationStompClient [Grizzly(2)] Subscribing to STOMP topic: /topic/notifications/user-2
2025-07-25 20:50:38,778 INFO com.leroy.inventorymanagementfx.controller.MainController [JavaFX Application Thread] Successfully loaded view: storekeeper-dashboard
2025-07-25 20:50:38,789 INFO com.leroy.inventorymanagementfx.InventoryApplication [JavaFX Application Thread] Application icon set successfully from: file:/C:/Users/Evans%20Kojo%20Aidoo/Desktop/JavaProjectOriginal/InventoryManagementFx/build/resources/main/static/images/inventoryfxico.ico
2025-07-25 20:50:42,425 INFO com.leroy.inventorymanagementfx.InventoryApplication [JavaFX Application Thread] Application UI initialized successfully
2025-07-25 20:50:48,062 INFO com.leroy.inventorymanagementfx.InventoryApplication [JavaFX Application Thread] Application added to System Tray.
2025-07-25 20:50:48,461 INFO com.leroy.inventorymanagementfx.controller.MainController [JavaFX Application Thread] Topbar notification count bound successfully to NotificationStompClient.
2025-07-25 20:50:54,577 DEBUG com.leroy.inventorymanagementfx.controller.MainController [JavaFX Application Thread] Adding current page storekeeper-dashboard to back stack
2025-07-25 20:50:54,969 INFO com.leroy.inventorymanagementfx.controller.MainController [JavaFX Application Thread] Successfully loaded view: transaction-report
2025-07-25 20:50:56,145 ERROR com.leroy.inventorymanagementfx.controller.storekeeper.TransactionReportController [ForkJoinPool.commonPool-worker-1] Error parsing inventory items: Unrecognized field "quantity" (class com.leroy.inventorymanagementfx.dto.response.InventoryItemDto), not marked as ignorable (6 known properties: "imagePath", "unit", "reorderLevel", "id", "description", "name"])
 at [Source: REDACTED (`StreamReadFeature.INCLUDE_SOURCE_IN_LOCATION` disabled); line: 1, column: 164] (through reference chain: java.util.ArrayList[0]->com.leroy.inventorymanagementfx.dto.response.InventoryItemDto["quantity"])
com.fasterxml.jackson.databind.exc.UnrecognizedPropertyException: Unrecognized field "quantity" (class com.leroy.inventorymanagementfx.dto.response.InventoryItemDto), not marked as ignorable (6 known properties: "imagePath", "unit", "reorderLevel", "id", "description", "name"])
 at [Source: REDACTED (`StreamReadFeature.INCLUDE_SOURCE_IN_LOCATION` disabled); line: 1, column: 164] (through reference chain: java.util.ArrayList[0]->com.leroy.inventorymanagementfx.dto.response.InventoryItemDto["quantity"])
	at com.fasterxml.jackson.databind.exc.UnrecognizedPropertyException.from(UnrecognizedPropertyException.java:61) ~[jackson-databind-2.17.1.jar:2.17.1]
	at com.fasterxml.jackson.databind.DeserializationContext.handleUnknownProperty(DeserializationContext.java:1153) ~[jackson-databind-2.17.1.jar:2.17.1]
	at com.fasterxml.jackson.databind.deser.std.StdDeserializer.handleUnknownProperty(StdDeserializer.java:2241) ~[jackson-databind-2.17.1.jar:2.17.1]
	at com.fasterxml.jackson.databind.deser.BeanDeserializerBase.handleUnknownProperty(BeanDeserializerBase.java:1793) ~[jackson-databind-2.17.1.jar:2.17.1]
	at com.fasterxml.jackson.databind.deser.BeanDeserializerBase.handleUnknownVanilla(BeanDeserializerBase.java:1771) ~[jackson-databind-2.17.1.jar:2.17.1]
	at com.fasterxml.jackson.databind.deser.BeanDeserializer.vanillaDeserialize(BeanDeserializer.java:316) ~[jackson-databind-2.17.1.jar:2.17.1]
	at com.fasterxml.jackson.databind.deser.BeanDeserializer.deserialize(BeanDeserializer.java:177) ~[jackson-databind-2.17.1.jar:2.17.1]
	at com.fasterxml.jackson.databind.deser.std.CollectionDeserializer._deserializeFromArray(CollectionDeserializer.java:361) ~[jackson-databind-2.17.1.jar:2.17.1]
	at com.fasterxml.jackson.databind.deser.std.CollectionDeserializer.deserialize(CollectionDeserializer.java:246) ~[jackson-databind-2.17.1.jar:2.17.1]
	at com.fasterxml.jackson.databind.deser.std.CollectionDeserializer.deserialize(CollectionDeserializer.java:30) ~[jackson-databind-2.17.1.jar:2.17.1]
	at com.fasterxml.jackson.databind.deser.DefaultDeserializationContext.readRootValue(DefaultDeserializationContext.java:342) ~[jackson-databind-2.17.1.jar:2.17.1]
	at com.fasterxml.jackson.databind.ObjectMapper._readMapAndClose(ObjectMapper.java:4905) ~[jackson-databind-2.17.1.jar:2.17.1]
	at com.fasterxml.jackson.databind.ObjectMapper.readValue(ObjectMapper.java:3848) ~[jackson-databind-2.17.1.jar:2.17.1]
	at com.fasterxml.jackson.databind.ObjectMapper.readValue(ObjectMapper.java:3831) ~[jackson-databind-2.17.1.jar:2.17.1]
	at com.leroy.inventorymanagementfx.controller.storekeeper.TransactionReportController.lambda$populateItemComboBox$0(TransactionReportController.java:88) [main/:?]
	at java.base/java.util.concurrent.CompletableFuture$UniAccept.tryFire(CompletableFuture.java:764) [?:?]
	at java.base/java.util.concurrent.CompletableFuture.postComplete(CompletableFuture.java:556) [?:?]
	at java.base/java.util.concurrent.CompletableFuture.postFire(CompletableFuture.java:660) [?:?]
	at java.base/java.util.concurrent.CompletableFuture$UniWhenComplete.tryFire(CompletableFuture.java:890) [?:?]
	at java.base/java.util.concurrent.CompletableFuture$Completion.exec(CompletableFuture.java:529) [?:?]
	at java.base/java.util.concurrent.ForkJoinTask.doExec(ForkJoinTask.java:507) [?:?]
	at java.base/java.util.concurrent.ForkJoinPool$WorkQueue.topLevelExec(ForkJoinPool.java:1394) [?:?]
	at java.base/java.util.concurrent.ForkJoinPool.runWorker(ForkJoinPool.java:1970) [?:?]
	at java.base/java.util.concurrent.ForkJoinWorkerThread.run(ForkJoinWorkerThread.java:187) [?:?]
2025-07-25 20:52:24,462 INFO com.leroy.inventorymanagementfx.InventoryApplication [main] Inventory Management Application starting up
2025-07-25 20:52:24,607 INFO com.leroy.inventorymanagementfx.InventoryApplication [JavaFX Application Thread] Starting Inventory Management Application
2025-07-25 20:52:24,637 INFO com.leroy.inventorymanagementfx.security.UserSession [JavaFX Application Thread] Loaded existing session for user Dennis (ID: 2, Role: STOREKEEPER)
2025-07-25 20:52:24,768 INFO com.leroy.inventorymanagementfx.service.NotificationStompClient [JavaFX Application Thread] Attempting to connect STOMP client to: ws://localhost:8080/ws-notifications
2025-07-25 20:52:24,769 DEBUG com.leroy.inventorymanagementfx.InventoryApplication [JavaFX Application Thread] Loading main FXML file
2025-07-25 20:52:25,577 INFO com.leroy.inventorymanagementfx.controller.MainController [JavaFX Application Thread] MainController initialized. User Role: STOREKEEPER
2025-07-25 20:52:25,595 INFO com.leroy.inventorymanagementfx.service.NotificationStompClient [Grizzly(2)] STOMP Connected to: 39b2e758-3748-6f76-b1c6-372c4ace6f67
2025-07-25 20:52:25,597 INFO com.leroy.inventorymanagementfx.service.NotificationStompClient [Grizzly(2)] Subscribing to STOMP topic: /topic/notifications/user-2
2025-07-25 20:52:25,687 INFO com.leroy.inventorymanagementfx.controller.MainController [JavaFX Application Thread] NotificationStompClient set in MainController.
2025-07-25 20:52:25,687 WARN com.leroy.inventorymanagementfx.controller.MainController [JavaFX Application Thread] NotificationStompClient set, but topbar not yet loaded. Binding will occur when topbar is available.
2025-07-25 20:52:26,643 INFO com.leroy.inventorymanagementfx.controller.MainController [JavaFX Application Thread] Successfully loaded view: storekeeper-dashboard
2025-07-25 20:52:26,656 INFO com.leroy.inventorymanagementfx.InventoryApplication [JavaFX Application Thread] Application icon set successfully from: file:/C:/Users/Evans%20Kojo%20Aidoo/Desktop/JavaProjectOriginal/InventoryManagementFx/build/resources/main/static/images/inventoryfxico.ico
2025-07-25 20:52:27,387 INFO com.leroy.inventorymanagementfx.InventoryApplication [JavaFX Application Thread] Application UI initialized successfully
2025-07-25 20:52:28,560 INFO com.leroy.inventorymanagementfx.InventoryApplication [JavaFX Application Thread] Application added to System Tray.
2025-07-25 20:52:28,620 INFO com.leroy.inventorymanagementfx.controller.MainController [JavaFX Application Thread] Topbar notification count bound successfully to NotificationStompClient.
2025-07-25 20:52:35,280 DEBUG com.leroy.inventorymanagementfx.controller.MainController [JavaFX Application Thread] Adding current page storekeeper-dashboard to back stack
2025-07-25 20:52:35,592 INFO com.leroy.inventorymanagementfx.controller.MainController [JavaFX Application Thread] Successfully loaded view: transaction-report
2025-07-25 20:53:06,209 ERROR com.leroy.inventorymanagementfx.controller.storekeeper.TransactionReportController [ForkJoinPool.commonPool-worker-1] Failed to fetch transaction report. Status: 500, Body: {"error_description":"An unexpected error occurred","error":"Internal Server Error","message":"An unexpected error occurred","timestamp":"2025-07-25T20:53:06.067527408","status":500}
2025-07-25 20:54:27,362 DEBUG com.leroy.inventorymanagementfx.controller.MainController [JavaFX Application Thread] Adding current page transaction-report to back stack
2025-07-25 20:54:36,486 INFO com.leroy.inventorymanagementfx.controller.MainController [JavaFX Application Thread] Successfully loaded view: inventory-summary-report
2025-07-25 20:54:38,745 DEBUG com.leroy.inventorymanagementfx.controller.MainController [JavaFX Application Thread] Adding current page inventory-summary-report to back stack
2025-07-25 20:54:39,155 INFO com.leroy.inventorymanagementfx.controller.MainController [JavaFX Application Thread] Successfully loaded view: user-report
2025-07-25 20:57:04,502 INFO com.leroy.inventorymanagementfx.InventoryApplication [main] Inventory Management Application starting up
2025-07-25 20:57:04,701 INFO com.leroy.inventorymanagementfx.InventoryApplication [JavaFX Application Thread] Starting Inventory Management Application
2025-07-25 20:57:04,722 INFO com.leroy.inventorymanagementfx.security.UserSession [JavaFX Application Thread] Loaded existing session for user Dennis (ID: 2, Role: STOREKEEPER)
2025-07-25 20:57:04,846 INFO com.leroy.inventorymanagementfx.service.NotificationStompClient [JavaFX Application Thread] Attempting to connect STOMP client to: ws://localhost:8080/ws-notifications
2025-07-25 20:57:04,847 DEBUG com.leroy.inventorymanagementfx.InventoryApplication [JavaFX Application Thread] Loading main FXML file
2025-07-25 20:57:06,066 INFO com.leroy.inventorymanagementfx.controller.MainController [JavaFX Application Thread] MainController initialized. User Role: STOREKEEPER
2025-07-25 20:57:06,280 INFO com.leroy.inventorymanagementfx.controller.MainController [JavaFX Application Thread] NotificationStompClient set in MainController.
2025-07-25 20:57:06,280 WARN com.leroy.inventorymanagementfx.controller.MainController [JavaFX Application Thread] NotificationStompClient set, but topbar not yet loaded. Binding will occur when topbar is available.
2025-07-25 20:57:12,467 INFO com.leroy.inventorymanagementfx.controller.MainController [JavaFX Application Thread] Successfully loaded view: storekeeper-dashboard
2025-07-25 20:57:12,471 INFO com.leroy.inventorymanagementfx.InventoryApplication [JavaFX Application Thread] Application icon set successfully from: file:/C:/Users/Evans%20Kojo%20Aidoo/Desktop/JavaProjectOriginal/InventoryManagementFx/build/resources/main/static/images/inventoryfxico.ico
2025-07-25 20:57:20,920 INFO com.leroy.inventorymanagementfx.InventoryApplication [JavaFX Application Thread] Application UI initialized successfully
2025-07-25 20:57:21,618 INFO com.leroy.inventorymanagementfx.InventoryApplication [JavaFX Application Thread] Application added to System Tray.
2025-07-25 20:57:21,708 INFO com.leroy.inventorymanagementfx.controller.MainController [JavaFX Application Thread] Topbar notification count bound successfully to NotificationStompClient.
2025-07-25 20:57:23,540 INFO com.leroy.inventorymanagementfx.service.NotificationStompClient [Grizzly(2)] STOMP Connected to: 8f167297-d7e2-c04c-efe2-142c87853cef
2025-07-25 20:57:23,542 INFO com.leroy.inventorymanagementfx.service.NotificationStompClient [Grizzly(2)] Subscribing to STOMP topic: /topic/notifications/user-2
2025-07-25 20:58:03,056 DEBUG com.leroy.inventorymanagementfx.controller.MainController [JavaFX Application Thread] Adding current page storekeeper-dashboard to back stack
2025-07-25 20:58:03,982 INFO com.leroy.inventorymanagementfx.controller.MainController [JavaFX Application Thread] Successfully loaded view: user-report
2025-07-25 20:58:11,479 DEBUG com.leroy.inventorymanagementfx.controller.MainController [JavaFX Application Thread] Adding current page user-report to back stack
2025-07-25 20:58:11,957 INFO com.leroy.inventorymanagementfx.controller.MainController [JavaFX Application Thread] Successfully loaded view: inventory-summary-report
2025-07-25 20:58:46,712 DEBUG com.leroy.inventorymanagementfx.service.storekeeper.InventorySummaryReportService [JavaFX Application Thread] Sending Inventory Summary Report request: {"year":2025,"startYear":null,"endYear":null,"startDate":null,"endDate":null,"inventorySummaryType":"BY_QUANTITY","costFlowMethod":null}
2025-07-25 20:58:53,832 DEBUG com.leroy.inventorymanagementfx.service.storekeeper.InventorySummaryReportService [JavaFX Application Thread] Sending Inventory Summary Report request: {"year":2025,"startYear":null,"endYear":null,"startDate":null,"endDate":null,"inventorySummaryType":"BY_QUANTITY","costFlowMethod":null}
2025-07-25 20:59:42,517 DEBUG com.leroy.inventorymanagementfx.controller.MainController [JavaFX Application Thread] Adding current page inventory-summary-report to back stack
2025-07-25 20:59:42,757 INFO com.leroy.inventorymanagementfx.controller.MainController [JavaFX Application Thread] Successfully loaded view: transaction-report
2025-07-25 20:59:51,600 ERROR com.leroy.inventorymanagementfx.controller.storekeeper.TransactionReportController [ForkJoinPool.commonPool-worker-2] Failed to fetch transaction report. Status: 500, Body: {"error_description":"An unexpected error occurred","error":"Internal Server Error","message":"An unexpected error occurred","timestamp":"2025-07-25T20:59:51.567997533","status":500}
2025-07-25 20:59:55,843 DEBUG com.leroy.inventorymanagementfx.controller.MainController [JavaFX Application Thread] Adding current page transaction-report to back stack
2025-07-25 20:59:55,864 INFO com.leroy.inventorymanagementfx.controller.MainController [JavaFX Application Thread] Successfully loaded view: user-report
2025-07-25 21:00:03,893 ERROR com.leroy.inventorymanagementfx.controller.storekeeper.UserReportController [ForkJoinPool.commonPool-worker-2] Failed to fetch user report. Status: 500, Body: {"error_description":"An unexpected error occurred","error":"Internal Server Error","message":"An unexpected error occurred","timestamp":"2025-07-25T21:00:03.885171417","status":500}
2025-07-25 22:18:11,115 INFO com.leroy.inventorymanagementfx.InventoryApplication [main] Inventory Management Application starting up
2025-07-25 22:18:11,243 INFO com.leroy.inventorymanagementfx.InventoryApplication [JavaFX Application Thread] Starting Inventory Management Application
2025-07-25 22:18:11,327 INFO com.leroy.inventorymanagementfx.security.UserSession [JavaFX Application Thread] Loaded existing session for user Dennis (ID: 2, Role: STOREKEEPER)
2025-07-25 22:18:11,665 INFO com.leroy.inventorymanagementfx.service.NotificationStompClient [JavaFX Application Thread] Attempting to connect STOMP client to: ws://localhost:8080/ws-notifications
2025-07-25 22:18:11,667 DEBUG com.leroy.inventorymanagementfx.InventoryApplication [JavaFX Application Thread] Loading main FXML file
2025-07-25 22:18:12,489 INFO com.leroy.inventorymanagementfx.controller.MainController [JavaFX Application Thread] MainController initialized. User Role: STOREKEEPER
2025-07-25 22:18:12,575 INFO com.leroy.inventorymanagementfx.controller.MainController [JavaFX Application Thread] NotificationStompClient set in MainController.
2025-07-25 22:18:12,576 WARN com.leroy.inventorymanagementfx.controller.MainController [JavaFX Application Thread] NotificationStompClient set, but topbar not yet loaded. Binding will occur when topbar is available.
2025-07-25 22:18:13,571 INFO com.leroy.inventorymanagementfx.controller.MainController [JavaFX Application Thread] Successfully loaded view: storekeeper-dashboard
2025-07-25 22:18:13,581 INFO com.leroy.inventorymanagementfx.InventoryApplication [JavaFX Application Thread] Application icon set successfully from: file:/C:/Users/Evans%20Kojo%20Aidoo/Desktop/JavaProjectOriginal/InventoryManagementFx/build/resources/main/static/images/inventoryfxico.ico
2025-07-25 22:18:14,657 INFO com.leroy.inventorymanagementfx.InventoryApplication [JavaFX Application Thread] Application UI initialized successfully
2025-07-25 22:18:15,104 INFO com.leroy.inventorymanagementfx.service.NotificationStompClient [Grizzly(2)] STOMP Connected to: c3309a85-15df-accb-f492-cf617d60b4f4
2025-07-25 22:18:15,106 INFO com.leroy.inventorymanagementfx.service.NotificationStompClient [Grizzly(2)] Subscribing to STOMP topic: /topic/notifications/user-2
2025-07-25 22:18:15,185 INFO com.leroy.inventorymanagementfx.InventoryApplication [JavaFX Application Thread] Application added to System Tray.
2025-07-25 22:18:15,254 INFO com.leroy.inventorymanagementfx.controller.MainController [JavaFX Application Thread] Topbar notification count bound successfully to NotificationStompClient.
2025-07-25 22:18:20,758 DEBUG com.leroy.inventorymanagementfx.controller.MainController [JavaFX Application Thread] Adding current page storekeeper-dashboard to back stack
2025-07-25 22:18:20,995 INFO com.leroy.inventorymanagementfx.controller.MainController [JavaFX Application Thread] Successfully loaded view: transaction-report
2025-07-25 22:18:43,784 ERROR com.leroy.inventorymanagementfx.controller.storekeeper.TransactionReportController [ForkJoinPool.commonPool-worker-1] Failed to fetch transaction report. Status: 500, Body: {"error_description":"An unexpected error occurred","error":"Internal Server Error","message":"An unexpected error occurred","timestamp":"2025-07-25T22:18:43.75020491","status":500}
2025-07-25 22:24:32,874 DEBUG com.leroy.inventorymanagementfx.controller.MainController [JavaFX Application Thread] Adding current page transaction-report to back stack
2025-07-25 22:24:33,186 INFO com.leroy.inventorymanagementfx.controller.MainController [JavaFX Application Thread] Successfully loaded view: user-report
2025-07-25 22:24:45,817 ERROR com.leroy.inventorymanagementfx.controller.storekeeper.UserReportController [ForkJoinPool.commonPool-worker-2] Failed to fetch user report. Status: 500, Body: {"error_description":"An unexpected error occurred","error":"Internal Server Error","message":"An unexpected error occurred","timestamp":"2025-07-25T22:24:45.805477757","status":500}
2025-07-25 22:28:48,050 ERROR com.leroy.inventorymanagementfx.service.NotificationStompClient [Grizzly(1)] STOMP Transport Error: Connection closed
org.springframework.messaging.simp.stomp.ConnectionLostException: Connection closed
	at org.springframework.messaging.simp.stomp.DefaultStompSession.afterConnectionClosed(DefaultStompSession.java:523) [spring-messaging-6.2.8.jar:6.2.8]
	at org.springframework.web.socket.messaging.WebSocketStompClient$WebSocketTcpConnectionHandlerAdapter.afterConnectionClosed(WebSocketStompClient.java:468) [spring-websocket-6.2.8.jar:6.2.8]
	at org.springframework.web.socket.handler.WebSocketHandlerDecorator.afterConnectionClosed(WebSocketHandlerDecorator.java:85) [spring-websocket-6.2.8.jar:6.2.8]
	at org.springframework.web.socket.handler.LoggingWebSocketHandlerDecorator.afterConnectionClosed(LoggingWebSocketHandlerDecorator.java:72) [spring-websocket-6.2.8.jar:6.2.8]
	at org.springframework.web.socket.adapter.standard.StandardWebSocketHandlerAdapter.onClose(StandardWebSocketHandlerAdapter.java:144) [spring-websocket-6.2.8.jar:6.2.8]
	at org.glassfish.tyrus.core.TyrusEndpointWrapper.onClose(TyrusEndpointWrapper.java:1246) [tyrus-core-2.2.0.jar:?]
	at org.glassfish.tyrus.core.TyrusWebSocket.onClose(TyrusWebSocket.java:110) [tyrus-core-2.2.0.jar:?]
	at org.glassfish.tyrus.core.ProtocolHandler.close(ProtocolHandler.java:488) [tyrus-core-2.2.0.jar:?]
	at org.glassfish.tyrus.core.TyrusWebSocket.close(TyrusWebSocket.java:244) [tyrus-core-2.2.0.jar:?]
	at org.glassfish.tyrus.client.TyrusClientEngine$2$1.close(TyrusClientEngine.java:624) [tyrus-client-2.2.0.jar:?]
	at org.glassfish.tyrus.container.grizzly.client.GrizzlyClientFilter$CloseTask.execute(GrizzlyClientFilter.java:485) [tyrus-container-grizzly-client-2.2.0.jar:?]
	at org.glassfish.tyrus.container.grizzly.client.TaskProcessor.processTask(TaskProcessor.java:91) [tyrus-container-grizzly-client-2.2.0.jar:?]
	at org.glassfish.tyrus.container.grizzly.client.TaskProcessor.processTask(TaskProcessor.java:68) [tyrus-container-grizzly-client-2.2.0.jar:?]
	at org.glassfish.tyrus.container.grizzly.client.GrizzlyClientFilter.handleClose(GrizzlyClientFilter.java:198) [tyrus-container-grizzly-client-2.2.0.jar:?]
	at org.glassfish.grizzly.filterchain.ExecutorResolver$4.execute(ExecutorResolver.java:50) [grizzly-framework-4.0.2.jar:4.0.2]
	at org.glassfish.grizzly.filterchain.DefaultFilterChain.executeFilter(DefaultFilterChain.java:246) [grizzly-framework-4.0.2.jar:4.0.2]
	at org.glassfish.grizzly.filterchain.DefaultFilterChain.executeChainPart(DefaultFilterChain.java:178) [grizzly-framework-4.0.2.jar:4.0.2]
	at org.glassfish.grizzly.filterchain.DefaultFilterChain.execute(DefaultFilterChain.java:118) [grizzly-framework-4.0.2.jar:4.0.2]
	at org.glassfish.grizzly.filterchain.DefaultFilterChain.process(DefaultFilterChain.java:96) [grizzly-framework-4.0.2.jar:4.0.2]
	at org.glassfish.grizzly.ProcessorExecutor.execute(ProcessorExecutor.java:51) [grizzly-framework-4.0.2.jar:4.0.2]
	at org.glassfish.grizzly.nio.transport.TCPNIOTransport.fireIOEvent(TCPNIOTransport.java:510) [grizzly-framework-4.0.2.jar:4.0.2]
	at org.glassfish.grizzly.nio.NIOConnection.preClose(NIOConnection.java:826) [grizzly-framework-4.0.2.jar:4.0.2]
	at org.glassfish.grizzly.nio.transport.TCPNIOConnection.preClose(TCPNIOConnection.java:78) [grizzly-framework-4.0.2.jar:4.0.2]
	at org.glassfish.grizzly.nio.NIOConnection.terminate0(NIOConnection.java:564) [grizzly-framework-4.0.2.jar:4.0.2]
	at org.glassfish.grizzly.nio.transport.TCPNIOConnection.terminate0(TCPNIOConnection.java:249) [grizzly-framework-4.0.2.jar:4.0.2]
	at org.glassfish.grizzly.nio.transport.TCPNIOTransport.read(TCPNIOTransport.java:577) [grizzly-framework-4.0.2.jar:4.0.2]
	at org.glassfish.grizzly.nio.transport.TCPNIOTransportFilter.handleRead(TCPNIOTransportFilter.java:59) [grizzly-framework-4.0.2.jar:4.0.2]
	at org.glassfish.grizzly.filterchain.TransportFilter.handleRead(TransportFilter.java:133) [grizzly-framework-4.0.2.jar:4.0.2]
	at org.glassfish.grizzly.filterchain.ExecutorResolver$9.execute(ExecutorResolver.java:88) [grizzly-framework-4.0.2.jar:4.0.2]
	at org.glassfish.grizzly.filterchain.DefaultFilterChain.executeFilter(DefaultFilterChain.java:246) [grizzly-framework-4.0.2.jar:4.0.2]
	at org.glassfish.grizzly.filterchain.DefaultFilterChain.executeChainPart(DefaultFilterChain.java:178) [grizzly-framework-4.0.2.jar:4.0.2]
	at org.glassfish.grizzly.filterchain.DefaultFilterChain.execute(DefaultFilterChain.java:118) [grizzly-framework-4.0.2.jar:4.0.2]
	at org.glassfish.grizzly.filterchain.DefaultFilterChain.process(DefaultFilterChain.java:96) [grizzly-framework-4.0.2.jar:4.0.2]
	at org.glassfish.grizzly.ProcessorExecutor.execute(ProcessorExecutor.java:51) [grizzly-framework-4.0.2.jar:4.0.2]
	at org.glassfish.grizzly.nio.transport.TCPNIOTransport.fireIOEvent(TCPNIOTransport.java:510) [grizzly-framework-4.0.2.jar:4.0.2]
	at org.glassfish.grizzly.strategies.AbstractIOStrategy.fireIOEvent(AbstractIOStrategy.java:82) [grizzly-framework-4.0.2.jar:4.0.2]
	at org.glassfish.grizzly.strategies.WorkerThreadIOStrategy.run0(WorkerThreadIOStrategy.java:83) [grizzly-framework-4.0.2.jar:4.0.2]
	at org.glassfish.grizzly.strategies.WorkerThreadIOStrategy$WorkerThreadRunnable.run(WorkerThreadIOStrategy.java:101) [grizzly-framework-4.0.2.jar:4.0.2]
	at org.glassfish.grizzly.threadpool.AbstractThreadPool$Worker.doWork(AbstractThreadPool.java:535) [grizzly-framework-4.0.2.jar:4.0.2]
	at org.glassfish.grizzly.threadpool.AbstractThreadPool$Worker.run(AbstractThreadPool.java:515) [grizzly-framework-4.0.2.jar:4.0.2]
	at java.base/java.lang.Thread.run(Thread.java:1447) [?:?]
2025-07-25 22:33:42,179 INFO com.leroy.inventorymanagementfx.InventoryApplication [main] Inventory Management Application starting up
2025-07-25 22:33:42,316 INFO com.leroy.inventorymanagementfx.InventoryApplication [JavaFX Application Thread] Starting Inventory Management Application
2025-07-25 22:33:42,355 INFO com.leroy.inventorymanagementfx.security.UserSession [JavaFX Application Thread] Loaded existing session for user Dennis (ID: 2, Role: STOREKEEPER)
2025-07-25 22:33:42,432 INFO com.leroy.inventorymanagementfx.service.NotificationStompClient [JavaFX Application Thread] Attempting to connect STOMP client to: ws://localhost:8080/ws-notifications
2025-07-25 22:33:42,434 DEBUG com.leroy.inventorymanagementfx.InventoryApplication [JavaFX Application Thread] Loading main FXML file
2025-07-25 22:33:43,210 INFO com.leroy.inventorymanagementfx.controller.MainController [JavaFX Application Thread] MainController initialized. User Role: STOREKEEPER
2025-07-25 22:33:43,342 INFO com.leroy.inventorymanagementfx.controller.MainController [JavaFX Application Thread] NotificationStompClient set in MainController.
2025-07-25 22:33:43,344 WARN com.leroy.inventorymanagementfx.controller.MainController [JavaFX Application Thread] NotificationStompClient set, but topbar not yet loaded. Binding will occur when topbar is available.
2025-07-25 22:33:44,299 INFO com.leroy.inventorymanagementfx.service.NotificationStompClient [Grizzly(2)] STOMP Connected to: 4d4a747e-03d7-4b7b-3dda-31f3972ff0a8
2025-07-25 22:33:44,301 INFO com.leroy.inventorymanagementfx.service.NotificationStompClient [Grizzly(2)] Subscribing to STOMP topic: /topic/notifications/user-2
2025-07-25 22:33:44,388 INFO com.leroy.inventorymanagementfx.controller.MainController [JavaFX Application Thread] Successfully loaded view: storekeeper-dashboard
2025-07-25 22:33:44,394 INFO com.leroy.inventorymanagementfx.InventoryApplication [JavaFX Application Thread] Application icon set successfully from: file:/C:/Users/Evans%20Kojo%20Aidoo/Desktop/JavaProjectOriginal/InventoryManagementFx/build/resources/main/static/images/inventoryfxico.ico
2025-07-25 22:33:45,204 INFO com.leroy.inventorymanagementfx.InventoryApplication [JavaFX Application Thread] Application UI initialized successfully
2025-07-25 22:33:45,647 INFO com.leroy.inventorymanagementfx.InventoryApplication [JavaFX Application Thread] Application added to System Tray.
2025-07-25 22:33:45,731 INFO com.leroy.inventorymanagementfx.controller.MainController [JavaFX Application Thread] Topbar notification count bound successfully to NotificationStompClient.
2025-07-25 22:33:51,006 DEBUG com.leroy.inventorymanagementfx.controller.MainController [JavaFX Application Thread] Adding current page storekeeper-dashboard to back stack
2025-07-25 22:33:51,283 INFO com.leroy.inventorymanagementfx.controller.MainController [JavaFX Application Thread] Successfully loaded view: transaction-report
2025-07-25 22:34:12,959 ERROR com.leroy.inventorymanagementfx.controller.storekeeper.TransactionReportController [ForkJoinPool.commonPool-worker-1] Error parsing transaction report: Cannot deserialize value of type `java.util.ArrayList<com.leroy.inventorymanagementfx.dto.report.TransactionReportDto>` from Object value (token `JsonToken.START_OBJECT`)
 at [Source: REDACTED (`StreamReadFeature.INCLUDE_SOURCE_IN_LOCATION` disabled); line: 1, column: 1]
com.fasterxml.jackson.databind.exc.MismatchedInputException: Cannot deserialize value of type `java.util.ArrayList<com.leroy.inventorymanagementfx.dto.report.TransactionReportDto>` from Object value (token `JsonToken.START_OBJECT`)
 at [Source: REDACTED (`StreamReadFeature.INCLUDE_SOURCE_IN_LOCATION` disabled); line: 1, column: 1]
	at com.fasterxml.jackson.databind.exc.MismatchedInputException.from(MismatchedInputException.java:59) ~[jackson-databind-2.17.1.jar:2.17.1]
	at com.fasterxml.jackson.databind.DeserializationContext.reportInputMismatch(DeserializationContext.java:1767) ~[jackson-databind-2.17.1.jar:2.17.1]
	at com.fasterxml.jackson.databind.DeserializationContext.handleUnexpectedToken(DeserializationContext.java:1541) ~[jackson-databind-2.17.1.jar:2.17.1]
	at com.fasterxml.jackson.databind.DeserializationContext.handleUnexpectedToken(DeserializationContext.java:1488) ~[jackson-databind-2.17.1.jar:2.17.1]
	at com.fasterxml.jackson.databind.deser.std.CollectionDeserializer.handleNonArray(CollectionDeserializer.java:402) ~[jackson-databind-2.17.1.jar:2.17.1]
	at com.fasterxml.jackson.databind.deser.std.CollectionDeserializer.deserialize(CollectionDeserializer.java:254) ~[jackson-databind-2.17.1.jar:2.17.1]
	at com.fasterxml.jackson.databind.deser.std.CollectionDeserializer.deserialize(CollectionDeserializer.java:30) ~[jackson-databind-2.17.1.jar:2.17.1]
	at com.fasterxml.jackson.databind.deser.DefaultDeserializationContext.readRootValue(DefaultDeserializationContext.java:342) ~[jackson-databind-2.17.1.jar:2.17.1]
	at com.fasterxml.jackson.databind.ObjectMapper._readMapAndClose(ObjectMapper.java:4905) ~[jackson-databind-2.17.1.jar:2.17.1]
	at com.fasterxml.jackson.databind.ObjectMapper.readValue(ObjectMapper.java:3848) ~[jackson-databind-2.17.1.jar:2.17.1]
	at com.fasterxml.jackson.databind.ObjectMapper.readValue(ObjectMapper.java:3831) ~[jackson-databind-2.17.1.jar:2.17.1]
	at com.leroy.inventorymanagementfx.controller.storekeeper.TransactionReportController.lambda$loadTransactionReportData$0(TransactionReportController.java:242) [main/:?]
	at java.base/java.util.concurrent.CompletableFuture$UniAccept.tryFire(CompletableFuture.java:764) [?:?]
	at java.base/java.util.concurrent.CompletableFuture.postComplete(CompletableFuture.java:556) [?:?]
	at java.base/java.util.concurrent.CompletableFuture.postFire(CompletableFuture.java:660) [?:?]
	at java.base/java.util.concurrent.CompletableFuture$UniWhenComplete.tryFire(CompletableFuture.java:890) [?:?]
	at java.base/java.util.concurrent.CompletableFuture$Completion.exec(CompletableFuture.java:529) [?:?]
	at java.base/java.util.concurrent.ForkJoinTask.doExec(ForkJoinTask.java:507) [?:?]
	at java.base/java.util.concurrent.ForkJoinPool$WorkQueue.topLevelExec(ForkJoinPool.java:1394) [?:?]
	at java.base/java.util.concurrent.ForkJoinPool.runWorker(ForkJoinPool.java:1970) [?:?]
	at java.base/java.util.concurrent.ForkJoinWorkerThread.run(ForkJoinWorkerThread.java:187) [?:?]
2025-07-25 22:50:07,183 DEBUG com.leroy.inventorymanagementfx.controller.MainController [JavaFX Application Thread] Adding current page transaction-report to back stack
2025-07-25 22:50:07,436 INFO com.leroy.inventorymanagementfx.controller.MainController [JavaFX Application Thread] Successfully loaded view: user-report
2025-07-25 22:53:25,035 INFO com.leroy.inventorymanagementfx.InventoryApplication [main] Inventory Management Application starting up
2025-07-25 22:53:27,275 INFO com.leroy.inventorymanagementfx.InventoryApplication [JavaFX Application Thread] Starting Inventory Management Application
2025-07-25 22:53:27,677 INFO com.leroy.inventorymanagementfx.security.UserSession [JavaFX Application Thread] Loaded existing session for user Dennis (ID: 2, Role: STOREKEEPER)
2025-07-25 22:53:28,757 INFO com.leroy.inventorymanagementfx.service.NotificationStompClient [JavaFX Application Thread] Attempting to connect STOMP client to: ws://localhost:8080/ws-notifications
2025-07-25 22:53:28,758 DEBUG com.leroy.inventorymanagementfx.InventoryApplication [JavaFX Application Thread] Loading main FXML file
2025-07-25 22:53:32,317 INFO com.leroy.inventorymanagementfx.controller.MainController [JavaFX Application Thread] MainController initialized. User Role: STOREKEEPER
2025-07-25 22:53:33,002 INFO com.leroy.inventorymanagementfx.controller.MainController [JavaFX Application Thread] NotificationStompClient set in MainController.
2025-07-25 22:53:33,003 WARN com.leroy.inventorymanagementfx.controller.MainController [JavaFX Application Thread] NotificationStompClient set, but topbar not yet loaded. Binding will occur when topbar is available.
2025-07-25 22:53:35,315 INFO com.leroy.inventorymanagementfx.service.NotificationStompClient [Grizzly(2)] STOMP Connected to: 02cce242-79fe-167c-7337-4e43ffc1d93b
2025-07-25 22:53:35,318 INFO com.leroy.inventorymanagementfx.service.NotificationStompClient [Grizzly(2)] Subscribing to STOMP topic: /topic/notifications/user-2
2025-07-25 22:53:35,734 INFO com.leroy.inventorymanagementfx.controller.MainController [JavaFX Application Thread] Successfully loaded view: storekeeper-dashboard
2025-07-25 22:53:35,740 INFO com.leroy.inventorymanagementfx.InventoryApplication [JavaFX Application Thread] Application icon set successfully from: file:/C:/Users/Evans%20Kojo%20Aidoo/Desktop/JavaProjectOriginal/InventoryManagementFx/build/resources/main/static/images/inventoryfxico.ico
2025-07-25 22:53:36,494 INFO com.leroy.inventorymanagementfx.InventoryApplication [JavaFX Application Thread] Application UI initialized successfully
2025-07-25 22:53:36,936 INFO com.leroy.inventorymanagementfx.InventoryApplication [JavaFX Application Thread] Application added to System Tray.
2025-07-25 22:53:37,005 INFO com.leroy.inventorymanagementfx.controller.MainController [JavaFX Application Thread] Topbar notification count bound successfully to NotificationStompClient.
2025-07-25 22:54:36,812 DEBUG com.leroy.inventorymanagementfx.controller.MainController [JavaFX Application Thread] Adding current page storekeeper-dashboard to back stack
2025-07-25 22:54:36,933 INFO com.leroy.inventorymanagementfx.controller.MainController [JavaFX Application Thread] Successfully loaded view: user-report
2025-07-25 22:55:35,815 DEBUG com.leroy.inventorymanagementfx.controller.MainController [JavaFX Application Thread] Adding current page user-report to back stack
2025-07-25 22:55:36,153 INFO com.leroy.inventorymanagementfx.controller.MainController [JavaFX Application Thread] Successfully loaded view: storekeeper-requests-view
2025-07-25 22:55:37,530 INFO com.leroy.inventorymanagementfx.controller.storekeeper.StorekeeperRequestsController [JavaFX Application Thread] Successfully loaded 1 requests for storekeeper.
2025-07-25 23:04:54,079 INFO com.leroy.inventorymanagementfx.controller.MainController [JavaFX Application Thread] Successfully loaded view: storekeeper-requests-view
2025-07-25 23:05:02,953 DEBUG com.leroy.inventorymanagementfx.controller.MainController [JavaFX Application Thread] Adding current page storekeeper-requests-view to back stack
2025-07-25 23:05:16,127 INFO com.leroy.inventorymanagementfx.controller.MainController [JavaFX Application Thread] Successfully loaded view: storekeeper-inventory-items
2025-07-25 23:05:20,290 INFO com.leroy.inventorymanagementfx.controller.storekeeper.InventoryItemsController [JavaFX Application Thread] [{"id":1,"name":"A4 Sheets","description":"","unit":"reams","imagePath":"images/Directorate_of_Finance/1753474988282_a4 sheets.jpg","reorderLevel":20,"quantity":45},{"id":2,"name":"Blue Pen","description":"","unit":"pcs","imagePath":"images/Directorate_of_Finance/1753475090200_blue pen.jpg","reorderLevel":10,"quantity":29}]
2025-07-25 23:05:20,297 INFO com.leroy.inventorymanagementfx.controller.storekeeper.InventoryItemsController [JavaFX Application Thread] Id: 1Name: A4 SheetsPathimages/Directorate_of_Finance/1753474988282_a4 sheets.jpgReorder Level20
2025-07-25 23:05:20,300 INFO com.leroy.inventorymanagementfx.controller.storekeeper.InventoryItemsController [JavaFX Application Thread] Id: 2Name: Blue PenPathimages/Directorate_of_Finance/1753475090200_blue pen.jpgReorder Level10
2025-07-25 23:05:20,536 INFO com.leroy.inventorymanagementfx.controller.InventoryItemCardController [JavaFX Application Thread] Image path: images/Directorate_of_Finance/1753474988282_a4 sheets.jpg
2025-07-25 23:05:20,686 INFO com.leroy.inventorymanagementfx.controller.InventoryItemCardController [JavaFX Application Thread] Image: file:/C:/Users/Evans%20Kojo%20Aidoo/Desktop/JavaProjectOriginal/InventoryManagementFx/images/Directorate_of_Finance/1753474988282_a4%20sheets.jpg
2025-07-25 23:05:20,835 INFO com.leroy.inventorymanagementfx.controller.InventoryItemCardController [JavaFX Application Thread] Image path: images/Directorate_of_Finance/1753475090200_blue pen.jpg
2025-07-25 23:05:20,909 INFO com.leroy.inventorymanagementfx.controller.InventoryItemCardController [JavaFX Application Thread] Image: file:/C:/Users/Evans%20Kojo%20Aidoo/Desktop/JavaProjectOriginal/InventoryManagementFx/images/Directorate_of_Finance/1753475090200_blue%20pen.jpg
2025-07-25 23:05:21,083 INFO com.leroy.inventorymanagementfx.controller.storekeeper.StorekeeperRequestsController [JavaFX Application Thread] Successfully loaded 1 requests for storekeeper.
2025-07-25 23:05:21,086 DEBUG com.leroy.inventorymanagementfx.controller.MainController [JavaFX Application Thread] Adding current page storekeeper-inventory-items to back stack
2025-07-25 23:05:21,170 INFO com.leroy.inventorymanagementfx.controller.MainController [JavaFX Application Thread] Successfully loaded view: storekeeper-requests-view
2025-07-25 23:05:22,609 INFO com.leroy.inventorymanagementfx.controller.storekeeper.StorekeeperRequestsController [JavaFX Application Thread] Successfully loaded 1 requests for storekeeper.
2025-07-25 23:06:11,073 DEBUG com.leroy.inventorymanagementfx.controller.MainController [JavaFX Application Thread] Adding current page storekeeper-requests-view to back stack
2025-07-25 23:06:11,148 INFO com.leroy.inventorymanagementfx.controller.MainController [JavaFX Application Thread] Successfully loaded view: transaction-report
2025-07-25 23:10:37,702 DEBUG com.leroy.inventorymanagementfx.controller.MainController [JavaFX Application Thread] Adding current page transaction-report to back stack
2025-07-25 23:10:37,857 INFO com.leroy.inventorymanagementfx.controller.MainController [JavaFX Application Thread] Successfully loaded view: storekeeper-requests-view
2025-07-25 23:10:39,310 INFO com.leroy.inventorymanagementfx.controller.storekeeper.StorekeeperRequestsController [JavaFX Application Thread] Successfully loaded 1 requests for storekeeper.
2025-07-25 23:10:49,285 DEBUG com.leroy.inventorymanagementfx.controller.MainController [JavaFX Application Thread] Adding current page storekeeper-requests-view to back stack
2025-07-25 23:10:49,378 INFO com.leroy.inventorymanagementfx.controller.MainController [JavaFX Application Thread] Successfully loaded view: storekeeper-dashboard
2025-07-25 23:10:57,037 DEBUG com.leroy.inventorymanagementfx.controller.MainController [JavaFX Application Thread] Adding current page storekeeper-dashboard to back stack
2025-07-25 23:10:57,469 INFO com.leroy.inventorymanagementfx.controller.MainController [JavaFX Application Thread] Successfully loaded view: inventory-summary-report
2025-07-25 23:11:13,312 DEBUG com.leroy.inventorymanagementfx.service.storekeeper.InventorySummaryReportService [JavaFX Application Thread] Sending Inventory Summary Report request: {"year":2025,"startYear":null,"endYear":null,"startDate":null,"endDate":null,"inventorySummaryType":"BY_QUANTITY","costFlowMethod":null}
2025-07-25 23:11:34,442 DEBUG com.leroy.inventorymanagementfx.service.storekeeper.InventorySummaryReportService [JavaFX Application Thread] Sending Inventory Summary Report request: {"year":2025,"startYear":null,"endYear":null,"startDate":null,"endDate":null,"inventorySummaryType":"BY_VALUE","costFlowMethod":"FIFO"}
2025-07-25 23:11:36,148 ERROR com.leroy.inventorymanagementfx.controller.storekeeper.InventorySummaryReportController [ForkJoinPool.commonPool-worker-4] Failed to fetch inventory summary report. Status: 400, Body: {"error_description":"No parameter named ':start' in query with named parameters [itemId, endDate, deptId, startDate]","error":"Bad Request","message":"No parameter named ':start' in query with named parameters [itemId, endDate, deptId, startDate]","timestamp":"2025-07-25T23:11:35.90204551","status":400}
2025-07-25 23:11:43,851 DEBUG com.leroy.inventorymanagementfx.service.storekeeper.InventorySummaryReportService [JavaFX Application Thread] Sending Inventory Summary Report request: {"year":2025,"startYear":null,"endYear":null,"startDate":null,"endDate":null,"inventorySummaryType":"BY_VALUE","costFlowMethod":"AVG"}
2025-07-25 23:16:05,396 DEBUG com.leroy.inventorymanagementfx.service.storekeeper.InventorySummaryReportService [JavaFX Application Thread] Sending Inventory Summary Report request: null
2025-07-25 23:16:06,727 ERROR com.leroy.inventorymanagementfx.controller.storekeeper.InventorySummaryReportController [ForkJoinPool.commonPool-worker-5] Failed to fetch inventory summary report. Status: 500, Body: {"error_description":"An unexpected error occurred","error":"Internal Server Error","message":"An unexpected error occurred","timestamp":"2025-07-25T23:16:06.665531755","status":500}
2025-07-25 23:16:22,278 DEBUG com.leroy.inventorymanagementfx.service.storekeeper.InventorySummaryReportService [JavaFX Application Thread] Sending Inventory Summary Report request: {"year":2025,"startYear":null,"endYear":null,"startDate":null,"endDate":null,"inventorySummaryType":"BY_VALUE","costFlowMethod":"FIFO"}
2025-07-25 23:16:22,587 ERROR com.leroy.inventorymanagementfx.controller.storekeeper.InventorySummaryReportController [ForkJoinPool.commonPool-worker-5] Failed to fetch inventory summary report. Status: 400, Body: {"error_description":"No parameter named ':start' in query with named parameters [itemId, endDate, deptId, startDate]","error":"Bad Request","message":"No parameter named ':start' in query with named parameters [itemId, endDate, deptId, startDate]","timestamp":"2025-07-25T23:16:22.581951178","status":400}
2025-07-25 23:16:27,658 DEBUG com.leroy.inventorymanagementfx.service.storekeeper.InventorySummaryReportService [JavaFX Application Thread] Sending Inventory Summary Report request: {"year":2025,"startYear":null,"endYear":null,"startDate":null,"endDate":null,"inventorySummaryType":"BY_VALUE","costFlowMethod":"AVG"}
2025-07-25 23:18:21,864 DEBUG com.leroy.inventorymanagementfx.service.storekeeper.InventorySummaryReportService [JavaFX Application Thread] Sending Inventory Summary Report request: {"year":2025,"startYear":null,"endYear":null,"startDate":null,"endDate":null,"inventorySummaryType":"BY_VALUE","costFlowMethod":"AVG"}
2025-07-25 23:19:11,435 DEBUG com.leroy.inventorymanagementfx.controller.MainController [JavaFX Application Thread] Adding current page inventory-summary-report to back stack
2025-07-25 23:19:11,971 INFO com.leroy.inventorymanagementfx.service.admin.DepartmentService [JavaFX Application Thread] Fetching user department
2025-07-25 23:19:12,194 INFO com.leroy.inventorymanagementfx.service.admin.DepartmentService [ForkJoinPool.commonPool-worker-6] Successfully fetched user department
2025-07-25 23:19:12,195 INFO com.leroy.inventorymanagementfx.controller.storekeeper.AddInventoryItemController [JavaFX Application Thread] User department fetched: Directorate of Finance
2025-07-25 23:19:12,213 INFO com.leroy.inventorymanagementfx.controller.MainController [JavaFX Application Thread] Successfully loaded view: storekeeper-add-inventory
2025-07-25 23:19:45,021 INFO com.leroy.inventorymanagementfx.util.ImageStorageService [JavaFX Application Thread] Image saved to: images/Directorate_of_Finance/1753485584987_black pen.jpg
2025-07-25 23:19:45,164 INFO com.leroy.inventorymanagementfx.service.storekeeper.InventoryItemService [JavaFX Application Thread] Creating inventory item
2025-07-25 23:19:48,380 INFO com.leroy.inventorymanagementfx.service.storekeeper.InventoryItemService [ForkJoinPool.commonPool-worker-6] Inventory item created successfully: Black Pen
2025-07-25 23:20:29,464 INFO com.leroy.inventorymanagementfx.util.ImageStorageService [JavaFX Application Thread] Image saved to: images/Directorate_of_Finance/1753485629460_arc file.jpg
2025-07-25 23:20:29,493 INFO com.leroy.inventorymanagementfx.service.storekeeper.InventoryItemService [JavaFX Application Thread] Creating inventory item
2025-07-25 23:20:29,961 INFO com.leroy.inventorymanagementfx.service.storekeeper.InventoryItemService [ForkJoinPool.commonPool-worker-6] Inventory item created successfully: Arc File
2025-07-25 23:20:33,300 DEBUG com.leroy.inventorymanagementfx.controller.MainController [JavaFX Application Thread] Adding current page storekeeper-add-inventory to back stack
2025-07-25 23:20:33,351 INFO com.leroy.inventorymanagementfx.controller.MainController [JavaFX Application Thread] Successfully loaded view: storekeeper-inventory-items
2025-07-25 23:20:35,042 INFO com.leroy.inventorymanagementfx.controller.storekeeper.InventoryItemsController [JavaFX Application Thread] [{"id":1,"name":"A4 Sheets","description":"","unit":"reams","imagePath":"images/Directorate_of_Finance/1753474988282_a4 sheets.jpg","reorderLevel":20,"quantity":45},{"id":2,"name":"Blue Pen","description":"","unit":"pcs","imagePath":"images/Directorate_of_Finance/1753475090200_blue pen.jpg","reorderLevel":10,"quantity":29},{"id":3,"name":"Black Pen","description":"","unit":"pcs","imagePath":"images/Directorate_of_Finance/1753485584987_black pen.jpg","reorderLevel":5,"quantity":0},{"id":4,"name":"Arc File","description":"","unit":"pcs","imagePath":"images/Directorate_of_Finance/1753485629460_arc file.jpg","reorderLevel":20,"quantity":0}]
2025-07-25 23:20:35,043 INFO com.leroy.inventorymanagementfx.controller.storekeeper.InventoryItemsController [JavaFX Application Thread] Id: 1Name: A4 SheetsPathimages/Directorate_of_Finance/1753474988282_a4 sheets.jpgReorder Level20
2025-07-25 23:20:35,045 INFO com.leroy.inventorymanagementfx.controller.storekeeper.InventoryItemsController [JavaFX Application Thread] Id: 2Name: Blue PenPathimages/Directorate_of_Finance/1753475090200_blue pen.jpgReorder Level10
2025-07-25 23:20:35,047 INFO com.leroy.inventorymanagementfx.controller.storekeeper.InventoryItemsController [JavaFX Application Thread] Id: 3Name: Black PenPathimages/Directorate_of_Finance/1753485584987_black pen.jpgReorder Level5
2025-07-25 23:20:35,049 INFO com.leroy.inventorymanagementfx.controller.storekeeper.InventoryItemsController [JavaFX Application Thread] Id: 4Name: Arc FilePathimages/Directorate_of_Finance/1753485629460_arc file.jpgReorder Level20
2025-07-25 23:20:35,082 INFO com.leroy.inventorymanagementfx.controller.InventoryItemCardController [JavaFX Application Thread] Image path: images/Directorate_of_Finance/1753474988282_a4 sheets.jpg
2025-07-25 23:20:35,104 INFO com.leroy.inventorymanagementfx.controller.InventoryItemCardController [JavaFX Application Thread] Image: file:/C:/Users/Evans%20Kojo%20Aidoo/Desktop/JavaProjectOriginal/InventoryManagementFx/images/Directorate_of_Finance/1753474988282_a4%20sheets.jpg
2025-07-25 23:20:35,134 INFO com.leroy.inventorymanagementfx.controller.InventoryItemCardController [JavaFX Application Thread] Image path: images/Directorate_of_Finance/1753475090200_blue pen.jpg
2025-07-25 23:20:35,196 INFO com.leroy.inventorymanagementfx.controller.InventoryItemCardController [JavaFX Application Thread] Image: file:/C:/Users/Evans%20Kojo%20Aidoo/Desktop/JavaProjectOriginal/InventoryManagementFx/images/Directorate_of_Finance/1753475090200_blue%20pen.jpg
2025-07-25 23:20:35,226 INFO com.leroy.inventorymanagementfx.controller.InventoryItemCardController [JavaFX Application Thread] Image path: images/Directorate_of_Finance/1753485584987_black pen.jpg
2025-07-25 23:20:35,337 INFO com.leroy.inventorymanagementfx.controller.InventoryItemCardController [JavaFX Application Thread] Image: file:/C:/Users/Evans%20Kojo%20Aidoo/Desktop/JavaProjectOriginal/InventoryManagementFx/images/Directorate_of_Finance/1753485584987_black%20pen.jpg
2025-07-25 23:20:35,369 INFO com.leroy.inventorymanagementfx.controller.InventoryItemCardController [JavaFX Application Thread] Image path: images/Directorate_of_Finance/1753485629460_arc file.jpg
2025-07-25 23:20:35,464 INFO com.leroy.inventorymanagementfx.controller.InventoryItemCardController [JavaFX Application Thread] Image: file:/C:/Users/Evans%20Kojo%20Aidoo/Desktop/JavaProjectOriginal/InventoryManagementFx/images/Directorate_of_Finance/1753485629460_arc%20file.jpg
2025-07-25 23:20:50,748 INFO com.leroy.inventorymanagementfx.controller.InventoryItemCardController [JavaFX Application Thread] Updating item: Blue Pen with new values: Blue Pen=pcs
2025-07-25 23:20:57,558 INFO com.leroy.inventorymanagementfx.controller.storekeeper.InventoryItemsController [JavaFX Application Thread] [{"id":1,"name":"A4 Sheets","description":"","unit":"reams","imagePath":"images/Directorate_of_Finance/1753474988282_a4 sheets.jpg","reorderLevel":20,"quantity":45},{"id":2,"name":"Blue Pen","description":"","unit":"pcs","imagePath":"images/Directorate_of_Finance/1753475090200_blue pen.jpg","reorderLevel":10,"quantity":29},{"id":3,"name":"Black Pen","description":"","unit":"pcs","imagePath":"images/Directorate_of_Finance/1753485584987_black pen.jpg","reorderLevel":5,"quantity":0},{"id":4,"name":"Arc File","description":"","unit":"pcs","imagePath":"images/Directorate_of_Finance/1753485629460_arc file.jpg","reorderLevel":20,"quantity":0}]
2025-07-25 23:20:57,559 INFO com.leroy.inventorymanagementfx.controller.storekeeper.InventoryItemsController [JavaFX Application Thread] Id: 1Name: A4 SheetsPathimages/Directorate_of_Finance/1753474988282_a4 sheets.jpgReorder Level20
2025-07-25 23:20:57,559 INFO com.leroy.inventorymanagementfx.controller.storekeeper.InventoryItemsController [JavaFX Application Thread] Id: 2Name: Blue PenPathimages/Directorate_of_Finance/1753475090200_blue pen.jpgReorder Level10
2025-07-25 23:20:57,559 INFO com.leroy.inventorymanagementfx.controller.storekeeper.InventoryItemsController [JavaFX Application Thread] Id: 3Name: Black PenPathimages/Directorate_of_Finance/1753485584987_black pen.jpgReorder Level5
2025-07-25 23:20:57,559 INFO com.leroy.inventorymanagementfx.controller.storekeeper.InventoryItemsController [JavaFX Application Thread] Id: 4Name: Arc FilePathimages/Directorate_of_Finance/1753485629460_arc file.jpgReorder Level20
2025-07-25 23:20:57,578 INFO com.leroy.inventorymanagementfx.controller.InventoryItemCardController [JavaFX Application Thread] Image path: images/Directorate_of_Finance/1753474988282_a4 sheets.jpg
2025-07-25 23:20:57,604 INFO com.leroy.inventorymanagementfx.controller.InventoryItemCardController [JavaFX Application Thread] Image: file:/C:/Users/Evans%20Kojo%20Aidoo/Desktop/JavaProjectOriginal/InventoryManagementFx/images/Directorate_of_Finance/1753474988282_a4%20sheets.jpg
2025-07-25 23:20:57,654 INFO com.leroy.inventorymanagementfx.controller.InventoryItemCardController [JavaFX Application Thread] Image path: images/Directorate_of_Finance/1753485629460_arc file.jpg
2025-07-25 23:20:57,745 INFO com.leroy.inventorymanagementfx.controller.InventoryItemCardController [JavaFX Application Thread] Image: file:/C:/Users/Evans%20Kojo%20Aidoo/Desktop/JavaProjectOriginal/InventoryManagementFx/images/Directorate_of_Finance/1753485629460_arc%20file.jpg
2025-07-25 23:20:57,774 INFO com.leroy.inventorymanagementfx.controller.InventoryItemCardController [JavaFX Application Thread] Image path: images/Directorate_of_Finance/1753485584987_black pen.jpg
2025-07-25 23:20:57,847 INFO com.leroy.inventorymanagementfx.controller.InventoryItemCardController [JavaFX Application Thread] Image: file:/C:/Users/Evans%20Kojo%20Aidoo/Desktop/JavaProjectOriginal/InventoryManagementFx/images/Directorate_of_Finance/1753485584987_black%20pen.jpg
2025-07-25 23:20:57,875 INFO com.leroy.inventorymanagementfx.controller.InventoryItemCardController [JavaFX Application Thread] Image path: images/Directorate_of_Finance/1753475090200_blue pen.jpg
2025-07-25 23:20:57,971 INFO com.leroy.inventorymanagementfx.controller.InventoryItemCardController [JavaFX Application Thread] Image: file:/C:/Users/Evans%20Kojo%20Aidoo/Desktop/JavaProjectOriginal/InventoryManagementFx/images/Directorate_of_Finance/1753475090200_blue%20pen.jpg
2025-07-25 23:21:24,047 INFO com.leroy.inventorymanagementfx.controller.storekeeper.InventoryItemsController [JavaFX Application Thread] [{"id":1,"name":"A4 Sheets","description":"","unit":"reams","imagePath":"images/Directorate_of_Finance/1753474988282_a4 sheets.jpg","reorderLevel":20,"quantity":45},{"id":2,"name":"Blue Pen","description":"","unit":"pcs","imagePath":"images/Directorate_of_Finance/1753475090200_blue pen.jpg","reorderLevel":10,"quantity":29},{"id":3,"name":"Black Pen","description":"","unit":"pcs","imagePath":"images/Directorate_of_Finance/1753485584987_black pen.jpg","reorderLevel":5,"quantity":0},{"id":4,"name":"Arc File","description":"","unit":"pcs","imagePath":"images/Directorate_of_Finance/1753485629460_arc file.jpg","reorderLevel":20,"quantity":0}]
2025-07-25 23:21:24,048 INFO com.leroy.inventorymanagementfx.controller.storekeeper.InventoryItemsController [JavaFX Application Thread] Id: 1Name: A4 SheetsPathimages/Directorate_of_Finance/1753474988282_a4 sheets.jpgReorder Level20
2025-07-25 23:21:24,048 INFO com.leroy.inventorymanagementfx.controller.storekeeper.InventoryItemsController [JavaFX Application Thread] Id: 2Name: Blue PenPathimages/Directorate_of_Finance/1753475090200_blue pen.jpgReorder Level10
2025-07-25 23:21:24,048 INFO com.leroy.inventorymanagementfx.controller.storekeeper.InventoryItemsController [JavaFX Application Thread] Id: 3Name: Black PenPathimages/Directorate_of_Finance/1753485584987_black pen.jpgReorder Level5
2025-07-25 23:21:24,049 INFO com.leroy.inventorymanagementfx.controller.storekeeper.InventoryItemsController [JavaFX Application Thread] Id: 4Name: Arc FilePathimages/Directorate_of_Finance/1753485629460_arc file.jpgReorder Level20
2025-07-25 23:21:24,060 INFO com.leroy.inventorymanagementfx.controller.InventoryItemCardController [JavaFX Application Thread] Image path: images/Directorate_of_Finance/1753474988282_a4 sheets.jpg
2025-07-25 23:21:24,094 INFO com.leroy.inventorymanagementfx.controller.InventoryItemCardController [JavaFX Application Thread] Image: file:/C:/Users/Evans%20Kojo%20Aidoo/Desktop/JavaProjectOriginal/InventoryManagementFx/images/Directorate_of_Finance/1753474988282_a4%20sheets.jpg
2025-07-25 23:21:24,118 INFO com.leroy.inventorymanagementfx.controller.InventoryItemCardController [JavaFX Application Thread] Image path: images/Directorate_of_Finance/1753485629460_arc file.jpg
2025-07-25 23:21:24,176 INFO com.leroy.inventorymanagementfx.controller.InventoryItemCardController [JavaFX Application Thread] Image: file:/C:/Users/Evans%20Kojo%20Aidoo/Desktop/JavaProjectOriginal/InventoryManagementFx/images/Directorate_of_Finance/1753485629460_arc%20file.jpg
2025-07-25 23:21:24,189 INFO com.leroy.inventorymanagementfx.controller.InventoryItemCardController [JavaFX Application Thread] Image path: images/Directorate_of_Finance/1753485584987_black pen.jpg
2025-07-25 23:21:24,231 INFO com.leroy.inventorymanagementfx.controller.InventoryItemCardController [JavaFX Application Thread] Image: file:/C:/Users/Evans%20Kojo%20Aidoo/Desktop/JavaProjectOriginal/InventoryManagementFx/images/Directorate_of_Finance/1753485584987_black%20pen.jpg
2025-07-25 23:21:24,237 INFO com.leroy.inventorymanagementfx.controller.InventoryItemCardController [JavaFX Application Thread] Image path: images/Directorate_of_Finance/1753475090200_blue pen.jpg
2025-07-25 23:21:24,263 INFO com.leroy.inventorymanagementfx.controller.InventoryItemCardController [JavaFX Application Thread] Image: file:/C:/Users/Evans%20Kojo%20Aidoo/Desktop/JavaProjectOriginal/InventoryManagementFx/images/Directorate_of_Finance/1753475090200_blue%20pen.jpg
2025-07-25 23:21:50,427 INFO com.leroy.inventorymanagementfx.controller.InventoryItemCardController [JavaFX Application Thread] Updating item: Blue Pen with new values: Blue Pen=pcs
2025-07-25 23:21:57,907 INFO com.leroy.inventorymanagementfx.controller.storekeeper.InventoryItemsController [JavaFX Application Thread] [{"id":1,"name":"A4 Sheets","description":"","unit":"reams","imagePath":"images/Directorate_of_Finance/1753474988282_a4 sheets.jpg","reorderLevel":20,"quantity":45},{"id":2,"name":"Blue Pen","description":"","unit":"pcs","imagePath":"images/Directorate_of_Finance/1753475090200_blue pen.jpg","reorderLevel":10,"quantity":29},{"id":3,"name":"Black Pen","description":"","unit":"pcs","imagePath":"images/Directorate_of_Finance/1753485584987_black pen.jpg","reorderLevel":5,"quantity":0},{"id":4,"name":"Arc File","description":"","unit":"pcs","imagePath":"images/Directorate_of_Finance/1753485629460_arc file.jpg","reorderLevel":20,"quantity":0}]
2025-07-25 23:21:57,907 INFO com.leroy.inventorymanagementfx.controller.storekeeper.InventoryItemsController [JavaFX Application Thread] Id: 1Name: A4 SheetsPathimages/Directorate_of_Finance/1753474988282_a4 sheets.jpgReorder Level20
2025-07-25 23:21:57,908 INFO com.leroy.inventorymanagementfx.controller.storekeeper.InventoryItemsController [JavaFX Application Thread] Id: 2Name: Blue PenPathimages/Directorate_of_Finance/1753475090200_blue pen.jpgReorder Level10
2025-07-25 23:21:57,908 INFO com.leroy.inventorymanagementfx.controller.storekeeper.InventoryItemsController [JavaFX Application Thread] Id: 3Name: Black PenPathimages/Directorate_of_Finance/1753485584987_black pen.jpgReorder Level5
2025-07-25 23:21:57,908 INFO com.leroy.inventorymanagementfx.controller.storekeeper.InventoryItemsController [JavaFX Application Thread] Id: 4Name: Arc FilePathimages/Directorate_of_Finance/1753485629460_arc file.jpgReorder Level20
2025-07-25 23:21:57,918 INFO com.leroy.inventorymanagementfx.controller.InventoryItemCardController [JavaFX Application Thread] Image path: images/Directorate_of_Finance/1753474988282_a4 sheets.jpg
2025-07-25 23:21:57,929 INFO com.leroy.inventorymanagementfx.controller.InventoryItemCardController [JavaFX Application Thread] Image: file:/C:/Users/Evans%20Kojo%20Aidoo/Desktop/JavaProjectOriginal/InventoryManagementFx/images/Directorate_of_Finance/1753474988282_a4%20sheets.jpg
2025-07-25 23:21:57,942 INFO com.leroy.inventorymanagementfx.controller.InventoryItemCardController [JavaFX Application Thread] Image path: images/Directorate_of_Finance/1753485629460_arc file.jpg
2025-07-25 23:21:57,984 INFO com.leroy.inventorymanagementfx.controller.InventoryItemCardController [JavaFX Application Thread] Image: file:/C:/Users/Evans%20Kojo%20Aidoo/Desktop/JavaProjectOriginal/InventoryManagementFx/images/Directorate_of_Finance/1753485629460_arc%20file.jpg
2025-07-25 23:21:57,990 INFO com.leroy.inventorymanagementfx.controller.InventoryItemCardController [JavaFX Application Thread] Image path: images/Directorate_of_Finance/1753485584987_black pen.jpg
2025-07-25 23:21:58,033 INFO com.leroy.inventorymanagementfx.controller.InventoryItemCardController [JavaFX Application Thread] Image: file:/C:/Users/Evans%20Kojo%20Aidoo/Desktop/JavaProjectOriginal/InventoryManagementFx/images/Directorate_of_Finance/1753485584987_black%20pen.jpg
2025-07-25 23:21:58,041 INFO com.leroy.inventorymanagementfx.controller.InventoryItemCardController [JavaFX Application Thread] Image path: images/Directorate_of_Finance/1753475090200_blue pen.jpg
2025-07-25 23:21:58,084 INFO com.leroy.inventorymanagementfx.controller.InventoryItemCardController [JavaFX Application Thread] Image: file:/C:/Users/Evans%20Kojo%20Aidoo/Desktop/JavaProjectOriginal/InventoryManagementFx/images/Directorate_of_Finance/1753475090200_blue%20pen.jpg
2025-07-25 23:22:00,260 INFO com.leroy.inventorymanagementfx.controller.storekeeper.InventoryItemsController [JavaFX Application Thread] [{"id":1,"name":"A4 Sheets","description":"","unit":"reams","imagePath":"images/Directorate_of_Finance/1753474988282_a4 sheets.jpg","reorderLevel":20,"quantity":45},{"id":2,"name":"Blue Pen","description":"","unit":"pcs","imagePath":"images/Directorate_of_Finance/1753475090200_blue pen.jpg","reorderLevel":10,"quantity":29},{"id":3,"name":"Black Pen","description":"","unit":"pcs","imagePath":"images/Directorate_of_Finance/1753485584987_black pen.jpg","reorderLevel":5,"quantity":0},{"id":4,"name":"Arc File","description":"","unit":"pcs","imagePath":"images/Directorate_of_Finance/1753485629460_arc file.jpg","reorderLevel":20,"quantity":0}]
2025-07-25 23:22:00,260 INFO com.leroy.inventorymanagementfx.controller.storekeeper.InventoryItemsController [JavaFX Application Thread] Id: 1Name: A4 SheetsPathimages/Directorate_of_Finance/1753474988282_a4 sheets.jpgReorder Level20
2025-07-25 23:22:00,260 INFO com.leroy.inventorymanagementfx.controller.storekeeper.InventoryItemsController [JavaFX Application Thread] Id: 2Name: Blue PenPathimages/Directorate_of_Finance/1753475090200_blue pen.jpgReorder Level10
2025-07-25 23:22:00,261 INFO com.leroy.inventorymanagementfx.controller.storekeeper.InventoryItemsController [JavaFX Application Thread] Id: 3Name: Black PenPathimages/Directorate_of_Finance/1753485584987_black pen.jpgReorder Level5
2025-07-25 23:22:00,261 INFO com.leroy.inventorymanagementfx.controller.storekeeper.InventoryItemsController [JavaFX Application Thread] Id: 4Name: Arc FilePathimages/Directorate_of_Finance/1753485629460_arc file.jpgReorder Level20
2025-07-25 23:22:00,271 INFO com.leroy.inventorymanagementfx.controller.InventoryItemCardController [JavaFX Application Thread] Image path: images/Directorate_of_Finance/1753474988282_a4 sheets.jpg
2025-07-25 23:22:00,286 INFO com.leroy.inventorymanagementfx.controller.InventoryItemCardController [JavaFX Application Thread] Image: file:/C:/Users/Evans%20Kojo%20Aidoo/Desktop/JavaProjectOriginal/InventoryManagementFx/images/Directorate_of_Finance/1753474988282_a4%20sheets.jpg
2025-07-25 23:22:00,311 INFO com.leroy.inventorymanagementfx.controller.InventoryItemCardController [JavaFX Application Thread] Image path: images/Directorate_of_Finance/1753485629460_arc file.jpg
2025-07-25 23:22:00,356 INFO com.leroy.inventorymanagementfx.controller.InventoryItemCardController [JavaFX Application Thread] Image: file:/C:/Users/Evans%20Kojo%20Aidoo/Desktop/JavaProjectOriginal/InventoryManagementFx/images/Directorate_of_Finance/1753485629460_arc%20file.jpg
2025-07-25 23:22:00,363 INFO com.leroy.inventorymanagementfx.controller.InventoryItemCardController [JavaFX Application Thread] Image path: images/Directorate_of_Finance/1753485584987_black pen.jpg
2025-07-25 23:22:00,406 INFO com.leroy.inventorymanagementfx.controller.InventoryItemCardController [JavaFX Application Thread] Image: file:/C:/Users/Evans%20Kojo%20Aidoo/Desktop/JavaProjectOriginal/InventoryManagementFx/images/Directorate_of_Finance/1753485584987_black%20pen.jpg
2025-07-25 23:22:00,419 INFO com.leroy.inventorymanagementfx.controller.InventoryItemCardController [JavaFX Application Thread] Image path: images/Directorate_of_Finance/1753475090200_blue pen.jpg
2025-07-25 23:22:00,452 INFO com.leroy.inventorymanagementfx.controller.InventoryItemCardController [JavaFX Application Thread] Image: file:/C:/Users/Evans%20Kojo%20Aidoo/Desktop/JavaProjectOriginal/InventoryManagementFx/images/Directorate_of_Finance/1753475090200_blue%20pen.jpg
2025-07-25 23:22:22,575 DEBUG com.leroy.inventorymanagementfx.controller.MainController [JavaFX Application Thread] Adding current page storekeeper-inventory-items to back stack
2025-07-25 23:22:22,710 INFO com.leroy.inventorymanagementfx.controller.MainController [JavaFX Application Thread] Successfully loaded view: storekeeper-dashboard
